rainfall_1h,rainfall_3h,rainfall_6h,rainfall_12h,rainfall_24h,rainfall_3d,rainfall_7d,max_rainfall_intensity,antecedent_rainfall_index,temperature,humidity,wind_speed,elevation,slope,aspect,plan_curvature,profile_curvature,soil_moisture,vegetation_density,soil_type_code,land_cover_code,geology_strength,previous_landslides,landslide,true_probability
17.55,40.8,68.6,85.08,109.18,145.1,231.39,23.06,132.34,6.3,89.6,13.0,1604.3,9.88,340.7,-0.0006,0.0799,0.95,0.715,4,3,2,2,1,1.0
1.1,3.01,4.65,7.68,11.36,14.9,24.16,1.65,13.74,22.2,49.5,17.5,3995.5,24.52,25.8,0.0702,-0.085,0.389,0.391,2,4,1,1,0,0.4133
0.2,0.49,0.66,0.74,0.98,1.6,2.79,0.25,1.44,18.4,75.4,2.2,3087.8,11.74,175.0,0.0954,0.0238,0.366,0.593,3,6,4,0,0,0.0051
2.86,7.54,10.21,13.15,15.84,22.0,34.22,3.96,19.6,15.0,68.9,16.8,2534.4,19.37,215.0,0.013,-0.0639,0.332,0.802,4,4,2,1,0,0.1066
0.57,1.4,2.69,3.44,4.06,4.91,6.32,0.78,4.23,15.2,58.2,3.2,697.5,25.1,89.2,-0.133,-0.0255,0.305,0.669,0,0,5,0,0,0.0088
0.35,0.99,1.93,3.27,4.95,7.4,13.57,0.44,6.97,21.6,63.4,18.8,697.4,24.8,277.7,0.0149,0.0103,0.344,0.321,2,0,4,0,0,0.0374
22.25,54.79,114.6,170.0,192.68,290.09,484.74,26.96,261.15,18.7,90.5,6.6,291.0,41.79,225.7,0.0467,0.0128,0.95,0.813,8,6,2,0,1,1.0
9.83,23.09,34.88,48.46,56.25,76.73,103.93,13.16,64.85,12.1,93.6,12.2,3644.6,16.12,6.5,0.0112,0.0115,0.631,0.749,7,4,3,0,1,0.8993
0.33,0.64,1.05,1.34,2.03,3.46,6.81,0.43,3.28,24.0,42.0,8.2,2544.6,11.16,219.0,0.0363,0.0076,0.34,0.4,4,4,2,0,0,0.0174
1.01,1.85,2.47,3.28,4.71,11.52,21.27,1.26,9.84,13.4,53.7,8.5,2988.5,20.06,176.9,0.0179,-0.0321,0.431,0.46,0,3,1,2,0,0.2554
3.3,6.15,8.14,13.06,15.9,38.02,53.72,3.5,28.5,25.5,49.3,23.6,135.4,16.59,70.6,-0.0617,-0.0082,0.479,0.422,8,1,3,0,0,0.1771
0.85,1.31,1.58,2.68,3.17,3.89,4.33,1.18,3.17,9.6,77.0,19.8,4075.1,14.98,358.5,-0.0443,0.0016,0.353,0.643,3,4,2,3,0,0.0465
0.28,0.51,0.7,0.82,0.94,2.14,4.2,0.4,1.92,11.7,79.9,7.8,3504.6,13.84,323.0,-0.0161,0.0098,0.395,0.718,1,0,5,2,0,0.0071
1.01,1.89,2.79,3.1,3.48,5.2,6.21,1.18,4.07,24.6,17.3,15.4,931.2,22.33,105.3,0.0533,-0.0033,0.158,0.606,3,1,3,1,0,0.0195
1.49,2.4,4.23,6.28,7.57,14.37,20.07,1.72,11.26,13.4,64.5,24.4,804.6,12.74,194.8,-0.0383,0.0365,0.368,0.454,5,1,3,2,0,0.0499
3.1,4.69,8.54,14.41,21.38,38.63,48.9,3.82,29.36,27.1,98.8,26.7,811.1,27.8,113.9,0.0228,0.0047,0.483,0.706,0,2,1,4,1,0.8774
2.47,5.31,9.28,10.35,14.57,36.11,68.82,2.9,31.33,22.2,33.8,4.6,1312.6,27.12,279.2,0.0152,0.0101,0.411,0.351,6,2,3,0,0,0.4491
2.26,3.92,4.83,7.26,10.6,21.01,29.45,3.13,16.32,26.2,76.8,12.2,2227.7,23.4,334.9,0.0793,-0.0191,0.44,0.509,6,2,1,0,0,0.3252
1.02,1.83,3.15,5.27,8.36,16.87,22.72,1.5,12.82,17.1,74.5,10.1,1842.6,10.24,129.2,-0.0021,-0.0526,0.405,0.792,0,2,3,0,0,0.0132
3.59,9.96,16.44,19.39,25.47,61.51,92.74,3.76,47.48,10.5,55.5,7.0,1258.6,21.79,290.0,-0.0877,0.0077,0.508,0.694,6,2,4,0,0,0.3554
3.16,5.35,10.56,14.29,22.33,31.45,62.75,3.38,31.36,11.1,72.8,1.4,2589.2,32.25,179.4,0.0323,0.0604,0.408,0.563,7,0,2,0,0,0.6702
2.15,3.36,7.09,8.3,9.45,17.4,27.31,2.55,14.48,25.1,52.2,10.5,628.9,28.84,142.8,0.1069,0.0222,0.344,0.873,0,3,2,0,0,0.0828
2.37,6.09,11.34,12.78,19.1,25.96,29.26,2.9,20.49,14.2,42.4,16.4,1262.4,26.76,337.8,0.0356,-0.0409,0.436,0.842,1,4,2,0,0,0.1721
3.54,6.56,12.54,18.14,25.59,34.36,57.23,3.99,31.85,18.7,100.0,8.2,1570.4,19.21,183.7,-0.0394,0.0407,0.552,0.81,2,2,4,0,0,0.1348
0.63,1.36,2.16,3.38,4.79,10.19,16.24,0.91,8.28,10.4,57.4,21.3,1942.7,18.74,168.3,-0.0541,-0.0168,0.35,0.72,1,3,3,0,1,0.0176
4.63,11.95,21.41,37.38,41.15,81.56,95.41,6.33,58.64,22.5,56.3,29.8,3308.5,34.95,242.1,-0.0476,0.0357,0.53,0.972,4,2,3,0,1,0.8701
0.21,0.46,0.8,1.05,1.26,1.7,3.17,0.3,1.66,7.0,63.6,9.9,878.6,22.14,94.0,0.1002,-0.0184,0.363,0.676,2,0,3,2,0,0.0301
3.16,8.41,18.27,23.43,36.95,69.37,81.8,3.72,50.73,26.9,66.2,12.5,2184.1,22.29,116.9,-0.0164,0.0177,0.565,0.827,7,2,4,2,0,0.5951
0.39,0.91,1.77,2.71,3.87,9.4,10.86,0.56,6.42,8.9,86.1,12.6,2508.5,66.21,335.5,-0.0331,-0.0259,0.406,0.617,8,0,1,2,1,0.9999
1.22,2.81,4.14,7.31,11.38,15.71,27.77,1.78,14.85,10.9,75.5,38.2,242.8,15.92,244.3,-0.0079,-0.0247,0.406,0.614,1,3,4,0,0,0.0246
1.28,3.18,6.65,8.18,9.57,13.55,20.74,1.87,11.92,17.1,58.4,38.6,2571.3,4.28,297.6,-0.0158,-0.0783,0.353,0.497,2,2,4,1,0,0.0135
4.13,7.37,12.8,15.14,20.77,43.0,49.42,4.14,30.37,33.7,79.2,20.7,757.7,17.24,97.6,0.0784,0.0256,0.462,0.454,2,0,2,0,0,0.308
44.66,76.97,104.57,176.76,216.86,324.3,514.08,55.23,285.5,14.9,85.0,13.8,320.0,17.8,195.8,-0.0507,0.0185,0.95,0.852,2,2,2,2,1,1.0
0.82,2.13,4.33,5.16,8.18,17.86,25.97,1.11,13.82,15.0,49.4,16.3,3987.9,21.96,349.7,0.059,0.0213,0.38,0.57,2,5,5,2,0,0.041
3.76,10.05,17.36,24.39,36.17,86.7,152.89,5.23,72.56,15.8,96.5,33.0,4057.4,24.68,114.7,0.0061,0.0138,0.82,0.637,0,1,4,0,1,0.9634
0.78,1.33,1.7,2.8,4.43,5.36,6.12,0.86,4.42,29.6,88.9,23.6,3404.8,4.86,57.8,0.0604,-0.0381,0.445,0.714,0,7,5,1,0,0.0038
4.02,8.81,14.01,19.09,21.31,34.48,48.88,5.23,28.3,30.7,77.4,14.4,1314.1,24.94,183.9,0.0791,0.0483,0.52,0.758,0,7,3,1,0,0.341
0.88,1.52,2.56,3.98,4.83,9.45,14.55,1.09,7.69,23.7,73.8,13.5,455.3,18.39,139.6,0.0042,0.0496,0.393,0.795,6,4,1,1,0,0.0561
0.11,0.17,0.25,0.41,0.64,1.19,1.9,0.15,1.0,23.8,56.7,5.8,2889.6,16.33,57.4,-0.0158,-0.0394,0.386,0.546,1,4,1,0,0,0.0317
28.67,61.65,92.07,136.06,160.47,306.38,531.6,39.26,265.66,14.2,80.0,8.3,1876.6,6.55,319.9,0.0033,0.0266,0.95,0.868,0,2,4,1,1,1.0
36.9,84.2,112.0,138.89,199.48,418.42,600.29,45.34,324.5,11.4,78.6,21.9,556.5,38.68,356.7,-0.0047,0.0437,0.95,0.172,3,2,3,0,1,1.0
1.52,3.2,6.12,7.7,12.02,27.04,35.04,1.54,19.73,26.9,69.0,35.1,2105.0,14.86,204.7,-0.0828,-0.0235,0.429,0.705,0,7,1,0,0,0.0909
1.5,3.78,4.73,8.47,9.36,14.65,21.62,1.97,12.34,23.1,39.9,11.8,192.7,26.95,278.9,0.0776,-0.0148,0.293,0.309,0,1,1,1,0,0.3898
0.24,0.43,0.63,1.05,1.44,3.13,4.24,0.35,2.35,18.6,73.2,30.6,3823.7,11.64,309.3,0.0123,0.0267,0.348,0.253,3,0,2,0,0,0.0227
0.4,1.08,1.52,2.01,2.83,3.68,6.4,0.56,3.51,16.7,47.5,36.4,1123.9,22.47,252.4,-0.0582,-0.0755,0.297,0.479,2,0,1,1,0,0.091
6.4,14.29,23.56,28.86,42.93,90.7,103.68,7.12,63.62,17.4,100.0,12.1,2799.5,16.48,15.9,-0.1034,-0.0544,0.672,0.384,0,3,4,3,0,0.9333
0.11,0.24,0.48,0.62,0.92,2.1,4.1,0.15,1.87,22.1,62.9,16.5,1343.6,26.52,56.7,-0.1164,-0.0495,0.316,0.818,2,1,4,1,0,0.0124
1.26,2.64,3.95,6.62,9.1,21.96,41.63,1.53,19.08,30.0,60.3,12.3,2208.3,16.17,25.6,0.0385,-0.0898,0.391,0.565,2,0,4,0,0,0.0323
0.15,0.27,0.55,0.83,1.29,2.62,3.65,0.17,2.02,17.6,60.0,20.3,2318.8,11.33,3.6,-0.0309,0.0542,0.412,0.389,2,4,1,1,0,0.0416
0.76,1.42,2.94,4.66,5.74,9.23,11.03,0.92,7.07,6.1,49.7,12.4,817.1,18.85,110.2,-0.0227,-0.0994,0.35,0.403,3,2,1,0,0,0.0887
3.13,6.95,11.18,17.43,22.77,46.67,78.99,4.18,39.38,23.1,69.8,16.7,4073.8,18.34,141.2,0.0244,0.0172,0.537,0.625,1,2,1,2,1,0.7752
0.12,0.3,0.6,1.02,1.47,2.1,4.1,0.16,2.06,25.8,65.9,11.4,3266.8,21.69,86.8,-0.0258,0.0406,0.323,0.364,2,0,2,0,0,0.0441
1.58,2.66,3.98,7.13,10.72,22.58,43.74,1.63,20.33,34.0,43.5,18.8,3948.9,30.66,23.3,0.0273,-0.0147,0.341,0.852,4,0,1,1,1,0.2878
0.84,1.83,2.67,4.11,5.22,12.2,14.46,1.15,8.49,20.6,56.0,10.9,3763.5,9.85,190.8,0.0048,-0.0334,0.267,0.901,6,0,5,1,0,0.0045
2.95,4.54,9.39,14.3,18.2,44.4,65.77,4.24,33.91,14.0,42.7,20.2,2531.3,29.87,98.4,-0.0042,0.0116,0.401,0.49,5,2,4,2,1,0.5112
2.04,3.54,6.64,7.82,10.43,15.02,24.52,2.74,13.53,13.6,62.8,4.8,3875.8,8.94,286.6,-0.0786,0.0001,0.371,0.333,2,4,1,0,0,0.0715
5.37,13.67,19.73,34.43,42.84,85.81,158.61,6.41,76.1,19.1,79.5,14.9,417.2,25.99,2.9,-0.041,0.0502,0.732,0.493,2,3,1,2,1,0.9997
7.15,13.3,16.3,18.64,23.64,58.53,89.06,10.19,45.17,11.0,85.5,27.2,863.3,26.41,303.3,0.0301,-0.1314,0.629,0.79,2,1,2,2,1,0.9249
1.52,2.84,5.53,8.71,12.32,24.83,37.88,1.87,19.99,19.4,48.2,17.8,237.7,14.42,343.7,-0.0341,-0.0459,0.27,0.788,5,5,4,2,0,0.0362
0.28,0.62,0.94,1.52,1.83,4.45,7.18,0.37,3.55,25.6,64.6,14.1,1400.1,12.0,257.8,0.0603,0.0281,0.352,0.939,4,0,3,0,0,0.0048
2.43,4.81,6.24,8.32,11.29,19.99,39.14,2.65,18.74,31.8,31.7,23.3,1663.0,11.63,264.1,0.1173,0.0025,0.441,0.499,1,0,3,1,0,0.0656
0.42,1.09,1.62,1.89,3.0,6.68,8.97,0.42,4.96,18.8,60.6,44.7,1176.1,19.82,336.1,0.0328,0.0376,0.297,0.788,0,4,5,0,0,0.0049
24.02,50.2,82.01,114.59,178.46,233.77,393.09,31.61,219.18,6.8,91.6,6.7,3489.3,27.3,75.3,0.0746,0.0131,0.95,0.865,2,0,1,1,1,1.0
0.47,1.22,1.73,2.19,2.84,4.18,8.22,0.51,4.09,18.9,65.9,32.1,1530.5,17.53,358.0,0.036,-0.0067,0.348,0.743,1,3,1,1,0,0.038
0.37,0.56,0.7,1.06,1.31,1.77,2.67,0.38,1.57,7.7,70.8,24.3,1215.9,3.94,278.5,-0.0267,-0.0151,0.37,0.411,7,0,1,0,0,0.0112
4.26,10.87,16.67,18.74,29.9,38.08,52.98,4.66,33.23,22.2,49.5,18.5,2302.2,13.89,261.6,0.01,0.1163,0.392,0.616,1,0,1,1,1,0.4085
1.52,2.33,3.97,4.5,5.44,9.67,13.17,2.08,7.62,27.3,81.0,17.7,634.8,13.61,130.0,0.1007,0.0767,0.385,0.342,0,3,3,2,0,0.0543
10.34,27.2,54.27,81.46,122.97,284.01,479.3,11.7,233.87,25.3,83.2,17.5,3379.1,24.59,196.5,-0.0262,0.0248,0.95,0.272,5,0,2,1,1,1.0
0.07,0.2,0.41,0.48,0.77,1.2,1.82,0.1,1.02,10.5,46.2,12.0,359.4,25.25,235.4,-0.052,0.0039,0.36,0.695,0,0,2,0,0,0.0291
0.5,1.32,1.79,2.42,3.87,5.83,10.83,0.67,5.52,9.3,47.9,26.8,4145.6,20.63,223.3,-0.0567,0.0269,0.299,0.542,1,2,3,2,0,0.0415
0.2,0.53,0.88,1.5,1.98,4.33,5.77,0.22,3.22,13.0,67.8,10.0,3254.8,29.9,253.8,-0.0109,0.0413,0.389,0.859,2,1,3,0,0,0.0233
0.26,0.58,1.2,1.34,1.75,2.7,5.4,0.34,2.64,17.7,63.6,24.4,874.7,31.04,29.7,-0.0502,0.0209,0.391,0.542,2,4,2,3,0,0.2535
14.5,39.6,49.53,59.66,85.67,170.64,324.92,16.46,153.87,2.6,83.0,16.0,72.9,14.36,128.0,0.0837,-0.0376,0.95,0.684,1,4,2,2,1,1.0
0.22,0.36,0.61,1.06,1.38,1.94,2.76,0.29,1.66,18.6,53.4,6.4,3434.2,11.47,156.2,0.0108,0.0892,0.301,0.617,2,3,2,1,0,0.0138
3.45,5.67,9.66,13.19,16.06,27.72,51.89,3.85,25.52,12.9,67.1,5.6,2983.5,18.2,93.8,0.0486,0.0123,0.532,0.604,0,1,4,1,0,0.137
20.05,37.27,75.64,102.62,128.5,245.34,490.49,24.68,228.93,14.2,91.9,10.4,3075.4,20.61,62.1,-0.0149,0.1007,0.95,0.513,2,2,2,0,1,1.0
2.94,6.5,11.04,16.41,18.75,46.81,93.44,3.35,41.63,10.7,77.1,12.4,3250.8,13.95,50.0,-0.057,0.0094,0.537,0.49,2,3,1,2,1,0.7336
0.98,1.68,2.19,3.08,3.75,8.66,11.99,1.46,6.48,4.0,45.7,6.5,357.3,74.42,131.9,-0.0655,-0.0123,0.264,0.777,4,0,3,3,1,0.9872
0.26,0.67,1.27,2.09,2.49,3.04,4.76,0.34,2.82,20.9,52.2,8.7,1537.6,37.54,177.6,-0.0454,0.0692,0.233,0.752,2,1,1,1,1,0.1246
0.15,0.28,0.5,0.65,0.87,1.76,2.74,0.16,1.43,28.7,92.5,7.4,530.9,13.22,22.7,0.0174,0.0151,0.325,0.562,2,4,2,2,0,0.0249
85.63,230.27,383.87,462.89,735.71,1499.36,2589.83,126.28,1279.8,12.9,89.2,13.1,3631.9,10.1,340.7,0.026,0.0067,0.95,0.371,2,2,2,1,1,1.0
3.31,6.2,9.22,13.72,19.74,37.82,44.09,4.45,27.39,18.3,44.5,24.1,2636.7,12.61,275.5,0.0302,-0.06,0.387,0.686,0,3,1,1,0,0.2036
0.66,1.11,1.41,2.02,2.42,2.99,5.49,0.84,2.97,20.4,61.6,10.6,1423.2,31.32,263.1,-0.0744,0.033,0.288,0.541,0,0,5,3,0,0.0426
9.04,22.3,47.23,63.84,99.21,155.12,197.78,10.53,122.95,17.8,81.6,2.4,313.8,31.71,62.2,-0.0,-0.0247,0.889,0.832,4,4,3,1,1,1.0
4.0,6.27,12.8,17.47,20.59,30.14,45.7,4.85,26.17,26.6,85.9,5.4,1340.6,37.77,217.4,-0.0513,-0.0224,0.498,0.204,1,0,1,0,1,0.9977
1.04,2.61,5.58,9.69,13.21,16.45,26.93,1.38,15.47,22.0,76.0,4.2,1399.5,11.27,190.7,0.0201,-0.0245,0.357,0.789,3,5,3,1,0,0.0257
19.83,53.85,115.27,190.82,270.85,636.7,972.34,21.94,497.06,33.0,97.8,11.5,3077.9,24.54,353.7,0.024,0.022,0.95,0.402,0,0,2,0,1,1.0
0.53,0.96,1.32,1.63,2.09,4.11,4.78,0.65,2.95,19.4,88.7,3.1,2695.9,11.89,269.2,-0.0586,-0.0768,0.418,0.758,4,5,2,1,0,0.015
0.94,2.39,3.64,5.13,7.69,11.83,16.96,1.25,9.89,21.4,61.8,5.6,3731.9,41.89,207.3,0.0484,-0.0105,0.35,0.681,8,1,2,3,1,0.5569
3.67,9.89,16.6,27.01,31.53,74.06,111.16,4.66,57.34,17.2,90.5,18.3,2009.7,11.5,306.3,0.1169,0.049,0.738,0.545,2,3,3,1,1,0.706
2.6,4.99,8.02,11.74,16.0,36.89,56.83,3.77,29.03,24.7,74.1,2.5,546.3,8.73,55.8,0.0417,-0.0623,0.426,0.644,2,4,1,2,0,0.2242
0.72,1.82,3.93,6.89,8.75,13.1,25.91,0.83,12.81,21.0,44.4,4.2,3010.0,9.75,5.5,-0.0081,0.0086,0.383,0.63,2,0,3,0,0,0.0163
27.27,44.44,66.42,106.14,117.33,176.44,261.04,39.78,150.43,17.6,95.5,12.9,3207.3,18.9,248.5,-0.0158,-0.0316,0.95,0.318,5,1,4,0,1,1.0
8.09,21.25,28.07,33.63,44.89,64.41,106.27,10.88,58.38,19.0,97.6,16.9,2379.3,27.1,35.4,-0.0105,-0.0202,0.572,0.225,0,6,2,0,1,0.9957
0.13,0.27,0.45,0.62,0.81,1.17,1.41,0.15,0.93,26.6,35.6,19.3,3249.5,26.2,41.6,-0.038,0.0828,0.296,0.912,3,1,3,0,0,0.0097
17.94,32.69,55.86,94.97,113.01,243.23,316.72,19.26,179.54,7.0,82.5,5.5,2099.3,10.01,268.1,0.0126,-0.0825,0.95,0.307,3,3,5,1,1,1.0
6.76,14.77,23.77,32.82,42.34,64.0,74.06,7.76,49.33,10.8,77.1,4.5,2219.3,15.29,97.4,-0.0569,0.0383,0.575,0.916,2,0,4,2,0,0.5002
0.49,0.9,1.79,2.6,3.08,7.03,10.74,0.55,5.52,17.4,61.5,10.8,1824.3,14.18,226.3,-0.0945,-0.0239,0.294,0.771,1,3,3,1,0,0.0115
20.24,51.34,86.97,145.29,191.85,471.54,731.69,29.45,367.96,25.2,82.4,3.7,155.5,9.15,330.3,0.011,-0.0264,0.95,0.528,1,0,3,0,1,1.0
1.2,2.31,3.47,3.87,5.07,6.45,12.45,1.51,6.5,11.1,84.4,20.4,497.7,13.99,113.9,0.0011,-0.0556,0.374,0.775,4,3,3,1,0,0.0158
0.39,0.63,1.05,1.22,1.71,3.23,5.56,0.52,2.8,17.4,64.1,12.8,180.4,36.95,78.2,-0.0286,0.0377,0.374,0.711,0,1,5,1,0,0.0299
0.91,1.41,2.97,3.82,4.72,5.88,7.65,0.95,5.04,13.3,50.5,16.8,2691.1,8.4,38.4,-0.0641,-0.0096,0.222,0.301,2,2,1,1,0,0.035
0.04,0.07,0.15,0.25,0.29,0.48,0.56,0.06,0.36,34.6,42.3,2.0,1354.6,21.35,47.0,0.0145,-0.0159,0.26,0.382,1,0,3,0,0,0.0175
0.57,1.25,2.32,3.0,4.37,10.56,12.7,0.82,7.34,20.4,41.6,5.1,2160.6,37.38,22.4,-0.0495,0.0055,0.243,0.629,1,3,1,1,0,0.2386
1.86,4.33,8.02,11.14,16.64,27.88,32.23,2.33,20.85,15.4,85.4,15.1,3816.4,36.41,31.6,-0.0069,-0.0085,0.54,0.363,2,1,1,0,1,0.9838
4.39,9.47,17.07,22.89,25.76,53.99,106.3,6.47,49.09,22.4,89.8,10.6,1084.6,42.87,155.5,0.0882,-0.1,0.636,0.549,5,1,3,0,1,0.9958
2.6,6.26,8.95,14.86,20.22,38.38,66.61,3.29,33.33,19.0,29.2,5.4,1753.1,22.45,115.5,0.0326,-0.0245,0.477,0.81,3,3,4,1,0,0.181
0.92,2.2,4.0,6.1,8.17,16.05,18.78,1.32,11.57,34.3,68.6,22.7,3185.5,24.19,254.4,-0.0685,0.0448,0.446,0.612,4,0,1,0,0,0.1882
1.91,4.28,7.71,9.65,12.73,31.74,39.43,2.5,22.25,18.8,83.2,24.3,999.5,14.14,313.3,-0.0637,-0.0753,0.481,0.612,3,5,2,1,0,0.1242
17.84,42.56,75.29,129.37,143.78,325.91,567.51,20.54,273.68,20.9,76.8,8.4,369.5,8.28,282.5,0.0076,-0.0545,0.95,0.688,3,3,1,0,1,1.0
0.67,1.76,3.53,3.91,5.36,12.85,16.76,0.92,9.28,3.0,68.9,9.8,1252.5,17.51,191.0,-0.0688,-0.0213,0.451,0.574,2,2,4,1,0,0.0254
0.45,0.69,0.86,1.2,1.7,3.52,5.6,0.51,2.87,12.9,62.4,15.9,719.1,33.28,36.9,-0.1001,-0.0363,0.296,0.592,6,0,2,2,0,0.1381
0.93,2.4,3.98,6.59,9.96,17.17,21.2,1.08,13.08,16.0,69.9,5.1,3908.2,3.89,255.5,0.0266,-0.0014,0.469,0.802,2,3,2,0,0,0.0117
2.67,5.23,6.56,9.33,13.88,23.5,44.54,3.7,21.87,16.4,85.1,7.6,3403.7,14.5,130.6,0.016,-0.0547,0.467,0.496,2,0,4,0,0,0.0593
27.9,52.93,105.65,137.01,165.49,407.12,652.01,35.88,322.7,13.7,88.2,22.1,2678.6,25.41,30.8,0.0225,-0.0194,0.95,0.376,2,4,3,2,1,1.0
0.28,0.75,1.07,1.86,2.92,4.63,6.35,0.37,3.76,21.7,60.3,22.6,3666.6,19.03,303.3,0.0132,-0.0024,0.285,0.728,1,1,5,2,0,0.0096
3.89,8.91,13.95,21.87,24.94,35.95,68.93,4.74,34.95,12.9,41.7,15.6,3385.2,35.39,121.8,-0.0033,0.0324,0.439,0.864,1,0,5,2,1,0.41
39.87,62.85,96.03,142.05,195.36,267.41,420.19,45.26,240.28,13.2,90.4,4.6,824.3,31.54,78.6,-0.0331,0.0622,0.95,0.371,0,0,2,1,1,1.0
0.38,0.66,1.41,2.46,2.99,5.69,9.05,0.5,4.73,17.5,59.4,4.6,3754.1,7.63,313.7,0.0258,-0.0131,0.281,0.7,3,7,3,1,0,0.0079
4.2,11.4,17.55,30.47,43.91,93.04,135.55,6.27,72.52,22.6,53.9,9.5,2288.3,19.9,324.8,0.0765,0.0944,0.627,0.752,1,4,3,2,1,0.9462
0.87,1.77,2.22,2.98,4.49,8.25,10.0,0.94,6.13,10.1,93.1,20.3,3400.9,12.24,122.0,-0.0251,-0.0092,0.441,0.648,2,0,3,0,0,0.0122
0.29,0.53,0.66,0.88,1.33,3.16,4.09,0.31,2.28,21.6,73.7,7.9,3768.8,12.15,127.7,-0.051,0.0414,0.317,0.722,6,7,3,0,0,0.0061
2.6,4.57,6.47,8.45,10.42,22.51,34.35,3.06,17.86,21.2,44.1,11.6,1369.7,8.02,208.7,-0.0568,0.0966,0.413,0.441,2,0,1,0,0,0.0734
1.04,2.31,2.98,3.87,5.05,7.2,12.52,1.38,6.7,21.4,77.1,5.2,506.7,21.68,264.0,-0.0433,0.007,0.338,0.921,0,3,4,0,0,0.0091
0.33,0.91,1.81,2.17,2.78,6.78,8.71,0.45,4.85,12.0,72.4,9.4,995.9,35.77,22.7,0.0101,-0.0687,0.366,0.844,4,3,1,0,0,0.1357
1.71,2.86,5.37,8.31,9.52,19.54,24.23,2.11,14.28,14.8,69.5,17.0,1822.5,22.71,213.6,-0.107,0.0045,0.5,0.545,1,4,2,2,0,0.2874
11.32,20.49,40.49,53.03,79.53,113.3,177.7,11.4,100.59,17.4,90.0,22.9,3444.8,7.69,343.0,0.022,-0.0306,0.847,0.863,2,1,2,2,1,0.9947
0.13,0.28,0.49,0.69,0.88,1.56,1.9,0.16,1.18,18.8,60.9,14.2,3622.0,18.46,94.4,0.0322,-0.0137,0.355,0.859,2,2,3,1,0,0.0103
0.85,1.52,2.55,3.65,4.78,8.59,12.82,1.24,7.03,17.1,45.7,15.8,78.9,24.89,327.2,-0.0899,0.0992,0.209,0.266,1,3,5,2,0,0.0377
1.08,3.02,4.72,7.41,10.67,21.55,34.55,1.32,17.76,20.2,48.5,12.5,2169.6,17.71,342.1,-0.049,-0.0611,0.462,0.414,0,1,2,1,1,0.1855
1.62,3.3,6.64,11.14,15.75,38.44,59.19,1.69,29.92,18.6,68.7,10.6,1782.3,22.49,96.9,0.004,0.015,0.548,0.867,1,0,3,0,0,0.143
0.39,0.81,0.97,1.72,2.62,4.47,8.53,0.42,4.17,9.5,71.9,15.5,971.7,12.82,271.5,-0.0072,-0.0439,0.431,0.505,0,3,1,2,0,0.0678
0.31,0.55,0.94,1.32,1.74,3.42,3.97,0.4,2.46,19.2,60.5,24.4,547.4,16.59,86.0,0.026,-0.0154,0.318,0.622,1,3,2,0,0,0.016
2.03,5.15,8.1,13.76,21.25,36.24,69.3,2.45,33.82,13.8,55.7,14.3,1451.1,16.03,265.5,-0.0071,0.0372,0.412,0.59,8,2,5,2,0,0.1425
0.9,1.9,2.57,3.79,6.04,14.34,23.84,0.91,11.66,25.4,81.6,40.1,3963.1,39.12,287.1,0.0632,0.0159,0.468,0.909,2,1,5,0,0,0.0462
0.42,0.99,1.9,3.32,4.24,10.37,12.87,0.6,7.29,14.4,85.5,3.0,1391.3,10.14,89.0,-0.0161,-0.0113,0.37,0.206,5,1,3,0,0,0.021
0.09,0.15,0.22,0.36,0.43,0.93,1.11,0.11,0.66,8.8,59.6,14.1,2203.0,4.3,257.7,-0.0492,-0.0325,0.316,0.511,2,3,4,1,0,0.0044
40.31,67.25,108.79,171.89,203.5,313.2,578.88,56.14,294.24,13.3,91.5,21.5,2967.5,37.85,292.4,-0.0532,0.0158,0.95,0.268,3,3,1,0,1,1.0
1.72,3.83,5.71,7.95,10.28,20.61,23.15,2.43,14.54,23.6,95.0,3.1,1559.1,20.26,129.1,0.0368,0.0854,0.469,0.595,0,4,3,0,0,0.0633
17.14,29.68,53.71,70.5,92.12,140.82,228.4,18.59,124.55,31.4,89.7,14.0,4082.9,8.86,60.4,0.0015,-0.0451,0.883,0.757,1,4,3,1,1,0.9994
0.11,0.23,0.28,0.46,0.73,1.41,2.67,0.15,1.28,20.5,53.2,18.6,4044.2,30.13,33.1,0.0317,0.0956,0.319,0.475,2,4,2,0,0,0.0721
1.0,2.81,5.21,7.85,11.99,20.46,39.65,1.18,19.22,24.8,19.0,9.5,1094.9,25.69,207.1,0.0307,0.06,0.367,0.916,5,1,5,3,0,0.0599
18.43,38.23,61.67,71.21,113.02,247.88,410.63,20.12,204.19,8.4,84.6,5.7,2113.6,42.36,352.1,-0.101,0.0685,0.95,0.966,0,0,4,0,1,1.0
1.69,2.58,4.94,6.94,9.64,22.8,44.89,2.0,20.3,18.4,96.7,46.3,1298.6,21.13,296.3,-0.057,0.0154,0.453,0.388,2,4,4,0,0,0.092
0.43,1.0,2.04,2.45,2.74,3.34,5.66,0.64,3.21,22.3,94.2,27.6,1232.1,57.69,156.9,-0.051,0.0586,0.386,0.743,0,0,1,0,1,0.9355
0.46,0.84,1.44,1.61,2.05,4.88,9.49,0.67,4.31,21.3,65.1,6.0,203.1,17.8,193.2,-0.0408,-0.0504,0.417,0.824,2,7,1,0,0,0.0283
23.4,63.72,131.85,236.6,362.06,556.24,1040.27,34.52,525.85,10.3,80.5,18.2,2579.7,25.72,100.6,-0.021,-0.0334,0.95,0.82,3,5,3,0,1,1.0
2.61,4.71,6.28,9.3,12.73,27.24,30.93,2.62,19.0,13.8,50.2,27.4,2136.1,27.65,58.7,0.05,0.0383,0.474,0.644,3,2,3,1,0,0.2128
3.62,9.82,12.12,20.23,28.53,42.55,62.33,4.04,36.21,9.1,44.3,21.6,263.6,75.0,173.5,0.0599,0.0148,0.425,0.7,0,1,3,0,1,1.0
0.12,0.19,0.39,0.55,0.77,1.27,1.86,0.17,1.05,17.9,78.3,5.1,1206.4,14.83,166.9,-0.0146,-0.0074,0.405,0.8,0,2,1,0,0,0.0163
2.47,6.83,9.0,13.91,22.07,44.11,61.44,3.45,34.11,11.5,51.2,19.4,3819.3,14.56,187.9,-0.0126,-0.1251,0.434,0.227,2,3,2,1,0,0.4874
5.34,9.9,13.68,24.52,33.53,47.12,94.19,6.72,47.06,22.2,52.1,11.1,1044.2,27.95,343.0,-0.0353,-0.0218,0.513,0.603,8,4,4,0,1,0.7073
0.08,0.2,0.27,0.42,0.61,0.91,1.12,0.09,0.72,4.6,43.9,35.5,651.3,8.38,217.4,0.0045,-0.0587,0.271,0.204,2,0,3,0,0,0.0094
3.65,7.68,10.53,12.79,14.69,26.76,35.23,4.27,20.64,19.7,69.3,9.2,2081.2,12.19,218.1,0.0101,0.0247,0.515,0.953,2,4,3,1,0,0.0445
3.74,7.41,15.55,25.67,33.97,46.0,54.54,4.74,37.02,2.1,93.4,15.9,4140.4,17.53,46.1,0.0403,-0.0096,0.613,0.753,2,3,3,1,1,0.3984
0.32,0.88,1.8,3.15,4.87,6.7,10.82,0.32,6.09,26.3,54.8,51.2,1054.5,41.68,358.7,0.0399,-0.0314,0.364,0.568,0,0,4,1,0,0.1449
0.55,1.51,2.21,2.93,4.28,8.86,16.4,0.74,7.81,14.5,71.8,16.1,2839.4,27.96,278.2,-0.1151,0.1321,0.357,0.434,4,1,4,1,0,0.0592
0.53,1.22,2.32,2.91,3.89,9.73,12.66,0.69,6.96,16.9,61.6,10.8,3210.7,19.83,315.8,-0.0076,0.0519,0.303,0.814,1,2,2,1,0,0.027
4.48,12.19,24.24,31.16,45.72,113.52,182.49,5.62,90.01,16.1,49.6,13.9,1036.2,14.04,149.1,0.0692,0.0528,0.813,0.818,3,0,2,0,1,0.9724
0.03,0.06,0.09,0.1,0.12,0.23,0.29,0.03,0.17,37.2,69.2,4.7,3072.1,50.21,180.8,-0.0219,0.1101,0.348,0.832,2,0,2,0,0,0.2378
1.22,2.41,3.44,4.29,6.44,14.1,16.3,1.33,9.85,15.6,74.6,7.6,1576.3,18.39,188.0,0.057,0.0401,0.413,0.693,3,0,3,1,0,0.0336
1.3,3.46,5.81,9.19,13.81,27.76,33.56,1.37,20.16,21.8,30.9,20.5,2674.1,12.18,69.9,-0.0153,-0.0385,0.441,0.528,0,6,1,0,0,0.1062
1.58,3.11,5.72,7.76,11.57,13.97,20.67,2.31,12.71,22.9,53.4,3.8,2679.1,55.16,248.2,0.0087,-0.0444,0.424,0.45,5,0,3,2,1,0.9851
0.38,1.04,1.68,2.9,3.98,9.45,12.15,0.55,6.79,12.6,37.9,4.9,2273.5,8.63,325.1,-0.0568,0.0482,0.374,0.51,1,1,2,0,0,0.0152
0.96,2.09,4.15,5.61,6.27,13.92,16.44,1.24,9.78,28.4,88.6,26.3,424.7,36.34,58.9,-0.055,-0.103,0.418,0.808,3,0,4,2,0,0.1061
0.8,1.96,4.3,7.49,11.28,16.9,24.86,0.91,14.39,3.3,41.6,15.5,3516.5,19.16,31.1,0.0363,-0.0039,0.282,0.618,4,3,2,2,0,0.0947
0.79,1.83,3.78,4.52,5.08,12.51,21.22,1.09,10.21,15.3,67.1,15.5,1381.2,27.92,265.8,0.0441,-0.1086,0.322,0.443,2,3,1,1,1,0.2875
17.42,42.73,87.67,98.51,155.85,263.72,426.28,18.7,227.05,17.1,90.3,15.7,824.1,25.35,98.4,0.0013,0.0049,0.95,0.694,1,4,4,0,1,1.0
7.77,13.48,18.89,31.13,44.25,75.61,117.99,10.92,63.89,15.9,93.3,20.5,219.2,27.71,224.6,-0.0614,0.0427,0.722,0.759,7,3,1,1,1,0.9975
1.58,4.2,8.83,14.46,16.03,33.12,50.28,2.23,26.46,13.8,79.6,18.8,2502.2,57.74,250.5,0.0022,0.014,0.436,0.306,1,2,5,2,1,0.9928
2.14,5.5,12.05,19.15,22.08,45.26,70.35,2.45,36.63,10.7,66.3,17.2,2861.9,53.18,115.9,0.0629,0.0469,0.531,0.461,7,2,2,1,1,0.9998
18.82,43.66,77.09,107.54,152.28,316.03,597.12,23.43,281.59,19.7,93.5,27.6,118.8,12.57,293.5,0.0871,0.0982,0.95,0.687,0,3,1,0,1,1.0
52.3,92.85,181.99,225.63,360.76,444.2,501.04,68.34,362.58,14.7,87.1,25.2,2175.2,24.84,198.0,-0.0158,-0.0072,0.95,0.737,2,0,1,0,1,1.0
4.56,10.24,18.43,23.24,26.61,43.49,66.12,5.02,36.71,17.9,57.8,11.1,990.0,6.05,312.8,-0.083,0.1404,0.49,0.888,0,3,3,0,0,0.0791
3.14,6.48,14.21,23.59,26.75,32.54,61.48,3.66,32.87,23.2,44.2,5.7,2727.5,29.28,274.8,0.042,0.0106,0.471,0.645,0,0,1,0,1,0.8039
0.92,1.4,2.52,4.44,6.39,10.48,16.46,1.19,8.97,6.1,47.6,12.1,773.6,32.88,312.7,-0.0138,0.0475,0.289,0.545,1,5,5,1,0,0.0393
2.47,6.66,11.14,19.68,27.76,63.66,82.79,3.14,46.33,19.9,86.9,23.3,2917.4,4.34,7.3,0.0472,-0.0306,0.617,0.9,0,2,4,0,0,0.0738
0.88,2.21,2.99,4.07,6.25,9.63,12.64,1.08,7.75,17.6,74.7,3.0,1655.0,18.77,87.7,0.0141,0.081,0.379,0.679,8,2,3,0,0,0.0205
0.47,1.25,2.56,3.99,6.11,8.73,14.61,0.52,7.97,15.4,73.0,14.1,3937.4,27.9,32.4,-0.0442,0.0521,0.399,0.727,4,2,5,0,0,0.0161
1.43,3.27,4.59,6.03,8.54,20.5,37.16,1.82,17.4,18.9,19.8,31.8,620.7,23.0,159.1,0.0029,0.0736,0.365,0.754,0,4,2,1,0,0.1084
5.46,10.54,19.79,33.59,41.99,62.85,117.42,6.47,59.76,17.1,41.2,4.0,1465.4,8.75,320.4,0.0654,0.0027,0.501,0.373,1,2,4,0,1,0.5896
0.1,0.21,0.31,0.47,0.68,1.23,1.92,0.11,1.02,22.7,62.6,7.3,520.9,9.36,168.3,-0.0075,-0.0628,0.318,0.917,3,2,4,0,0,0.0023
2.34,6.03,11.44,19.48,23.23,38.02,69.98,2.69,35.13,23.9,58.0,7.5,3887.5,17.56,305.9,-0.0517,0.023,0.458,0.733,2,1,3,1,0,0.2314
15.6,27.44,34.19,55.47,63.85,83.78,111.3,17.45,71.12,19.8,94.3,22.7,3691.0,14.82,117.8,-0.0794,-0.0849,0.705,0.665,4,0,2,3,1,0.9936
2.94,4.99,6.86,8.73,12.63,18.89,30.49,3.5,16.76,13.0,50.2,18.5,1120.5,15.64,122.2,-0.0386,-0.0168,0.295,0.502,2,0,3,2,0,0.0921
0.24,0.39,0.74,0.83,1.09,2.19,3.97,0.35,1.92,17.0,77.1,5.5,2788.9,7.98,322.4,-0.0205,0.0096,0.38,0.441,3,0,5,1,0,0.0053
1.02,1.67,2.99,5.34,7.89,10.31,19.81,1.5,10.29,4.2,47.6,10.5,3441.5,19.34,153.3,0.041,0.1189,0.357,0.401,2,5,1,2,0,0.2338
1.07,2.27,3.99,5.66,6.45,8.07,14.57,1.42,7.92,22.0,64.9,14.8,2354.1,41.85,284.3,-0.056,0.0159,0.43,0.579,3,4,2,3,0,0.7771
0.37,0.91,1.18,1.52,2.43,3.42,6.43,0.51,3.31,19.5,90.5,24.9,2248.0,8.99,85.2,0.0777,0.007,0.422,0.531,1,0,3,1,0,0.0122
1.39,3.7,7.64,12.74,17.29,27.28,51.8,1.67,25.82,19.0,73.3,1.1,1053.7,16.75,341.6,-0.0669,-0.0032,0.483,0.294,2,0,3,1,0,0.2597
4.97,11.12,20.4,24.88,38.47,81.78,109.82,6.89,61.37,14.4,85.1,6.6,436.4,26.28,206.8,0.1166,-0.0671,0.606,0.418,0,2,1,1,1,0.9964
6.48,13.91,24.72,35.97,48.22,88.4,122.97,9.23,69.72,29.6,86.2,20.5,3773.4,6.76,273.4,0.0863,0.0043,0.65,0.66,2,2,4,0,1,0.6574
8.95,17.93,38.74,53.98,66.01,121.96,222.15,12.53,109.13,29.4,98.0,28.1,3786.7,19.44,32.2,0.0071,0.0051,0.945,0.497,2,4,5,1,1,0.9989
0.65,1.23,2.15,2.56,3.23,5.43,10.53,0.71,5.12,24.7,92.6,9.3,2677.4,32.36,177.4,-0.0824,-0.0484,0.459,0.808,4,2,1,0,0,0.1858
0.08,0.12,0.25,0.39,0.6,1.33,2.43,0.11,1.15,11.2,84.5,24.3,1457.0,10.24,324.4,-0.0028,-0.0593,0.316,0.734,1,5,5,1,0,0.0033
1.63,4.0,5.65,9.71,14.08,17.67,22.98,2.29,15.09,14.8,80.4,2.9,1499.2,20.49,315.7,-0.0193,-0.0241,0.387,0.417,2,0,2,0,0,0.1417
51.72,82.34,125.95,220.42,263.57,517.44,1031.19,70.17,479.41,23.8,83.1,17.6,3062.7,31.15,16.9,-0.0637,0.0032,0.95,0.732,0,1,2,0,1,1.0
0.32,0.79,1.47,2.19,2.79,6.83,11.42,0.45,5.54,16.8,62.2,15.2,3773.0,56.2,109.3,0.0146,-0.0229,0.389,0.66,3,6,1,0,1,0.9598
0.35,0.85,1.56,1.74,1.94,3.77,5.77,0.5,3.06,26.5,21.9,11.5,3731.4,19.92,159.6,-0.0412,-0.0525,0.229,0.602,4,0,2,1,0,0.0261
0.81,2.24,2.88,3.95,5.62,12.13,23.87,1.04,10.96,7.5,94.8,28.1,3286.5,12.35,62.0,-0.0357,0.0145,0.484,0.419,4,1,5,0,0,0.0129
0.41,0.63,0.79,1.17,1.51,2.1,4.0,0.55,2.05,5.0,43.7,25.1,2714.4,5.44,262.8,-0.0102,0.0269,0.388,0.685,7,1,1,2,0,0.0178
1.04,1.88,2.66,4.73,5.34,10.39,16.96,1.22,8.71,29.3,56.4,13.6,399.2,12.42,66.4,-0.0287,0.0061,0.423,0.444,7,2,3,2,0,0.0433
0.74,1.19,2.06,2.9,4.39,7.07,10.09,0.78,5.82,28.7,50.0,20.8,720.8,7.68,124.8,0.1039,-0.0281,0.299,0.392,4,1,2,4,0,0.0596
11.87,32.2,63.54,85.57,112.62,238.81,363.4,15.06,189.97,14.4,83.4,2.7,3779.0,43.62,238.8,-0.0268,0.0297,0.95,0.557,1,5,1,0,1,1.0
1.46,3.16,5.01,8.76,12.9,18.5,29.52,1.84,16.52,26.1,69.8,22.4,2566.7,30.16,173.6,0.022,-0.0095,0.44,0.885,1,6,5,2,0,0.0668
1.11,3.04,4.42,6.23,8.72,16.99,27.96,1.55,14.29,23.9,64.1,12.6,88.2,9.36,265.9,0.0073,-0.0595,0.451,0.698,2,4,3,1,0,0.0245
0.2,0.34,0.61,1.08,1.45,2.7,4.69,0.22,2.35,20.9,32.9,42.2,471.1,11.93,346.0,0.0176,0.0518,0.243,0.637,8,1,3,2,0,0.0128
0.58,1.12,1.45,1.92,2.22,4.76,7.77,0.83,3.91,24.8,68.6,31.2,2803.5,19.74,42.0,0.0215,0.0177,0.372,0.66,2,7,3,0,0,0.0161
4.96,11.57,15.86,25.73,36.4,75.31,141.88,6.93,67.04,11.2,93.6,12.8,71.0,32.24,255.4,0.0441,-0.006,0.705,0.895,0,3,1,0,1,0.9959
1.68,3.12,5.16,8.72,12.01,26.01,30.95,2.29,18.44,12.2,63.4,31.2,717.4,24.88,82.9,0.0133,-0.0786,0.42,0.491,7,1,2,2,1,0.3698
4.52,12.2,26.43,45.49,72.52,174.05,339.99,4.94,153.89,17.1,71.6,17.2,2327.2,23.6,149.2,0.0112,-0.0372,0.95,0.804,2,0,2,1,1,1.0
0.83,1.73,2.63,3.44,4.79,9.32,11.88,0.97,6.98,23.6,86.2,8.7,2921.4,21.24,11.8,0.0029,0.1009,0.392,0.656,3,3,5,1,0,0.0144
0.24,0.55,1.13,2.02,2.77,4.76,6.44,0.29,3.77,21.4,94.5,19.5,2755.6,9.69,48.9,-0.0069,-0.0754,0.456,0.87,4,3,3,0,0,0.0053
2.36,4.61,10.04,16.26,25.53,47.19,87.63,2.36,42.64,16.8,91.7,10.8,980.7,19.88,115.1,-0.0456,-0.0126,0.666,0.75,4,0,2,0,0,0.6053
0.15,0.26,0.53,0.64,0.86,1.81,2.67,0.16,1.42,15.7,34.3,16.5,3005.5,18.58,123.1,-0.003,-0.0008,0.306,0.929,4,2,2,0,0,0.009
4.28,10.87,17.85,29.13,34.93,52.71,86.29,5.71,46.97,20.0,64.5,24.7,1034.6,7.6,323.9,0.0121,0.016,0.453,0.436,4,7,5,3,0,0.4143
0.55,1.39,2.79,4.7,6.1,8.84,14.42,0.71,7.95,23.4,96.9,5.9,1400.4,43.05,267.1,0.0201,-0.0749,0.415,0.719,3,1,1,2,1,0.7575
9.66,24.74,30.79,37.8,47.08,61.93,75.48,14.23,50.83,26.0,85.1,12.7,3147.9,13.38,350.0,0.009,0.0087,0.459,0.448,2,1,2,0,1,0.8287
2.81,5.42,11.19,13.63,18.46,31.78,46.42,3.05,26.01,7.1,56.2,14.6,2746.0,7.74,215.7,-0.0116,-0.0843,0.419,0.571,3,6,2,2,0,0.1389
0.92,2.4,4.05,4.83,7.44,9.68,18.58,1.16,9.67,11.6,77.7,9.2,3574.3,14.71,87.0,-0.0029,0.0049,0.277,0.689,4,0,4,0,0,0.0101
0.84,1.61,2.66,3.86,4.26,5.74,6.62,0.85,4.58,14.8,51.7,7.8,2779.1,16.38,118.0,-0.0277,-0.0326,0.256,0.467,2,6,4,0,0,0.0102
0.31,0.61,1.18,1.88,2.57,6.02,10.44,0.4,5.02,26.3,71.9,12.5,2408.5,18.27,115.1,0.0157,-0.0433,0.36,0.563,1,4,3,1,0,0.0248
39.08,73.84,157.35,214.83,297.54,589.27,911.69,41.14,479.38,16.9,89.9,14.7,438.8,16.22,117.5,-0.0111,0.0417,0.95,0.556,1,1,2,0,1,1.0
0.62,1.28,1.86,2.12,2.64,6.43,7.23,0.65,4.34,3.3,59.9,6.8,1576.0,18.85,242.3,0.009,-0.0118,0.371,0.545,2,0,2,0,0,0.0307
1.48,2.27,3.69,4.99,6.84,11.46,17.57,1.81,9.65,20.2,70.2,18.9,1150.6,20.64,191.1,0.05,0.0237,0.36,0.489,0,0,2,0,0,0.0682
0.42,0.78,1.44,2.28,3.53,5.9,8.56,0.5,4.85,12.7,36.8,3.8,1062.6,20.06,138.8,-0.0355,0.0253,0.36,0.86,4,1,5,0,0,0.005
2.02,3.69,6.67,7.79,11.94,27.6,46.17,2.47,22.62,13.3,70.6,4.2,4088.0,23.51,53.7,0.0298,0.0635,0.421,0.547,0,3,5,1,1,0.0799
1.79,4.66,6.69,9.97,11.95,23.32,29.92,1.81,17.49,7.5,80.8,5.2,1681.4,24.27,8.0,0.0017,-0.0604,0.486,0.328,0,2,2,1,0,0.4628
0.01,0.03,0.04,0.06,0.08,0.15,0.22,0.01,0.12,16.0,60.3,15.2,3752.0,24.59,78.8,0.1011,0.046,0.346,0.605,0,3,2,0,0,0.0298
0.16,0.3,0.4,0.63,0.92,1.78,2.91,0.17,1.49,12.4,50.8,7.7,2669.2,27.89,38.7,-0.0108,0.0008,0.275,0.808,2,3,4,0,0,0.0086
0.13,0.25,0.31,0.42,0.66,1.5,2.66,0.14,1.27,6.5,74.6,36.0,3348.5,12.52,282.8,0.0348,-0.0189,0.37,0.692,1,2,2,1,0,0.0139
13.71,37.73,47.56,83.19,122.74,254.82,345.24,16.67,192.97,25.8,83.4,1.7,2135.9,12.8,40.5,0.0008,-0.0575,0.95,0.489,2,7,1,0,1,1.0
12.19,27.73,40.09,72.02,103.03,148.96,260.12,14.87,138.33,17.8,95.3,16.4,2444.2,32.31,260.7,-0.0694,0.0303,0.95,0.521,6,3,2,1,1,1.0
0.59,1.42,2.73,4.61,5.63,11.9,18.07,0.69,9.46,19.2,70.8,17.4,2093.9,14.97,138.8,-0.026,-0.0461,0.429,0.307,4,6,3,4,0,0.1369
2.18,6.02,8.77,10.31,13.96,26.6,41.62,2.29,21.94,6.8,46.7,5.0,860.3,17.7,26.4,0.044,0.0259,0.373,0.821,5,0,5,0,0,0.0205
15.56,36.67,52.26,67.29,87.38,118.28,187.78,22.24,107.1,14.1,83.5,17.2,3048.2,16.83,292.6,-0.0216,0.0964,0.808,0.151,2,3,2,0,1,1.0
0.17,0.34,0.63,0.78,1.01,1.63,2.05,0.22,1.27,21.4,56.8,15.9,1215.2,55.13,208.7,-0.111,0.049,0.29,0.605,5,2,2,3,1,0.7949
5.77,11.53,20.32,23.11,28.33,62.14,84.16,7.59,46.49,2.8,92.6,8.1,150.9,11.28,84.9,-0.0016,0.0696,0.562,0.482,4,6,2,0,1,0.5456
0.16,0.27,0.46,0.8,1.01,2.44,4.42,0.19,2.07,20.1,44.2,6.9,2728.7,11.15,322.1,-0.0546,-0.036,0.29,0.613,7,2,1,0,0,0.0143
0.7,1.14,2.11,2.6,3.83,6.95,10.37,1.01,5.67,21.5,71.1,3.7,785.0,18.88,16.3,0.0066,0.0381,0.299,0.736,0,1,4,0,0,0.0086
0.54,1.08,1.69,2.3,2.99,6.36,9.05,0.63,4.9,20.7,73.8,9.0,3952.9,17.1,72.7,0.0776,-0.0572,0.265,0.685,0,1,1,0,0,0.0249
1.86,3.8,4.61,6.28,7.11,8.98,10.66,2.46,7.4,20.1,49.2,31.1,4008.8,9.31,270.7,0.0385,-0.0117,0.323,0.436,0,0,1,1,0,0.048
2.71,6.39,10.41,17.12,19.25,35.99,45.43,3.96,27.09,15.4,86.6,24.3,3846.7,18.03,255.4,0.0768,0.0871,0.559,0.578,6,0,3,2,0,0.3136
3.14,6.59,10.33,14.6,17.53,32.55,51.86,4.7,27.24,11.6,69.4,24.1,1586.2,19.17,104.1,-0.0281,-0.0304,0.477,0.189,3,2,1,3,1,0.8903
4.44,10.86,21.42,29.13,35.31,88.06,134.96,4.9,68.11,4.1,61.6,1.5,114.1,14.11,22.3,-0.0072,0.0556,0.689,0.857,2,5,2,1,1,0.8444
0.0,0.0,0.0,0.01,0.01,0.02,0.05,0.0,0.02,28.0,34.5,16.2,3902.5,17.44,308.9,-0.0522,0.0508,0.277,0.648,2,0,2,2,0,0.0237
0.39,0.74,1.47,2.16,3.0,5.45,6.88,0.53,4.13,19.5,72.4,7.9,1827.0,11.94,112.9,-0.0342,0.0537,0.381,0.297,4,1,4,0,0,0.0113
0.12,0.33,0.62,0.73,1.1,1.55,2.01,0.13,1.28,8.4,64.1,57.6,4061.6,9.32,70.5,-0.0463,-0.0634,0.318,0.983,6,5,2,0,0,0.0043
15.89,24.74,37.95,58.14,66.78,124.36,214.17,17.28,108.0,17.3,84.3,14.0,4049.0,14.91,185.8,-0.0653,0.0263,0.866,0.773,3,1,5,0,1,0.9937
1.36,3.21,5.87,9.84,11.43,23.79,34.63,1.71,18.6,14.6,87.3,19.3,3590.0,10.23,327.7,0.0683,-0.0078,0.511,0.709,4,7,2,1,0,0.0574
0.46,1.03,1.78,3.12,3.54,7.66,10.48,0.58,5.77,22.0,70.2,13.1,1272.0,8.22,15.7,-0.1046,0.0544,0.371,0.754,1,1,5,0,0,0.0031
0.32,0.5,0.7,1.09,1.54,2.21,2.55,0.44,1.73,16.2,71.0,16.9,1648.2,5.29,275.7,0.0685,-0.0828,0.348,0.306,2,2,2,1,0,0.015
0.73,1.23,2.58,4.32,6.0,13.08,22.04,0.89,10.88,10.8,48.0,21.2,3582.2,21.43,206.1,0.0623,0.0184,0.417,0.737,5,0,3,0,0,0.0302
0.03,0.05,0.07,0.09,0.11,0.28,0.52,0.04,0.24,26.5,33.6,29.4,1365.2,14.62,153.2,0.025,0.0113,0.26,0.655,4,7,5,0,0,0.003
5.43,8.87,11.87,17.32,19.73,28.08,55.67,8.14,27.84,19.9,53.2,11.5,753.4,32.41,267.9,-0.0557,-0.0995,0.456,0.774,3,5,3,0,0,0.4469
5.12,10.14,16.33,21.2,27.93,50.85,76.78,7.55,41.68,28.9,77.1,33.3,2360.7,15.33,347.7,-0.0791,-0.0443,0.488,0.489,0,4,1,0,1,0.695
0.22,0.51,1.0,1.79,2.32,5.4,9.0,0.28,4.41,14.2,65.3,23.3,3935.0,21.38,82.5,-0.0274,-0.0915,0.364,0.511,0,0,3,1,0,0.0345
0.31,0.77,1.1,1.5,1.72,2.75,3.51,0.44,2.17,26.2,85.0,22.8,2938.5,12.99,51.7,0.0313,-0.0363,0.401,0.582,0,7,2,0,0,0.0149
1.25,2.47,5.11,6.42,8.19,10.53,18.82,1.46,10.2,15.2,44.8,29.3,2415.8,18.56,328.6,0.0002,0.0275,0.346,0.646,2,6,2,1,0,0.0565
24.08,63.75,113.32,185.9,282.32,696.15,962.26,33.5,513.41,15.1,93.2,33.0,453.3,5.32,240.8,-0.0522,0.0098,0.95,0.804,2,2,4,0,1,1.0
28.07,74.01,102.88,146.25,226.36,483.28,903.12,37.0,425.83,15.9,89.1,4.5,2602.3,14.78,157.7,0.0574,0.0085,0.95,0.795,7,3,3,0,1,1.0
0.08,0.14,0.25,0.29,0.36,0.5,0.92,0.1,0.48,21.5,62.6,7.0,4158.7,11.32,206.4,0.0842,-0.052,0.325,0.511,3,7,2,0,0,0.0109
1.68,3.99,5.71,9.43,11.72,21.02,24.96,2.08,15.6,18.6,29.2,24.9,631.3,30.7,268.4,-0.0113,0.056,0.282,0.303,1,2,1,0,0,0.4727
0.35,0.65,0.92,1.32,1.64,3.22,5.39,0.43,2.73,20.0,34.5,23.1,2201.1,20.64,278.3,0.0055,-0.0009,0.35,0.781,0,0,3,1,0,0.0161
1.16,2.63,3.56,5.89,8.32,19.92,36.91,1.54,17.12,6.3,62.2,17.8,3691.1,28.47,331.2,-0.0754,0.0017,0.363,0.542,4,5,2,4,0,0.5007
0.49,0.97,1.73,2.81,3.61,5.7,8.97,0.66,4.93,12.4,38.8,11.2,3124.2,34.27,153.7,-0.0207,0.047,0.279,0.631,2,2,1,1,0,0.191
1.12,2.5,3.02,4.53,6.51,14.73,25.7,1.39,12.38,27.0,47.5,0.6,2942.6,14.09,105.6,0.0255,-0.0496,0.354,0.736,3,7,1,0,1,0.0396
10.26,23.76,51.16,82.06,90.55,108.81,140.98,14.68,94.14,26.7,68.5,5.9,2965.3,20.17,230.3,0.0177,0.0114,0.716,0.647,2,2,3,0,1,0.9977
47.51,80.59,98.87,168.03,236.63,553.72,920.84,69.99,451.46,9.3,84.9,7.3,1541.9,9.65,149.7,-0.0254,0.0212,0.95,0.754,0,0,2,2,1,1.0
0.64,1.38,2.93,4.14,5.35,11.71,19.26,0.85,9.62,23.6,51.8,22.0,1268.4,23.11,214.1,-0.0137,-0.0273,0.376,0.694,0,2,2,0,0,0.0504
5.04,8.64,13.23,23.41,33.1,80.25,107.87,5.52,58.61,17.3,78.8,13.0,3408.8,24.91,151.2,-0.0224,0.0326,0.628,0.246,2,3,4,0,1,0.9229
0.05,0.09,0.16,0.2,0.31,0.53,1.03,0.06,0.5,15.6,42.9,7.0,3412.0,22.28,55.1,-0.0139,0.0239,0.206,0.774,2,0,4,0,0,0.0051
8.85,21.84,37.13,66.04,104.43,256.64,381.04,13.27,195.97,10.8,88.2,6.6,3648.4,14.08,169.0,0.0212,-0.0051,0.95,0.681,3,2,2,0,1,1.0
14.54,39.08,58.93,74.44,102.39,228.84,397.01,18.35,192.3,4.7,99.7,7.7,3839.9,45.14,248.7,-0.0984,-0.0066,0.95,0.382,3,0,2,0,1,1.0
0.52,1.07,1.62,2.36,2.81,3.89,4.59,0.69,3.1,10.3,72.7,19.5,2172.1,19.14,287.7,-0.0037,0.0262,0.354,0.486,7,3,3,1,0,0.028
1.91,4.74,6.33,9.04,14.14,21.22,23.4,2.39,16.1,16.9,48.3,4.8,2131.3,70.74,177.6,0.0175,0.0394,0.316,0.34,5,7,4,1,1,0.9999
0.05,0.12,0.18,0.21,0.28,0.62,1.21,0.07,0.56,17.6,73.1,18.5,3362.9,9.69,59.5,-0.0285,0.0031,0.428,0.597,2,3,1,2,0,0.0288
0.48,1.27,2.33,2.87,3.67,6.6,11.52,0.59,5.81,24.5,46.8,15.0,2747.4,26.16,149.3,-0.024,0.056,0.289,0.603,2,3,3,1,0,0.0389
2.9,7.87,14.09,23.69,27.75,60.76,75.15,4.17,43.69,19.4,54.1,18.3,2963.2,31.17,283.1,-0.0225,0.0329,0.578,0.672,3,1,3,0,0,0.7777
0.77,2.0,4.1,5.3,8.25,14.81,23.63,0.88,12.5,11.0,58.9,22.9,3352.5,9.81,148.6,-0.024,-0.0894,0.434,0.517,0,2,4,1,0,0.0193
0.34,0.92,1.31,1.45,2.29,4.6,5.48,0.51,3.32,10.5,40.8,10.1,3743.5,16.39,250.8,0.0003,-0.0702,0.29,0.509,8,2,2,2,0,0.0395
1.1,2.0,2.72,4.57,7.23,11.85,21.34,1.44,10.83,25.7,57.1,4.2,1452.7,7.64,182.6,0.0065,0.0591,0.325,0.65,2,4,2,2,0,0.0319
0.68,1.28,2.57,4.55,6.05,10.99,15.78,0.71,8.81,22.9,86.9,15.0,1608.7,34.95,86.8,-0.105,-0.0123,0.428,0.895,6,5,2,0,0,0.1122
0.5,1.13,2.26,3.33,5.08,11.69,13.3,0.61,8.03,16.4,40.7,10.9,440.0,17.93,286.6,0.0326,0.0082,0.347,0.504,7,3,5,0,0,0.0101
2.83,7.19,13.87,21.06,30.57,56.51,63.52,3.39,40.7,21.7,74.9,9.2,2449.9,11.35,30.3,-0.0145,0.057,0.535,0.327,2,7,1,0,0,0.5886
31.43,50.62,67.84,80.0,106.72,223.53,294.81,46.1,166.94,23.9,93.7,26.6,199.2,31.38,189.0,0.0966,-0.0003,0.95,0.549,0,4,4,1,1,1.0
0.81,1.56,3.27,5.77,8.74,12.82,16.27,0.93,10.33,5.6,71.4,22.0,1982.2,18.86,75.2,-0.0596,0.0019,0.394,0.809,2,0,5,0,0,0.0088
1.39,2.67,4.27,5.33,7.11,14.9,29.75,1.71,13.65,12.3,93.3,5.9,2302.0,29.16,24.1,-0.0434,-0.0434,0.581,0.79,2,2,5,2,0,0.088
1.9,5.0,7.79,11.56,17.26,23.05,45.12,2.59,23.08,13.1,56.9,8.4,1239.1,23.89,181.1,-0.0101,0.0185,0.451,0.73,4,6,2,0,0,0.2103
1.83,4.51,6.07,10.78,17.0,33.91,64.16,1.91,30.47,10.0,57.8,4.2,2502.0,10.44,179.8,0.0207,0.0293,0.477,0.653,0,6,4,1,0,0.0707
0.45,1.06,1.47,2.07,2.97,5.66,8.17,0.5,4.5,14.0,93.1,12.7,176.6,13.81,254.5,-0.0975,-0.0289,0.408,0.48,2,1,3,1,0,0.0217
1.62,2.83,3.67,4.27,6.7,11.69,13.04,2.16,8.53,21.1,36.5,17.6,205.0,11.54,268.1,-0.0415,-0.0461,0.251,0.639,6,3,4,1,0,0.0119
3.76,8.19,14.21,17.77,24.29,55.27,80.06,3.95,42.33,14.0,68.4,17.6,3463.8,9.28,262.0,0.0296,0.1313,0.518,0.471,8,2,1,2,1,0.5972
36.42,55.06,86.93,99.97,121.36,237.17,424.35,41.63,207.86,24.6,91.0,43.3,1544.8,6.38,147.4,-0.0474,-0.0046,0.95,0.917,0,0,4,0,1,1.0
0.11,0.2,0.27,0.38,0.52,0.8,0.95,0.14,0.62,14.8,71.2,10.0,577.3,49.81,227.4,0.0685,-0.0342,0.261,0.909,5,5,3,1,1,0.0793
2.87,7.3,13.71,20.73,28.47,53.07,67.37,3.19,40.08,18.0,66.5,10.9,2217.3,22.06,207.7,-0.0227,0.0353,0.497,0.952,0,6,3,0,0,0.2361
1.38,3.25,4.97,7.02,8.65,19.34,25.9,1.61,14.34,12.6,45.8,4.6,3245.5,23.81,151.8,-0.045,-0.0025,0.236,0.575,4,2,3,0,0,0.0422
0.04,0.09,0.17,0.23,0.33,0.77,0.89,0.05,0.53,15.9,58.2,29.4,945.7,33.21,215.0,0.0305,-0.0543,0.362,0.718,1,0,2,0,0,0.0579
2.18,5.66,11.31,13.76,16.2,25.97,36.9,3.02,21.39,14.6,33.7,9.1,2635.0,13.73,341.0,0.0804,0.0242,0.399,0.849,7,4,1,0,0,0.0804
0.17,0.35,0.64,1.02,1.36,1.78,2.51,0.19,1.55,16.5,55.2,8.7,404.2,8.01,69.4,0.0208,-0.0427,0.335,0.396,3,2,3,0,0,0.0076
5.91,11.01,13.32,23.64,28.92,44.26,67.22,8.23,37.99,9.0,80.1,10.6,264.5,27.83,326.1,0.063,0.0788,0.577,0.657,2,0,2,1,1,0.8883
0.99,2.56,3.8,5.06,8.05,18.97,21.75,1.11,13.0,5.9,49.3,1.3,2255.1,8.85,19.2,0.0838,0.0247,0.314,0.923,1,0,2,0,0,0.0118
0.52,0.98,1.2,1.76,2.11,4.35,5.65,0.53,3.24,5.5,60.0,10.1,2293.6,27.48,111.0,-0.0461,-0.0138,0.307,0.558,1,0,5,4,0,0.0449
1.44,3.77,5.87,7.13,11.23,27.52,42.77,2.08,21.5,22.2,84.8,4.6,2695.3,7.23,103.7,0.0469,0.0055,0.499,0.388,3,3,1,1,0,0.1347
0.29,0.68,1.38,1.59,2.49,3.12,5.75,0.39,3.09,14.4,43.6,17.6,3063.3,8.46,225.5,-0.0762,0.0452,0.354,0.529,5,1,2,0,0,0.0109
1.16,2.69,5.4,6.57,8.4,13.91,16.42,1.28,10.52,21.3,70.7,22.5,4099.8,12.94,47.2,0.0212,0.0093,0.315,0.436,4,0,2,0,0,0.0342
1.01,1.62,2.21,2.57,2.85,4.94,5.87,1.16,3.7,13.7,35.6,13.7,2192.6,26.94,317.6,-0.0036,0.1061,0.259,0.847,4,6,2,1,0,0.0318
45.22,95.9,179.9,275.57,403.74,658.8,770.18,50.44,498.56,16.1,92.5,14.5,1390.3,42.05,298.3,0.0621,0.0568,0.95,0.425,4,7,4,0,1,1.0
1.65,3.28,6.82,10.63,12.52,19.16,29.58,2.26,16.57,23.1,45.6,13.8,3350.0,23.79,234.7,0.0586,0.0244,0.294,0.536,7,0,1,0,0,0.186
0.65,1.75,3.61,6.5,9.22,16.56,20.92,0.65,12.6,25.6,96.4,23.3,1174.0,13.24,165.0,0.0285,-0.0468,0.394,0.744,4,0,3,1,0,0.0233
2.85,4.32,8.66,15.54,18.64,38.8,55.62,4.22,30.13,23.3,44.7,1.6,1871.7,30.47,335.9,0.0149,-0.0073,0.344,0.44,1,2,2,2,1,0.7312
0.13,0.3,0.43,0.61,0.67,0.97,1.41,0.16,0.83,14.0,71.5,3.1,375.6,7.08,299.1,0.0254,0.0239,0.35,0.646,4,0,4,1,0,0.0045
2.21,4.49,9.76,12.31,13.75,30.65,36.72,2.52,21.66,2.9,89.1,17.8,155.2,10.79,179.8,0.0031,-0.0411,0.482,0.856,1,0,3,1,0,0.0389
0.86,2.2,4.22,6.09,8.65,12.8,25.06,1.2,12.49,6.9,56.6,19.0,4045.0,19.86,252.7,-0.0031,0.0647,0.402,0.444,8,1,4,2,0,0.0706
0.56,1.45,2.75,4.75,7.19,17.69,29.29,0.65,14.26,19.1,83.7,8.1,3519.3,28.31,204.1,0.0721,-0.0487,0.457,0.458,2,6,4,0,0,0.0928
14.22,29.91,63.37,99.95,153.41,339.88,602.64,18.27,289.32,12.6,90.4,12.4,2938.3,16.86,211.7,0.0781,-0.0319,0.95,0.594,1,7,5,1,1,1.0
0.33,0.57,0.88,1.35,1.91,3.09,5.25,0.4,2.75,8.8,79.4,14.9,1747.2,15.85,119.2,-0.0071,-0.0281,0.344,0.627,1,4,5,4,0,0.019
0.83,1.46,2.4,3.81,4.84,9.49,14.26,1.08,7.63,21.3,61.2,11.7,769.2,16.38,166.4,0.0119,0.0372,0.354,0.56,3,3,3,1,0,0.0276
0.94,2.28,3.74,4.51,6.25,10.61,20.73,0.98,10.02,33.0,85.5,14.3,699.2,33.05,28.1,0.0041,-0.0402,0.411,0.836,0,3,3,0,0,0.0654
14.48,37.22,48.99,66.97,96.09,239.98,336.57,17.27,177.77,17.5,89.9,11.3,1088.5,11.99,128.6,-0.0806,-0.09,0.95,0.407,7,2,1,0,1,1.0
32.76,64.74,96.37,118.99,167.73,305.43,595.67,47.53,283.98,10.5,79.1,8.0,2329.3,10.35,250.5,-0.0168,0.0544,0.95,0.36,1,2,1,0,1,1.0
3.53,6.98,13.29,23.46,28.58,59.53,99.05,5.26,49.65,16.5,64.9,10.4,3015.6,16.24,343.2,0.08,-0.0222,0.6,0.603,1,3,2,0,1,0.685
3.37,5.78,7.17,8.86,12.45,25.25,37.82,3.56,20.13,10.1,88.7,13.6,2789.8,35.45,346.7,-0.0375,-0.0534,0.468,0.384,0,3,3,1,1,0.6936
1.49,3.5,5.82,7.14,9.33,14.86,25.4,1.98,13.33,18.1,57.7,16.2,1211.7,12.82,200.1,0.1057,-0.0377,0.313,0.637,1,0,2,0,0,0.0311
0.59,0.97,1.87,3.25,4.31,7.33,13.54,0.71,6.73,24.7,48.8,6.8,4012.7,16.35,218.4,0.0586,0.0858,0.279,0.496,2,0,2,2,1,0.0524
1.48,3.58,6.93,12.23,17.7,32.81,63.45,1.75,30.26,19.4,69.2,7.6,3112.3,7.01,66.9,0.0201,-0.0329,0.441,0.723,2,7,3,0,0,0.0476
5.0,11.4,24.11,38.54,55.04,83.81,138.59,5.05,74.86,16.8,59.9,25.0,2350.6,16.74,250.3,0.028,-0.0062,0.647,0.443,1,1,2,1,1,0.9841
3.22,8.23,14.49,26.07,31.28,45.62,78.03,3.41,41.86,19.8,80.1,1.3,2588.6,21.49,25.4,-0.0459,-0.0223,0.609,0.624,0,1,3,0,1,0.5703
10.35,23.57,33.17,37.66,41.44,101.79,199.29,11.55,89.78,8.8,97.7,8.0,1791.3,8.86,102.5,-0.0133,-0.0616,0.848,0.683,1,2,3,0,1,0.96
2.54,4.5,8.86,14.21,21.71,34.03,53.19,3.13,29.4,22.3,49.1,21.8,1078.1,33.09,240.6,0.0721,-0.0371,0.419,0.572,4,1,5,0,1,0.2183
2.4,5.4,9.21,11.34,16.44,27.07,51.14,3.2,25.31,17.2,24.8,18.4,1527.3,21.34,111.7,-0.0307,-0.0651,0.446,0.644,2,0,2,1,0,0.2928
3.74,10.0,20.15,27.47,42.48,96.32,152.65,4.77,77.11,19.6,69.6,9.3,3195.1,13.99,17.9,0.0531,0.0478,0.764,0.778,1,0,2,0,1,0.9257
0.07,0.18,0.26,0.34,0.42,0.94,1.74,0.09,0.82,22.4,63.0,14.3,109.7,21.42,299.5,-0.0689,0.005,0.339,0.194,1,3,1,1,0,0.1642
11.52,19.85,23.96,40.93,65.22,91.45,148.91,15.12,82.92,15.5,81.2,36.0,531.7,24.54,111.7,-0.0599,0.1241,0.751,0.344,2,0,2,1,1,0.9998
1.18,1.92,2.84,3.36,4.43,6.24,8.19,1.44,5.16,21.4,42.8,11.0,240.9,5.79,22.7,0.0951,-0.0354,0.238,0.819,1,3,2,0,0,0.0065
11.34,31.15,43.08,56.7,88.35,125.45,159.79,13.4,102.23,21.8,86.3,5.1,219.0,21.87,26.9,-0.0006,-0.0429,0.753,0.749,3,0,4,0,1,0.997
0.64,1.59,3.05,4.97,7.07,13.7,18.98,0.96,10.64,17.8,39.4,4.1,3600.2,34.8,90.6,-0.0269,0.0767,0.284,0.483,8,0,3,1,0,0.1496
2.31,5.95,10.13,16.45,20.36,46.21,62.02,3.29,34.19,28.5,54.0,9.0,2970.2,11.89,64.1,0.0681,0.0529,0.447,0.584,0,5,3,3,0,0.2794
4.66,12.44,19.57,28.95,36.69,79.14,115.74,4.9,61.56,8.8,75.6,3.9,2017.8,14.16,278.7,0.0623,0.0192,0.628,0.808,0,4,3,2,1,0.75
0.66,1.4,1.79,2.98,4.23,7.2,12.43,0.89,6.39,21.4,73.3,14.8,456.0,15.53,115.8,0.046,-0.0557,0.346,0.351,0,3,2,0,0,0.0392
4.84,12.76,18.04,20.91,30.11,58.93,110.56,7.25,52.91,6.8,75.0,13.5,2090.2,28.48,289.7,-0.0285,0.0872,0.569,0.795,2,0,5,0,1,0.6006
0.93,1.56,3.31,3.66,5.03,10.64,13.24,1.22,7.73,13.6,45.7,14.1,2014.9,9.82,62.6,-0.0143,-0.0036,0.268,0.921,0,0,4,0,0,0.0042
2.36,4.58,6.44,7.55,11.88,14.42,23.22,2.62,13.57,17.3,28.3,13.9,768.8,23.94,177.4,0.0156,-0.0215,0.277,0.295,2,4,2,1,0,0.2161
0.22,0.44,0.78,1.3,1.86,4.21,7.15,0.3,3.49,11.8,64.8,25.4,1850.5,15.69,247.7,0.0347,0.0571,0.283,0.489,6,0,2,0,0,0.0192
2.02,3.13,6.32,9.14,10.81,23.98,38.04,2.21,19.29,22.5,84.1,13.1,1703.8,43.08,234.7,-0.0254,-0.0011,0.553,0.441,0,4,2,2,1,0.9893
12.17,21.21,31.63,43.3,48.79,105.4,122.24,17.16,73.99,29.1,95.9,10.5,2605.8,16.21,216.4,0.0085,-0.0583,0.574,0.576,2,2,3,0,1,0.9526
38.86,95.1,190.37,240.63,364.25,893.73,1497.74,49.09,725.35,27.4,84.0,19.6,2685.6,3.86,332.9,0.0134,0.002,0.95,0.539,4,3,2,2,1,1.0
0.22,0.47,0.71,0.85,1.05,1.28,1.78,0.25,1.13,17.2,75.1,5.8,238.0,26.34,82.3,0.0643,-0.0391,0.419,0.752,0,3,3,2,0,0.0415
44.06,100.28,178.03,268.02,425.73,967.23,1270.42,51.7,708.42,30.0,84.8,8.9,1604.6,23.3,177.7,0.0377,-0.1505,0.95,0.649,0,2,2,2,1,1.0
1.69,3.89,5.77,8.93,13.09,23.68,35.52,2.3,19.38,15.4,70.1,6.4,2647.3,20.85,318.2,-0.0753,-0.0441,0.449,0.629,3,1,1,0,1,0.2281
2.9,5.15,9.15,10.39,12.96,28.33,49.36,3.07,23.96,26.2,19.7,9.3,2138.0,34.31,28.0,-0.0107,-0.0264,0.438,0.788,0,3,1,1,1,0.6703
1.26,3.4,4.79,5.52,8.69,10.77,17.17,1.82,10.03,11.2,43.7,17.7,3604.4,6.36,20.1,-0.0464,-0.0578,0.348,0.704,4,4,5,1,0,0.007
0.93,1.56,3.13,5.04,5.7,7.27,9.65,0.98,6.23,3.5,76.5,19.8,2783.6,10.88,84.0,0.0284,0.0288,0.37,0.263,0,0,2,2,0,0.062
1.1,1.66,2.78,3.91,5.28,7.2,8.98,1.33,5.89,20.6,69.4,21.5,726.2,18.51,227.9,0.0462,-0.0389,0.365,0.792,2,1,4,0,0,0.0092
0.26,0.47,1.0,1.32,1.56,2.24,3.17,0.35,1.9,22.3,69.9,5.6,342.9,20.24,93.6,0.0051,0.0239,0.385,0.445,3,1,4,0,0,0.0143
0.08,0.17,0.32,0.46,0.71,0.98,1.11,0.11,0.77,28.3,65.2,16.6,2716.0,17.04,68.5,-0.0134,-0.0617,0.455,0.663,1,2,2,0,0,0.0187
2.65,4.55,9.23,11.42,12.74,20.93,39.62,2.78,19.6,24.3,72.2,30.1,160.0,7.08,165.2,0.0035,0.0455,0.486,0.399,0,0,2,2,0,0.1195
2.81,7.04,14.44,16.14,23.68,37.92,51.66,3.2,30.68,22.7,63.5,21.1,2481.0,14.24,220.9,0.0104,-0.0638,0.429,0.424,0,6,4,2,1,0.205
2.1,3.72,6.42,8.63,13.21,19.57,37.14,2.47,18.8,27.1,38.1,8.6,3952.0,41.52,89.5,-0.032,-0.1171,0.319,0.471,5,2,3,1,0,0.536
2.22,6.07,11.63,15.46,19.15,26.79,46.82,3.23,25.11,7.3,67.0,15.9,2438.2,9.53,108.2,-0.0609,0.0619,0.497,0.905,3,6,2,0,0,0.056
0.36,0.87,1.54,2.12,3.11,6.46,12.58,0.44,5.85,16.7,44.2,7.4,1660.9,18.28,220.9,-0.1025,-0.0428,0.289,0.627,0,4,5,0,0,0.0064
0.17,0.45,0.55,0.8,0.92,1.67,2.7,0.25,1.41,19.4,50.4,13.8,2719.6,23.99,340.5,0.0634,0.0878,0.334,0.62,3,0,2,0,0,0.0295
0.26,0.58,1.11,1.84,2.17,5.3,9.47,0.37,4.45,20.6,68.9,13.9,1951.7,28.04,242.9,0.0248,0.0282,0.335,0.497,3,0,2,1,0,0.1027
1.53,3.39,7.43,12.89,20.36,46.24,58.06,1.56,33.2,21.2,35.9,25.2,2314.3,26.27,281.8,0.0181,0.0395,0.467,0.685,8,5,1,0,0,0.5769
0.76,2.1,4.35,5.33,6.46,14.07,23.95,1.02,11.77,15.8,68.7,14.8,3957.1,13.65,132.1,0.0633,0.0523,0.41,0.565,2,2,3,1,0,0.0326
0.02,0.04,0.05,0.07,0.08,0.11,0.18,0.03,0.1,22.9,43.1,4.4,1652.3,10.85,98.0,-0.0628,0.0056,0.286,0.362,5,0,1,2,0,0.0378
4.51,10.16,21.69,24.22,37.46,89.23,136.24,5.33,69.48,28.4,59.8,10.0,4038.9,43.26,163.5,-0.0868,0.0062,0.609,0.604,2,6,4,1,1,0.9956
0.39,0.62,0.87,1.36,1.69,4.17,5.44,0.49,2.99,13.2,70.8,7.4,3807.2,29.49,290.6,0.0192,0.0641,0.46,0.469,5,2,2,1,0,0.2168
0.01,0.02,0.02,0.03,0.04,0.05,0.09,0.01,0.05,-0.4,59.3,9.7,862.5,19.25,164.3,0.0147,0.0056,0.28,0.744,0,1,2,2,0,0.0227
0.73,1.69,2.04,2.87,3.58,8.19,12.83,0.92,6.51,36.1,58.6,11.0,337.8,37.38,304.8,-0.0866,-0.0364,0.366,0.528,0,2,4,1,0,0.1083
28.78,46.27,75.09,86.11,125.46,219.12,411.11,33.87,201.47,14.0,84.1,4.4,468.2,6.99,356.0,0.018,0.0293,0.95,0.749,4,4,4,1,1,1.0
0.69,1.29,1.94,3.28,5.2,8.39,9.94,0.94,6.4,11.4,79.3,3.1,125.6,8.04,25.9,-0.02,-0.1057,0.375,0.545,4,0,2,2,0,0.0281
4.18,11.11,15.32,24.7,28.6,59.52,69.08,4.68,42.16,4.7,80.6,17.3,441.9,3.94,16.3,-0.0404,0.066,0.557,0.373,1,1,3,0,0,0.1752
1.46,2.34,3.01,3.65,5.47,8.82,10.51,1.83,6.75,19.1,68.3,7.5,2884.5,20.12,53.9,-0.0167,0.067,0.348,0.468,2,1,3,1,0,0.0452
1.56,2.89,4.5,4.97,6.88,9.25,12.81,1.92,7.92,17.6,92.6,1.1,345.4,20.64,138.4,-0.1221,0.0599,0.484,0.89,2,4,3,1,0,0.0315
3.23,6.96,9.94,11.75,16.1,33.94,62.02,3.88,29.63,29.7,41.1,12.9,1373.7,7.57,47.2,-0.0296,0.058,0.451,0.807,0,4,3,0,0,0.0479
4.37,12.15,22.33,32.25,45.46,93.35,149.85,4.92,76.71,16.9,87.2,6.8,3556.2,28.93,313.4,-0.0352,-0.0042,0.694,0.919,0,2,4,0,1,0.941
0.16,0.28,0.44,0.74,1.11,2.48,4.08,0.21,2.03,26.1,53.2,1.7,146.6,5.11,8.3,0.0279,-0.0053,0.294,0.766,0,3,4,0,0,0.0025
2.9,7.34,12.1,19.41,28.23,54.45,86.95,3.22,45.23,16.4,61.1,23.3,3430.0,22.52,113.7,-0.0079,-0.0615,0.496,0.798,2,1,4,0,1,0.295
23.04,44.83,88.17,136.38,184.37,412.57,673.13,33.43,335.96,9.9,88.6,9.2,1219.7,25.3,66.5,0.0319,0.0874,0.95,0.874,1,2,2,1,1,1.0
1.99,3.0,4.65,7.72,8.6,10.41,11.58,2.59,8.51,11.0,47.0,20.1,540.4,19.99,335.4,-0.1275,-0.0243,0.356,0.79,0,7,2,0,0,0.0338
0.35,0.88,1.21,1.76,2.29,5.04,8.74,0.52,4.25,17.7,70.3,15.9,2941.5,6.89,241.0,-0.042,0.017,0.326,0.539,7,2,1,0,0,0.0143
0.97,2.07,3.09,4.83,7.49,13.25,24.0,1.41,11.93,13.9,51.2,3.2,2660.1,34.12,328.3,0.0278,0.0127,0.392,0.533,0,7,4,2,0,0.1823
0.73,1.55,2.91,4.91,6.82,13.25,26.17,0.78,12.24,12.2,47.2,16.5,3691.5,13.91,350.0,-0.0154,-0.067,0.396,0.432,3,3,1,1,0,0.1085
0.16,0.39,0.51,0.76,0.99,2.32,3.97,0.23,1.92,24.0,34.6,15.7,3100.5,13.94,179.0,0.0423,-0.0872,0.298,0.758,5,0,1,0,0,0.0138
1.67,3.92,7.26,11.07,12.54,27.7,43.63,1.82,22.22,10.4,63.2,16.6,3384.4,12.39,84.4,-0.0902,0.0003,0.507,0.776,0,4,5,0,0,0.0176
2.89,6.81,13.12,20.15,31.91,65.3,102.84,4.25,53.2,14.2,35.2,13.0,1220.4,26.75,69.7,0.0366,-0.0227,0.539,0.804,1,0,1,0,1,0.9047
0.16,0.3,0.56,0.97,1.18,1.65,2.3,0.21,1.4,25.1,61.4,12.1,786.4,13.54,80.3,-0.032,-0.0045,0.396,0.43,2,2,1,2,0,0.0636
0.66,1.5,2.34,3.32,4.75,7.26,11.08,0.73,6.25,19.3,59.9,2.6,3165.1,8.99,255.1,-0.0368,0.0533,0.351,0.942,2,3,5,0,0,0.0026
0.04,0.11,0.21,0.25,0.34,0.57,0.64,0.05,0.42,21.4,56.4,33.2,3398.4,30.7,14.6,0.0496,0.0112,0.348,0.89,2,5,2,0,0,0.027
0.4,1.07,2.18,3.73,4.41,10.65,21.0,0.55,9.46,37.5,51.8,9.7,4160.6,18.04,18.5,0.0581,0.0379,0.427,0.62,2,0,4,1,0,0.023
0.45,0.92,1.39,1.58,1.91,4.21,4.98,0.59,2.96,10.5,85.8,9.9,1762.4,31.26,218.9,0.0517,0.0223,0.285,0.516,7,5,2,1,0,0.098
4.47,8.05,11.83,13.39,21.03,38.91,48.52,4.76,29.22,6.9,98.1,11.5,1593.9,18.79,231.1,0.1019,-0.0158,0.434,0.778,0,6,2,0,0,0.1856
2.09,3.34,7.21,8.92,14.25,31.16,48.61,2.62,24.93,29.0,56.8,8.7,3272.1,11.9,239.5,0.0633,-0.0501,0.521,0.703,4,0,1,0,0,0.1313
2.67,6.99,14.61,16.82,21.59,33.29,49.5,3.78,28.25,13.9,59.6,16.1,1464.3,5.66,133.9,-0.0398,0.0132,0.392,0.711,1,5,5,2,0,0.0467
0.13,0.22,0.32,0.46,0.63,0.88,1.65,0.14,0.85,21.9,75.2,16.0,3912.6,20.17,290.1,0.0071,0.0042,0.381,0.384,2,1,4,0,0,0.0144
0.21,0.41,0.56,0.96,1.31,2.57,3.53,0.22,1.98,20.5,70.7,15.1,3612.4,15.55,192.1,-0.018,0.0458,0.399,0.486,0,0,2,1,0,0.0316
12.74,32.55,52.84,67.15,78.11,136.87,239.17,13.58,121.35,18.1,86.3,14.2,1830.3,27.33,38.0,0.1015,-0.0075,0.923,0.839,2,7,3,0,1,0.9999
2.05,5.15,8.79,9.97,15.83,28.44,42.11,2.24,23.18,17.3,73.5,13.3,3166.1,13.18,287.0,0.0552,-0.0149,0.445,0.69,4,1,1,1,0,0.1595
3.58,7.4,10.13,12.93,16.19,23.01,33.23,4.72,19.73,21.8,90.2,6.9,3181.4,22.89,343.1,-0.0094,-0.0115,0.479,0.58,0,3,3,2,0,0.2846
0.24,0.58,0.71,0.93,1.22,2.04,2.64,0.28,1.6,23.7,74.0,23.3,478.0,18.37,21.6,0.0439,-0.0459,0.343,0.416,1,2,2,1,0,0.0409
4.92,8.9,17.96,30.65,47.22,116.51,213.48,5.17,99.03,12.3,91.4,24.8,3795.6,11.29,140.9,-0.0616,0.0723,0.902,0.294,2,0,4,0,1,0.9862
0.04,0.1,0.21,0.33,0.47,0.62,0.79,0.04,0.52,24.6,60.0,6.5,2146.8,13.79,175.5,0.0125,0.057,0.411,0.817,0,3,3,1,0,0.0082
0.16,0.45,0.57,0.69,0.86,2.12,2.35,0.21,1.42,17.7,70.6,11.6,3479.8,7.93,52.7,-0.0469,-0.0607,0.345,0.313,4,0,5,0,0,0.0042
27.94,76.14,155.38,202.4,229.07,455.68,841.78,32.22,404.54,27.2,90.2,12.4,1378.2,44.82,312.4,-0.0844,0.0402,0.95,0.665,4,0,3,0,1,1.0
0.41,0.95,1.56,2.4,2.8,4.86,6.27,0.53,3.76,11.3,70.6,11.9,3766.4,22.63,102.3,0.0392,-0.0923,0.363,0.546,4,6,3,4,0,0.0942
26.74,42.6,58.71,66.77,86.49,104.01,128.51,38.93,88.4,22.1,87.6,13.8,1665.2,7.59,281.9,0.0454,0.0493,0.84,0.581,2,7,3,0,1,0.9983
2.11,4.86,7.71,12.14,16.05,28.38,36.29,2.54,21.78,20.3,68.2,27.9,95.0,43.63,241.6,0.0229,-0.0348,0.341,0.529,2,2,4,0,0,0.3803
41.86,85.74,177.13,303.24,406.38,724.62,1408.89,61.56,675.61,20.5,86.0,5.0,3807.3,9.45,215.3,-0.0091,0.018,0.95,0.388,1,0,1,1,1,1.0
1.47,2.97,3.93,6.7,7.59,11.44,19.5,2.11,10.39,20.2,60.6,22.4,428.8,13.05,69.2,-0.0633,-0.0965,0.364,0.894,3,2,3,0,0,0.0119
10.85,16.67,21.65,24.71,27.67,64.05,110.26,10.97,53.26,11.1,83.2,8.7,1375.2,16.19,79.5,-0.0581,-0.0599,0.584,0.823,2,5,4,1,1,0.5672
12.58,33.16,71.82,119.65,168.92,285.16,352.81,16.79,218.61,20.7,90.9,2.2,3992.8,18.61,17.0,-0.0485,0.0234,0.95,0.544,7,0,2,1,1,1.0
0.08,0.2,0.3,0.43,0.51,0.68,1.13,0.09,0.63,15.3,35.5,10.7,3995.0,26.95,86.7,-0.0117,-0.035,0.294,0.578,7,0,1,0,1,0.0603
1.5,2.88,5.93,8.6,12.27,28.17,52.84,1.69,24.55,14.6,51.5,23.5,2429.8,4.78,124.4,0.0538,-0.042,0.428,0.196,6,5,1,0,0,0.1127
1.89,5.24,9.23,13.89,16.33,33.53,57.4,2.59,28.45,4.5,51.1,2.6,2672.1,18.77,299.9,0.053,0.0698,0.384,0.756,2,2,4,1,1,0.0843
0.97,1.63,2.34,3.25,4.47,5.66,6.62,1.32,4.63,15.9,52.8,18.8,1911.0,15.72,131.9,-0.0824,0.1105,0.3,0.36,2,0,1,0,0,0.0525
0.84,2.17,3.24,5.18,6.41,8.3,12.37,1.13,7.41,25.4,59.4,28.1,1266.8,20.36,271.7,-0.0347,0.0469,0.28,0.752,5,0,1,1,0,0.0545
16.47,38.01,61.27,81.21,97.51,240.59,418.71,16.78,198.96,14.4,90.7,3.9,1414.0,15.29,158.2,-0.036,-0.0546,0.95,0.914,3,5,2,3,1,1.0
0.81,1.72,2.32,3.77,4.57,10.63,12.58,1.05,7.4,18.2,79.0,13.4,2841.0,14.14,282.6,-0.1266,0.0882,0.505,0.878,3,2,1,0,0,0.0279
0.01,0.02,0.04,0.07,0.09,0.2,0.29,0.01,0.15,8.5,54.9,23.9,3172.4,17.24,351.5,0.0283,-0.0781,0.345,0.636,1,0,1,2,0,0.0455
10.55,23.83,38.54,45.86,62.83,83.3,145.1,15.65,79.09,7.8,92.1,10.0,3335.1,42.38,86.3,-0.0123,-0.0152,0.745,0.802,4,5,4,1,1,0.9996
0.44,1.13,2.36,3.34,5.05,6.86,12.72,0.61,6.66,20.6,60.2,7.7,3326.9,14.3,310.4,-0.0057,0.0027,0.287,0.95,2,4,2,2,0,0.0201
1.41,2.53,5.36,5.97,8.73,21.69,36.31,1.66,17.56,13.7,42.6,6.5,428.5,33.32,223.9,0.0673,0.0962,0.263,0.476,2,0,3,0,0,0.1463
1.21,1.87,3.96,5.57,6.72,16.72,31.0,1.6,14.28,19.0,49.1,49.8,2101.8,19.9,294.2,0.0044,0.0456,0.34,0.306,5,2,4,2,0,0.0869
6.95,12.34,22.81,32.08,42.26,76.38,129.0,10.05,66.13,29.5,81.9,13.7,288.9,19.4,234.6,-0.0215,-0.0232,0.653,0.633,2,0,5,0,0,0.8071
6.99,19.46,32.62,52.47,58.55,125.89,244.09,9.83,112.99,24.9,99.2,9.0,2330.5,20.47,152.6,0.0286,-0.0472,0.95,0.368,3,2,3,0,1,0.9999
2.02,4.51,5.79,7.81,10.81,23.33,25.95,2.46,16.1,5.4,54.5,38.4,1882.4,23.95,82.1,0.0529,0.0501,0.376,0.79,2,1,5,2,0,0.0403
0.42,1.1,2.15,3.7,5.37,13.36,18.89,0.62,9.94,12.7,43.3,9.7,3734.0,14.94,25.2,0.0148,-0.0267,0.342,0.379,2,1,2,1,0,0.0586
4.19,10.03,12.93,17.83,26.23,58.07,67.24,6.24,40.51,21.0,63.8,27.8,1506.3,32.13,192.8,0.0345,0.0108,0.503,0.811,0,3,4,0,0,0.4622
18.72,31.84,44.02,65.46,76.07,122.98,177.28,25.92,101.69,30.1,84.4,6.2,535.8,23.98,356.5,-0.0073,-0.0685,0.752,0.73,2,2,5,1,1,0.9988
2.2,3.63,7.42,9.51,12.84,26.39,34.9,2.4,19.82,16.6,70.9,15.2,643.4,8.37,265.7,-0.0041,0.0285,0.371,0.48,2,1,1,1,0,0.0996
2.05,4.36,8.96,10.83,16.7,30.54,40.35,2.81,23.57,18.9,81.7,16.3,3210.3,3.88,117.8,0.0057,0.0244,0.509,0.758,2,0,2,1,0,0.0461
5.18,14.11,23.06,35.98,42.91,76.17,103.55,6.22,59.95,6.0,72.0,11.3,2615.6,41.71,297.8,-0.0377,-0.0621,0.606,0.792,4,7,3,0,1,0.9872
1.14,1.91,3.66,5.11,5.8,10.54,14.34,1.28,8.25,11.7,54.4,18.2,469.7,20.82,276.8,-0.0284,0.0516,0.36,0.758,1,0,2,0,0,0.0324
0.08,0.18,0.26,0.4,0.49,1.16,1.88,0.09,0.93,16.6,80.0,19.5,399.0,7.73,101.4,0.0689,0.0277,0.305,0.484,5,3,1,0,0,0.0124
0.14,0.34,0.72,1.1,1.27,2.08,3.51,0.15,1.84,14.2,91.6,17.5,2959.0,14.29,5.2,0.1004,0.037,0.289,0.769,2,0,4,0,0,0.0041
0.66,1.06,1.97,2.85,3.21,6.62,8.82,0.8,4.99,18.4,46.6,12.8,352.0,29.48,42.5,0.0796,-0.0189,0.309,0.941,3,3,1,1,0,0.0645
0.67,1.36,2.8,3.67,4.45,10.96,13.46,0.86,7.66,17.2,51.3,7.8,3460.7,16.68,315.8,-0.0662,0.0089,0.266,0.839,0,0,2,0,0,0.0144
0.37,0.81,1.29,1.59,2.04,3.33,4.91,0.49,2.78,20.1,58.3,18.0,2980.9,17.53,301.2,-0.071,0.0032,0.398,0.458,1,0,5,0,0,0.008
3.9,6.41,7.94,9.75,14.35,30.24,41.36,5.59,22.92,17.9,63.8,50.0,387.6,26.65,106.3,-0.0595,-0.0074,0.458,0.69,4,3,2,4,0,0.6519
0.96,2.26,4.96,7.32,8.32,11.49,22.15,1.03,11.32,21.1,53.6,23.7,402.1,21.9,102.7,0.0067,0.0085,0.297,0.542,0,1,4,1,0,0.0346
3.49,8.6,16.87,22.06,35.01,81.06,147.38,4.04,69.36,21.0,51.8,20.4,4144.6,24.91,285.4,-0.1404,0.0628,0.776,0.404,7,2,2,1,1,0.9981
0.09,0.2,0.27,0.4,0.45,1.02,1.93,0.09,0.89,18.7,43.3,14.1,1603.2,26.51,337.6,-0.0294,0.0537,0.283,0.495,0,0,5,0,0,0.0091
1.5,2.4,4.42,7.32,11.0,16.21,19.34,2.0,12.74,18.8,86.1,16.1,1588.2,12.1,280.5,0.0704,-0.0591,0.423,0.718,6,0,4,2,0,0.0264
0.67,1.01,2.16,3.14,3.46,4.59,6.64,0.68,4.02,15.6,43.3,12.6,3423.1,12.78,218.0,0.0491,0.0493,0.317,0.518,2,3,2,0,0,0.0169
0.06,0.15,0.31,0.44,0.54,0.73,1.37,0.06,0.71,18.7,74.4,33.4,3981.1,11.24,87.4,-0.0255,0.0596,0.351,0.837,2,0,5,1,0,0.003
6.64,14.18,30.35,53.57,83.91,198.49,249.64,8.62,141.4,11.4,89.1,14.7,4141.9,13.19,189.3,-0.0217,-0.0076,0.95,0.328,0,0,3,2,1,0.9999
0.23,0.51,0.67,0.92,1.21,2.21,3.98,0.25,1.97,23.4,55.1,32.8,3176.5,17.15,84.1,0.0284,0.0254,0.378,0.499,2,0,2,0,0,0.0243
0.64,1.71,3.51,3.94,5.0,10.88,20.51,0.85,9.6,31.9,59.6,9.9,1611.5,17.85,290.9,0.0468,0.0247,0.323,0.65,0,0,3,0,0,0.0196
5.31,11.83,24.74,42.48,60.67,111.23,149.77,6.26,86.49,27.0,89.2,18.8,396.5,36.79,139.3,-0.0267,-0.0425,0.714,0.886,2,0,1,0,1,0.9997
14.44,26.42,36.47,45.85,68.03,158.77,312.84,16.31,141.71,19.3,84.4,26.8,3275.2,21.34,300.1,-0.0117,-0.0191,0.95,0.698,2,1,4,1,1,0.9999
0.45,0.95,1.8,2.74,4.27,7.71,14.29,0.63,7.0,13.1,78.8,11.8,2367.4,17.34,137.4,-0.0283,0.0375,0.333,0.6,3,0,2,1,0,0.0379
0.57,1.21,2.29,4.02,6.25,14.55,18.21,0.78,10.38,17.4,80.0,8.2,1810.5,9.81,296.7,-0.0666,-0.0248,0.413,0.446,5,5,2,0,0,0.027
1.17,2.78,5.25,8.52,12.35,19.15,30.96,1.2,16.85,16.2,70.6,2.3,3811.4,15.47,120.0,-0.011,0.0488,0.404,0.275,2,0,3,0,0,0.076
6.68,13.07,23.17,39.02,43.8,56.18,73.43,9.1,47.73,44.9,79.8,7.4,511.5,43.34,158.4,-0.0148,0.0652,0.562,0.576,1,5,2,2,1,0.9989
10.75,27.87,40.08,55.97,70.24,110.48,167.46,15.84,94.07,8.5,88.2,18.0,2094.4,42.99,221.6,-0.063,0.0572,0.774,0.521,1,4,3,1,1,1.0
7.18,15.76,20.61,29.3,36.65,73.36,114.37,8.88,59.76,15.7,88.6,9.2,97.1,15.36,25.3,0.0323,0.099,0.672,0.509,4,0,2,1,0,0.9353
0.96,2.12,3.07,3.5,4.41,10.24,17.45,1.21,8.47,21.6,75.3,16.5,1994.9,6.16,341.4,0.0242,-0.0045,0.415,0.659,0,0,3,3,0,0.0235
5.81,14.45,30.55,47.9,55.24,85.79,141.85,6.79,76.24,13.7,90.4,16.2,283.7,14.22,206.5,0.0348,0.0089,0.693,0.296,3,0,2,1,1,0.9904
0.37,0.59,0.84,1.37,1.53,1.99,2.83,0.51,1.74,25.3,46.5,13.5,543.1,37.0,182.8,-0.0384,0.016,0.332,0.71,0,2,4,1,0,0.0392
3.53,9.38,15.3,22.5,27.36,48.23,76.14,4.88,40.67,24.8,85.2,13.5,537.7,17.22,302.2,-0.0992,-0.003,0.576,0.19,1,3,3,1,0,0.744
1.95,3.42,5.6,9.51,13.24,31.89,37.32,2.82,21.94,17.3,59.8,10.8,2744.2,26.67,311.7,0.0234,0.0271,0.407,0.847,2,3,2,0,0,0.1423
0.34,0.65,1.38,1.63,1.79,3.16,5.07,0.46,2.69,20.8,62.6,17.9,3146.1,18.33,188.0,-0.0332,-0.0856,0.269,0.527,2,2,1,0,0,0.033
0.31,0.5,0.65,0.76,1.17,1.89,3.75,0.46,1.82,24.0,37.3,4.3,2471.0,7.34,333.8,-0.0445,0.0102,0.291,0.377,2,0,3,1,0,0.0106
1.29,2.73,4.58,5.46,8.51,17.89,28.77,1.92,14.65,24.4,47.8,3.1,4043.0,18.69,23.3,-0.0629,-0.0689,0.344,0.307,3,4,2,0,1,0.1131
0.13,0.24,0.49,0.83,1.17,2.04,3.84,0.15,1.88,18.5,57.2,2.4,1605.7,28.54,40.8,-0.0138,-0.0481,0.274,0.605,1,1,5,1,0,0.0127
0.17,0.31,0.39,0.48,0.54,1.14,2.14,0.24,1.01,29.1,82.4,14.1,1235.7,13.08,214.8,0.0789,0.0366,0.385,0.713,1,7,2,2,0,0.0201
13.93,24.09,46.87,53.94,85.75,116.28,227.89,14.05,116.06,25.8,86.8,29.2,3654.7,28.14,127.5,-0.0253,-0.01,0.935,0.709,3,1,4,2,1,1.0
2.85,4.8,6.21,10.27,14.48,25.99,30.2,3.4,19.12,18.6,65.6,10.5,977.9,19.34,167.1,-0.0545,0.0349,0.393,0.621,2,1,4,0,0,0.0456
1.36,2.16,3.56,5.66,7.73,10.09,16.92,1.64,9.46,21.8,75.1,5.4,4047.4,27.36,118.1,0.0326,-0.011,0.378,0.381,0,5,2,2,1,0.32
1.53,2.73,3.71,4.49,6.01,12.66,24.39,2.17,11.37,8.9,63.0,1.3,100.4,22.07,145.7,0.0086,0.0553,0.333,0.59,3,2,4,1,0,0.0363
0.59,0.89,1.42,2.32,2.71,5.92,10.72,0.67,5.11,-0.3,65.2,9.7,4075.0,10.21,296.2,-0.106,-0.012,0.465,0.703,3,3,4,0,0,0.0058
0.37,0.59,0.73,0.95,1.42,1.97,2.96,0.41,1.73,21.2,70.6,8.0,229.1,15.56,213.7,0.0331,-0.0977,0.347,0.676,0,2,3,0,0,0.0088
1.15,3.18,6.5,7.28,9.82,12.59,16.91,1.42,10.81,27.3,76.5,10.4,3748.2,15.28,359.0,0.1064,0.0113,0.3,0.5,3,5,1,1,0,0.0841
1.1,2.23,2.98,3.35,3.72,6.43,9.08,1.23,5.18,12.2,98.2,16.3,2240.0,12.72,283.3,-0.13,-0.1084,0.522,0.8,2,6,1,0,0,0.0261
1.36,3.65,5.07,6.01,7.06,16.14,19.53,1.48,11.39,28.1,65.6,14.6,4170.8,21.14,98.5,-0.0618,-0.0726,0.39,0.838,1,2,3,0,0,0.0239
0.03,0.06,0.1,0.16,0.2,0.31,0.39,0.04,0.25,16.3,72.2,8.0,356.3,47.37,95.2,-0.1424,-0.0441,0.342,0.565,2,0,2,0,0,0.3962
31.73,79.73,97.22,134.0,208.66,406.58,708.22,36.05,351.73,9.7,94.3,34.1,2348.5,32.15,120.9,-0.0038,-0.0504,0.95,0.464,2,3,3,1,1,1.0
2.69,6.48,13.75,18.76,24.95,35.99,45.21,2.86,29.03,17.8,58.4,19.1,4072.6,34.39,303.6,0.0495,-0.0273,0.381,0.797,6,7,3,1,0,0.3859
11.28,19.29,31.13,51.53,80.91,165.78,306.57,12.72,146.41,8.1,86.8,4.9,2220.9,12.27,9.8,0.0053,-0.0521,0.95,0.427,3,3,3,1,1,1.0
4.42,9.31,16.11,25.01,30.95,44.91,59.69,6.07,36.98,26.2,82.3,7.3,2662.0,34.69,82.9,0.0696,-0.0703,0.454,0.343,1,7,3,0,1,0.8912
3.4,5.64,11.66,20.03,31.9,53.25,78.1,3.58,44.0,20.6,42.1,21.4,2937.4,40.65,325.8,0.0415,0.0771,0.502,0.511,0,1,2,1,1,0.9888
0.45,0.91,1.62,1.81,2.86,6.11,8.37,0.47,4.62,10.3,82.0,2.8,1936.3,12.03,230.4,0.0851,-0.0339,0.465,0.557,5,6,2,0,0,0.0195
2.43,4.53,5.8,7.05,10.27,20.92,29.17,2.92,16.12,16.5,74.8,8.5,2654.4,23.39,81.7,0.058,-0.1115,0.401,0.47,4,0,3,3,0,0.2552
1.42,3.27,6.56,11.14,16.46,29.08,53.22,1.54,26.34,26.2,64.1,10.7,2474.9,23.72,78.9,-0.0201,-0.018,0.411,0.708,0,1,2,2,1,0.3394
4.57,11.29,23.89,42.34,47.08,78.05,136.57,5.46,70.14,18.9,45.4,16.4,3789.8,16.2,310.5,0.0033,-0.0562,0.675,0.62,0,2,2,0,1,0.944
0.53,1.42,2.85,3.72,4.52,10.65,15.42,0.77,8.1,17.6,76.0,7.2,238.6,20.24,321.8,-0.0434,-0.0442,0.32,0.31,3,3,1,1,0,0.1612
0.2,0.31,0.43,0.48,0.58,0.81,1.15,0.21,0.69,11.4,64.1,27.7,1216.0,24.33,92.2,-0.0115,0.0355,0.325,0.816,3,1,2,2,0,0.0351
1.89,4.67,7.85,8.7,13.74,24.99,42.58,2.57,21.7,28.6,47.3,9.9,3994.2,16.81,151.4,0.0031,-0.0224,0.367,0.809,0,6,3,1,0,0.0609
6.41,10.68,16.01,17.94,23.4,43.19,74.35,6.66,37.57,12.6,85.4,3.4,3744.6,31.36,300.5,-0.0042,-0.0576,0.604,0.733,3,6,3,0,1,0.753
0.24,0.62,1.12,1.74,2.44,3.99,4.56,0.33,2.99,15.0,54.3,5.6,1941.0,8.4,277.6,0.0671,0.0223,0.334,0.771,1,4,1,0,0,0.01
0.16,0.38,0.77,0.98,1.21,2.81,3.64,0.24,2.04,3.7,65.3,25.6,2623.6,15.24,293.0,-0.0165,0.0575,0.374,0.655,1,0,3,3,0,0.0262
0.84,2.26,3.61,4.91,6.03,7.31,11.87,1.17,6.9,14.9,77.1,36.7,1201.1,26.95,186.6,-0.0466,0.0268,0.425,0.503,1,0,2,0,0,0.1315
1.91,3.19,5.71,7.77,10.17,23.32,37.99,2.75,18.89,14.3,30.3,13.2,830.7,44.79,328.2,-0.0435,-0.1227,0.376,0.67,2,2,3,0,0,0.4612
1.36,2.9,3.51,4.47,5.63,8.55,10.89,1.87,6.83,12.4,40.3,9.9,1974.3,32.39,117.3,0.0328,-0.0557,0.341,0.615,4,4,4,1,0,0.0565
4.22,9.04,14.02,17.18,25.36,30.93,35.86,4.8,25.57,18.1,54.2,6.2,1516.4,20.01,56.4,-0.0702,0.0024,0.444,0.751,2,0,2,0,0,0.2032
2.49,6.12,11.15,16.34,23.06,43.19,85.59,2.77,40.26,17.3,81.3,23.3,2472.2,17.26,255.1,-0.0101,-0.0122,0.625,0.677,1,3,2,0,0,0.485
1.28,3.52,7.71,8.85,12.81,19.85,24.1,1.85,15.47,19.5,81.6,9.9,372.6,15.73,194.2,0.0664,-0.0164,0.405,0.21,5,2,3,3,0,0.209
0.67,1.02,1.51,2.14,2.93,5.22,9.84,0.68,4.79,24.4,79.7,22.0,4093.7,15.78,307.7,0.0146,-0.0491,0.397,0.147,0,3,5,1,0,0.0213
2.71,6.35,8.72,12.16,18.86,30.31,42.89,3.44,24.9,18.5,50.0,12.4,4142.8,5.63,29.2,-0.0037,-0.0703,0.429,0.519,4,2,2,0,1,0.0653
1.0,1.56,3.27,4.26,4.83,7.72,14.41,1.17,7.22,17.3,57.4,11.5,2947.4,43.84,303.7,-0.0018,0.1004,0.318,0.76,4,3,1,0,0,0.3618
3.12,6.39,11.27,13.04,19.24,41.76,69.45,4.54,34.54,14.3,70.0,19.5,2274.8,17.98,105.6,-0.0515,0.0014,0.52,0.619,1,0,5,0,0,0.1128
1.38,3.58,7.87,12.28,14.98,33.82,38.71,1.49,23.38,12.6,49.0,24.9,1334.5,11.59,235.7,-0.0429,0.0321,0.42,0.592,0,0,2,1,1,0.0914
1.84,4.11,5.98,9.09,12.84,27.62,53.04,2.18,24.66,30.1,67.2,19.0,3427.2,23.19,14.4,-0.0098,0.0003,0.512,0.727,5,6,2,1,0,0.2987
0.07,0.19,0.26,0.42,0.66,1.25,2.24,0.08,1.1,18.2,64.7,14.5,2891.6,12.14,219.4,0.0136,0.0023,0.381,0.438,2,1,3,0,0,0.0101
6.96,16.26,25.29,37.25,46.76,94.28,143.09,10.23,75.71,18.8,54.6,28.7,724.9,29.81,258.2,0.0474,-0.0031,0.653,0.439,0,7,2,0,1,0.9988
2.11,5.64,10.03,14.62,23.13,57.06,93.3,2.46,45.69,27.9,58.8,11.8,3830.3,11.81,132.8,0.0046,-0.056,0.528,0.835,5,0,4,1,0,0.1653
1.31,3.31,4.22,5.37,6.38,10.05,14.02,1.55,8.25,9.2,54.0,10.6,3463.5,27.59,77.5,0.0676,-0.0757,0.182,0.647,1,2,3,0,0,0.027
1.14,2.78,4.42,6.09,9.61,12.67,15.6,1.17,10.43,24.7,73.4,8.4,3991.7,15.6,193.5,0.0803,0.0193,0.406,0.603,1,1,5,0,0,0.0109
1.37,3.39,4.29,6.32,7.09,15.28,17.6,1.44,10.7,16.7,84.9,6.3,3061.7,21.58,299.9,0.0398,0.0094,0.358,0.815,3,7,2,1,0,0.0503
0.07,0.16,0.29,0.34,0.43,0.69,1.1,0.1,0.6,14.4,70.6,9.5,2595.7,28.69,116.5,0.0612,0.0469,0.248,0.661,3,7,3,0,0,0.0167
0.68,1.77,2.74,4.36,6.31,10.39,13.11,0.9,8.09,17.8,81.3,20.1,1785.7,13.63,90.9,-0.0495,0.0368,0.417,0.736,2,0,3,3,0,0.0366
0.14,0.3,0.64,1.13,1.71,4.15,5.89,0.18,3.11,22.3,72.8,41.3,3920.8,28.33,100.4,-0.0575,-0.0404,0.394,0.55,0,1,4,0,1,0.0254
0.29,0.46,0.6,1.06,1.26,1.96,2.69,0.4,1.6,19.4,97.5,3.2,3644.2,5.8,341.7,0.0259,0.0566,0.432,0.777,2,3,1,0,0,0.0078
0.61,1.5,3.15,5.25,8.23,10.13,14.56,0.8,9.05,14.8,69.9,18.2,237.7,39.03,129.3,-0.0671,0.0383,0.389,0.359,3,5,4,0,0,0.2155
1.68,4.12,5.05,8.42,9.92,12.98,16.26,1.89,10.78,28.1,25.3,7.5,159.4,30.89,1.3,-0.0145,0.0345,0.278,0.761,5,3,3,0,0,0.0466
0.79,1.33,2.46,2.99,4.59,10.18,18.38,1.15,8.75,17.2,90.1,3.0,1612.3,17.64,281.4,0.0386,0.1125,0.422,0.816,2,5,3,0,0,0.0165
6.52,11.91,25.57,34.0,52.44,119.21,209.88,7.33,100.63,4.0,59.3,3.6,3413.8,33.77,251.7,0.0707,0.1022,0.87,0.878,3,0,4,0,1,0.9988
2.09,3.79,7.24,11.82,17.36,30.91,56.78,2.94,28.0,13.6,45.5,5.5,4147.2,31.96,46.3,-0.0127,0.0345,0.46,0.697,0,3,3,0,1,0.3635
0.47,1.07,1.31,1.48,2.28,3.38,5.21,0.54,2.95,15.3,69.9,7.1,674.2,18.53,354.6,-0.0325,0.0283,0.339,0.692,5,3,3,2,0,0.0233
27.98,62.27,115.65,133.9,152.86,333.3,577.72,31.54,281.26,15.8,83.8,19.5,2515.6,18.42,218.9,0.016,0.0541,0.95,0.711,1,0,3,1,1,1.0
0.55,0.91,1.36,2.1,3.28,4.57,5.58,0.71,3.68,19.3,69.8,19.5,1630.7,10.76,180.3,-0.0537,-0.0292,0.351,0.602,3,4,1,0,1,0.019
2.74,5.66,10.93,15.34,20.44,28.11,45.84,2.92,25.64,16.1,48.9,14.1,4075.1,19.08,137.6,-0.0087,-0.0285,0.35,0.384,6,6,1,1,1,0.459
2.23,3.42,5.66,8.93,11.14,14.57,28.27,2.65,14.61,14.8,55.9,14.9,3544.8,7.18,323.5,-0.0004,0.0337,0.321,0.518,4,5,2,1,0,0.0423
0.1,0.17,0.3,0.39,0.43,0.55,0.76,0.12,0.48,4.7,73.7,30.9,3529.1,27.41,87.8,-0.0014,-0.0428,0.319,0.854,3,0,3,1,0,0.0175
1.02,1.63,1.99,2.3,3.19,5.72,9.44,1.48,4.91,15.7,76.2,9.3,1995.1,27.72,102.9,0.0044,0.0296,0.355,0.823,3,1,1,1,0,0.0944
1.54,3.3,4.88,8.21,9.28,13.7,17.79,1.83,11.12,25.7,89.2,16.7,1771.5,5.87,44.1,-0.0417,0.0078,0.44,0.471,6,2,4,0,0,0.0109
1.07,1.68,2.53,4.17,4.61,7.13,9.76,1.09,5.84,17.0,85.7,6.3,1184.6,37.1,273.3,-0.0363,-0.0428,0.268,0.774,4,0,2,1,0,0.1022
34.05,93.19,153.54,218.62,286.12,542.69,1062.53,47.99,501.45,12.8,92.4,15.3,284.0,12.94,214.4,-0.0374,0.0013,0.95,0.385,3,7,3,0,1,1.0
4.26,9.85,20.49,35.17,39.75,70.94,83.73,5.57,52.58,16.1,44.6,13.4,3638.6,67.92,219.3,-0.081,0.0653,0.527,0.546,3,0,2,0,1,1.0
0.07,0.18,0.29,0.36,0.55,0.86,1.54,0.1,0.79,18.3,57.9,8.8,3423.5,20.98,78.6,0.0171,0.0041,0.234,0.344,0,4,1,0,0,0.0485
0.28,0.57,1.09,1.48,1.66,4.09,7.72,0.29,3.54,10.2,33.7,7.0,4198.8,37.29,234.4,0.0447,0.0043,0.266,0.707,2,1,2,0,0,0.0693
0.16,0.45,0.7,0.88,1.22,1.69,2.78,0.18,1.55,19.8,49.1,12.9,4186.0,10.55,275.6,0.0398,0.0164,0.179,0.241,1,2,5,2,0,0.0097
46.06,115.49,161.79,187.78,256.16,512.97,572.08,58.67,360.92,20.3,86.8,4.1,2355.0,15.58,128.8,-0.0131,0.023,0.95,0.426,2,0,2,1,1,1.0
1.16,2.21,3.67,5.71,7.88,18.81,33.53,1.27,15.84,13.7,89.0,9.3,3241.3,13.59,288.5,-0.0406,-0.0165,0.5,0.572,3,0,1,2,0,0.1774
4.68,7.75,11.19,16.94,19.75,24.6,35.9,6.59,22.04,2.4,56.1,33.7,3970.8,7.1,125.6,0.0372,0.0175,0.395,0.837,0,2,4,1,0,0.0355
5.98,12.54,15.71,22.17,34.16,69.33,124.14,6.05,60.32,9.9,81.1,2.9,3576.0,8.42,272.9,0.0319,-0.0525,0.651,0.768,0,3,2,0,1,0.6011
1.52,3.37,4.76,8.11,11.56,26.66,32.4,2.14,18.81,21.0,80.6,8.8,1076.5,17.26,12.1,0.0109,-0.04,0.516,0.199,2,4,3,3,0,0.3637
1.54,3.38,4.33,6.26,9.34,11.72,19.41,1.9,11.05,19.0,67.9,11.6,1919.8,22.77,198.4,0.0872,-0.0336,0.403,0.733,1,0,4,0,0,0.0249
1.65,4.48,5.59,7.92,12.06,25.69,36.89,2.13,19.87,11.8,46.0,21.2,586.0,9.87,349.0,-0.0013,0.0235,0.583,0.759,2,0,4,1,0,0.0288
0.28,0.68,1.31,2.06,3.19,7.09,7.88,0.31,4.86,24.6,45.5,7.7,4009.3,15.04,353.2,-0.0128,0.008,0.401,0.621,6,3,4,0,0,0.0084
0.66,1.38,2.62,2.95,4.31,5.55,8.75,0.78,5.08,26.5,58.2,10.5,2565.6,12.1,101.4,-0.02,-0.0067,0.336,0.46,3,4,2,2,0,0.0401
1.56,3.78,5.12,6.63,9.71,12.26,20.02,2.01,11.47,10.1,72.0,36.7,998.9,17.9,158.9,-0.078,0.0345,0.32,0.473,1,0,3,1,0,0.053
0.05,0.1,0.12,0.21,0.24,0.45,0.86,0.06,0.41,17.7,81.7,13.4,2837.6,26.32,22.7,0.0331,0.0189,0.401,0.622,0,0,5,0,0,0.0092
1.01,2.56,3.14,3.74,4.43,9.39,18.13,1.21,8.43,18.8,54.6,27.9,2615.2,19.63,314.4,-0.0053,-0.0145,0.364,0.255,3,0,4,0,0,0.0335
2.72,7.19,13.89,23.25,34.33,58.9,101.86,3.64,52.2,26.3,49.8,24.8,1536.4,13.25,204.7,0.0255,-0.0518,0.54,0.79,3,0,3,1,1,0.4669
1.18,3.23,5.24,8.09,9.79,22.22,32.0,1.71,16.98,16.6,51.6,31.7,521.3,31.41,138.6,0.0921,-0.041,0.339,0.783,2,0,1,1,0,0.2851
61.84,95.5,155.63,258.47,355.77,810.25,912.63,69.78,555.24,10.8,95.0,8.6,2837.0,22.37,40.6,-0.0195,-0.0733,0.95,0.643,1,2,5,0,1,1.0
2.06,3.86,4.88,5.64,6.96,9.81,17.11,2.84,9.17,17.0,78.7,22.6,2209.3,19.94,340.8,-0.1169,0.007,0.409,0.251,0,6,2,0,0,0.1437
1.16,1.99,3.98,6.35,7.8,10.08,14.7,1.24,8.92,8.8,49.0,16.1,3255.1,9.95,190.9,0.0241,-0.0431,0.317,0.835,1,0,2,1,0,0.0171
0.71,1.68,2.5,4.12,5.46,8.76,12.07,0.78,7.12,27.0,62.2,21.6,2208.7,29.69,101.9,0.0083,-0.0248,0.453,0.443,2,4,1,0,1,0.4329
1.6,2.93,4.75,5.31,6.28,9.12,12.83,2.25,7.68,30.0,29.7,8.3,3586.6,23.57,126.1,-0.0366,-0.0064,0.374,0.536,4,2,1,0,0,0.1361
1.03,2.17,3.56,5.73,8.72,19.55,22.89,1.48,13.66,17.7,58.2,11.9,2340.4,24.23,97.5,0.0199,0.0522,0.406,0.719,5,6,4,0,0,0.0305
7.73,19.5,40.59,58.51,68.69,130.02,165.3,9.83,97.87,19.9,92.6,28.8,2377.9,16.34,216.7,0.0393,0.0464,0.873,0.706,2,4,1,0,1,0.999
1.41,3.69,7.49,8.31,12.38,25.47,44.31,1.53,21.78,21.1,57.1,14.0,3688.1,14.73,334.8,-0.0473,-0.0027,0.449,0.866,4,5,1,0,0,0.0812
30.54,69.81,106.71,165.71,221.14,483.25,683.57,33.35,369.1,23.9,89.5,3.2,1724.5,43.96,308.4,-0.0151,0.0633,0.95,0.398,8,3,1,0,1,1.0
4.94,10.32,13.14,16.68,20.07,46.65,53.55,7.28,32.07,14.5,39.8,8.5,606.2,14.61,165.7,0.0738,-0.1006,0.386,0.511,3,4,2,0,0,0.2504
0.51,0.8,1.41,2.51,3.19,6.2,8.48,0.65,4.79,30.7,52.6,23.9,169.4,8.76,297.5,-0.0361,0.0939,0.331,0.538,3,1,3,1,0,0.0119
3.32,8.17,12.04,21.48,28.21,55.81,105.89,3.84,50.3,20.5,74.3,7.1,3183.8,20.49,152.3,0.0033,0.0346,0.563,0.692,6,0,3,2,1,0.7405
4.73,11.45,17.28,19.05,23.61,49.05,93.51,6.12,43.9,25.1,89.5,11.6,2624.3,18.44,90.8,-0.1312,0.0051,0.693,0.414,1,6,3,1,1,0.8025
1.83,3.31,6.89,8.22,12.38,24.91,44.32,2.08,21.64,20.2,42.6,8.5,2971.9,32.15,354.0,-0.0741,-0.0446,0.44,0.551,0,3,3,0,0,0.3081
5.96,14.59,28.25,41.25,52.66,124.57,146.84,8.16,86.28,18.4,82.6,7.5,933.8,17.04,109.4,0.0079,-0.0219,0.698,0.634,8,0,1,2,1,0.996
1.23,2.21,3.52,5.42,7.29,9.47,18.27,1.34,9.49,24.0,63.5,18.3,615.9,25.88,116.5,0.0614,0.0305,0.397,0.614,2,5,3,0,0,0.0557
7.47,17.75,32.79,50.58,56.37,88.92,168.98,8.48,84.2,12.0,91.5,9.5,110.4,38.42,356.3,-0.0681,0.0316,0.753,0.737,4,1,3,0,1,0.9996
0.41,0.69,0.96,1.54,1.86,2.3,2.82,0.55,1.93,10.4,44.7,7.2,1504.9,22.85,48.2,0.0037,0.0334,0.185,0.419,4,1,1,0,0,0.0459
0.26,0.71,1.33,1.62,1.85,4.31,6.36,0.27,3.32,15.0,86.1,26.9,2498.2,10.25,273.8,-0.0188,-0.0364,0.334,0.68,2,3,2,1,0,0.0131
0.9,1.81,2.28,2.99,4.64,8.55,13.37,1.34,7.11,24.0,56.4,9.8,1677.8,5.68,336.9,0.0477,-0.0465,0.367,0.417,2,2,1,1,0,0.0312
1.08,2.48,4.6,6.79,10.39,23.65,26.05,1.27,16.06,24.6,68.0,26.7,1865.5,23.19,184.2,-0.0609,0.0098,0.41,0.579,2,2,1,0,1,0.2013
0.46,0.81,1.69,2.02,2.51,4.92,6.7,0.62,3.78,16.1,54.8,7.2,3802.3,15.19,0.9,0.0215,0.0385,0.261,0.554,1,1,2,3,0,0.0454
1.43,3.72,6.62,11.04,14.84,19.97,26.95,1.49,16.93,27.5,71.6,9.4,1495.3,21.24,135.0,-0.0327,0.0002,0.397,0.476,0,7,1,0,0,0.2421
0.47,1.31,2.02,3.32,4.2,5.46,8.63,0.61,4.99,20.4,53.7,17.2,2183.1,18.52,40.2,0.0112,0.0741,0.373,0.658,2,7,1,1,0,0.059
1.11,2.1,3.69,5.82,8.66,10.83,11.98,1.4,8.73,13.1,52.6,19.1,3302.2,8.64,149.8,0.0034,0.0017,0.395,0.854,0,0,1,1,0,0.024
1.74,3.07,4.69,6.26,7.61,11.94,17.97,1.97,10.14,18.4,21.4,16.1,1695.7,16.99,284.4,-0.0126,-0.0,0.301,0.798,1,1,1,1,0,0.0517
0.09,0.2,0.3,0.46,0.69,1.66,2.32,0.11,1.24,25.2,50.6,13.2,2631.7,9.9,157.9,0.0239,0.0335,0.329,0.417,0,0,1,0,0,0.0186
2.95,8.1,9.76,10.77,12.82,27.88,44.65,4.2,22.62,16.0,86.0,15.6,3628.8,13.98,155.5,0.0022,0.061,0.461,0.946,3,5,3,1,0,0.0531
11.5,28.66,41.6,63.24,78.78,126.12,181.15,12.84,104.39,18.2,81.3,26.7,3990.5,29.64,200.4,-0.0066,-0.0675,0.829,0.561,5,5,1,2,1,1.0
1.09,3.03,6.35,7.2,11.13,18.52,23.27,1.47,14.34,11.8,39.2,5.1,660.4,19.32,209.4,-0.0178,-0.0559,0.312,0.605,2,2,4,2,0,0.0469
0.89,2.34,3.22,4.04,5.02,9.8,17.52,1.08,8.59,13.2,54.8,4.5,3895.3,25.07,308.3,0.0039,-0.0157,0.357,0.923,2,4,4,0,0,0.013
4.48,10.73,19.67,26.43,41.11,96.14,115.1,5.63,67.2,17.6,73.7,8.4,2092.3,20.17,111.0,0.0111,0.1579,0.591,0.493,8,3,3,3,1,0.9612
18.01,31.34,56.84,88.2,102.99,225.79,363.29,21.33,183.32,8.9,86.6,13.1,1121.7,15.79,295.8,-0.0495,-0.0131,0.95,0.571,0,2,1,0,1,1.0
1.48,3.91,5.58,7.08,10.02,23.54,29.27,2.06,16.71,14.8,61.8,8.6,1955.4,21.27,203.7,-0.0175,-0.0061,0.404,0.442,1,1,4,1,0,0.0763
2.65,6.05,11.93,14.22,17.62,21.49,39.13,2.65,21.32,19.2,65.7,3.3,4117.1,6.4,108.2,-0.0528,0.0309,0.363,0.562,1,1,2,0,0,0.0481
0.84,1.75,2.87,4.16,5.24,12.94,19.73,0.91,10.0,16.9,72.3,10.4,2094.4,27.46,106.2,-0.002,0.0488,0.411,0.836,2,1,1,1,0,0.1471
0.61,1.32,2.63,4.28,6.49,9.84,16.97,0.72,8.97,-1.5,53.1,27.2,1414.3,11.4,130.0,-0.0296,0.0085,0.262,0.458,1,2,4,0,0,0.0106
0.18,0.49,0.6,0.82,1.14,1.84,2.46,0.2,1.47,10.5,61.0,12.4,2678.6,24.25,224.2,0.0385,0.0582,0.383,0.286,1,0,2,1,0,0.1214
1.91,2.9,3.91,6.65,8.04,16.39,19.25,2.44,11.72,15.7,54.9,6.6,1046.6,15.45,83.1,0.0336,-0.0597,0.288,0.672,1,0,3,0,0,0.0198
2.31,5.73,9.02,15.87,24.96,56.53,80.06,3.11,42.88,27.3,58.4,8.5,364.8,8.64,331.3,-0.0461,-0.0383,0.505,0.959,2,0,3,0,1,0.0974
7.93,19.74,33.07,52.9,68.9,113.24,168.04,10.26,94.44,26.5,85.0,3.8,584.9,12.59,207.0,-0.0001,0.0581,0.744,0.551,2,3,1,1,1,0.9979
2.24,3.64,6.36,10.59,16.31,34.26,61.04,2.8,29.53,12.0,55.2,12.7,581.4,24.31,331.2,0.0319,0.0005,0.493,0.694,3,7,1,0,0,0.5147
0.16,0.43,0.86,1.29,2.0,4.81,6.46,0.21,3.52,24.8,65.3,24.2,680.4,51.36,16.7,-0.0088,-0.0631,0.41,0.64,2,5,5,0,0,0.1661
5.22,11.19,23.52,35.36,46.29,88.07,169.5,7.53,80.59,19.9,85.9,14.2,626.1,17.88,123.3,-0.0364,-0.0661,0.78,0.419,0,3,3,1,1,0.9917
0.49,1.18,1.79,2.02,2.64,5.06,9.75,0.65,4.63,17.5,47.7,20.9,2709.6,48.2,8.2,-0.0546,-0.0405,0.383,0.628,4,4,2,1,0,0.6434
0.48,0.99,2.07,3.05,4.2,8.88,12.49,0.64,6.81,9.6,33.3,15.5,804.8,6.39,98.0,0.0427,0.0001,0.295,0.783,2,2,3,1,0,0.0077
4.0,7.64,11.21,16.47,23.36,31.92,41.74,5.85,26.59,21.7,66.7,14.5,1484.5,16.12,310.3,0.0451,0.0234,0.445,0.623,0,1,1,0,0,0.3082
2.25,5.03,6.4,9.55,10.76,22.89,40.93,3.32,19.72,23.5,60.6,22.4,3771.7,17.89,13.2,-0.0104,-0.0165,0.329,0.52,0,1,4,0,0,0.0442
2.18,5.8,10.32,12.97,14.71,20.7,31.65,2.41,18.24,11.0,56.0,16.5,2016.9,24.98,157.0,0.0383,0.0192,0.342,0.646,4,0,2,1,0,0.1821
1.02,2.38,4.44,6.08,7.45,18.25,28.21,1.19,14.23,11.4,65.7,24.1,2820.4,12.88,42.3,-0.1483,-0.0219,0.409,0.893,3,3,4,0,0,0.0098
1.46,3.42,5.12,9.03,11.89,17.06,30.89,1.47,16.15,16.0,67.6,19.5,765.1,22.33,150.1,0.0664,0.0612,0.471,0.739,2,0,5,1,0,0.0359
2.31,4.42,6.05,10.27,14.66,26.3,39.1,2.72,21.48,17.6,76.6,8.1,848.0,16.57,302.0,-0.0078,0.1276,0.483,0.92,1,4,5,0,0,0.0193
0.47,0.84,1.09,1.54,1.85,4.13,6.4,0.63,3.28,15.1,44.8,15.6,219.6,34.54,224.3,0.0071,-0.0196,0.357,0.688,2,0,1,0,0,0.1673
0.52,1.2,1.96,2.73,3.43,5.53,9.93,0.77,5.06,10.7,54.0,23.2,751.1,20.5,265.2,-0.016,0.024,0.332,0.47,3,0,5,2,0,0.021
3.23,5.45,8.77,14.45,18.85,35.44,46.32,3.25,27.04,23.6,75.4,40.2,1206.1,64.94,125.7,0.0698,0.0199,0.434,0.897,5,7,2,0,1,0.9946
0.39,0.81,1.21,1.66,2.06,2.65,5.12,0.41,2.67,27.7,33.2,14.2,784.6,16.64,340.0,-0.053,0.0069,0.309,0.852,2,0,2,1,0,0.0148
1.71,3.12,4.43,6.74,8.71,18.78,31.1,2.16,15.52,15.2,77.2,9.7,418.1,33.38,255.3,0.0737,0.0327,0.452,0.499,1,2,1,1,1,0.7709
3.77,9.11,11.29,19.3,22.46,30.03,50.8,3.97,28.07,24.5,49.2,4.4,550.6,38.93,151.8,0.0198,0.0239,0.316,0.814,0,0,3,0,0,0.3392
4.69,10.3,19.45,24.03,26.61,57.14,112.15,4.81,51.64,17.8,82.7,27.7,1962.2,3.06,153.5,0.0311,-0.0236,0.675,0.388,0,0,3,0,1,0.3112
0.54,0.88,1.41,2.28,2.73,3.7,4.31,0.66,2.96,6.3,57.2,16.2,906.3,27.28,330.7,-0.0165,0.0658,0.266,0.713,3,3,4,1,0,0.0163
4.5,10.02,14.19,25.52,31.55,43.26,56.65,6.12,36.02,4.2,55.6,8.6,1561.7,8.54,207.5,-0.0654,0.0101,0.471,0.436,0,3,5,1,1,0.1466
0.22,0.51,0.87,0.98,1.47,3.15,5.27,0.26,2.62,17.0,71.0,15.3,2139.2,16.31,254.3,0.0465,-0.0192,0.296,0.517,2,0,2,1,0,0.0259
0.42,0.78,1.63,1.82,2.69,4.37,5.31,0.46,3.36,32.7,58.2,13.6,2915.1,9.41,150.1,0.0156,0.1222,0.285,0.777,3,5,2,2,0,0.0144
2.75,5.3,7.59,12.06,17.65,27.91,40.71,3.22,23.33,21.5,90.1,3.5,213.1,34.86,80.5,0.0681,-0.0058,0.466,0.911,1,3,3,0,0,0.2414
2.14,5.64,10.22,14.43,22.79,35.99,59.25,2.28,31.79,9.9,49.8,16.0,3367.6,13.31,260.5,-0.0097,0.0127,0.438,0.459,3,1,3,0,0,0.1507
0.14,0.23,0.49,0.6,0.79,1.55,1.91,0.17,1.14,25.2,64.2,13.9,2655.8,6.14,218.8,-0.021,0.0088,0.255,0.284,2,0,2,1,0,0.0142
0.38,1.04,1.65,2.41,2.77,5.15,7.38,0.47,4.1,11.6,62.6,10.6,389.3,20.77,180.5,0.0694,-0.0065,0.361,0.615,2,4,5,0,0,0.0077
0.97,1.73,3.71,6.4,9.66,12.58,19.89,1.01,11.5,29.7,62.7,23.8,3675.4,37.57,224.6,0.0956,0.0224,0.351,0.613,5,3,1,3,1,0.7009
0.94,1.7,2.06,3.02,4.2,8.59,15.2,1.19,7.42,25.0,96.1,20.2,3871.6,9.49,75.0,0.0005,-0.0422,0.407,0.643,3,0,4,0,0,0.0072
0.65,1.31,1.73,3.04,4.86,10.6,12.1,0.82,7.38,16.5,71.4,18.9,303.5,29.18,285.8,-0.0376,0.0298,0.345,0.526,2,1,2,2,0,0.1873
1.43,3.91,6.77,10.15,12.89,18.11,22.73,1.72,14.72,23.0,54.7,15.8,1199.0,5.06,341.3,0.0405,-0.0879,0.373,0.824,4,0,2,0,0,0.0149
7.28,19.41,32.97,40.57,62.36,93.47,132.91,9.55,78.42,18.7,98.9,3.2,3395.7,38.97,320.8,-0.0127,-0.0649,0.813,0.656,3,1,4,2,1,0.9997
1.04,2.58,5.62,9.48,14.51,32.39,37.46,1.53,22.54,20.7,82.0,3.8,3155.3,23.09,115.7,0.03,0.0913,0.381,0.39,4,1,2,0,0,0.2478
0.89,2.26,3.03,4.15,6.6,11.97,18.65,1.04,9.96,29.8,66.4,2.9,815.8,8.87,146.2,-0.013,-0.0628,0.343,0.518,3,7,4,1,0,0.0136
0.6,1.32,2.89,4.39,7.0,11.37,21.05,0.64,10.55,11.0,50.2,12.5,918.8,27.78,291.0,0.0782,-0.098,0.432,0.747,2,4,2,0,0,0.0939
0.69,1.84,3.79,5.21,8.31,13.48,21.91,0.94,11.76,26.6,67.5,22.5,1587.5,13.75,214.2,-0.035,-0.0616,0.405,0.861,1,4,3,1,0,0.0197
1.16,1.94,2.76,3.85,6.0,14.76,28.54,1.31,12.93,1.7,55.4,30.0,2060.8,10.76,197.2,0.024,0.087,0.333,0.725,3,1,3,3,0,0.0383
0.76,1.67,2.61,3.19,3.93,6.82,10.8,1.03,5.78,6.3,59.4,5.0,2615.8,13.58,333.6,-0.0244,-0.0896,0.422,0.59,0,0,2,0,1,0.0227
34.54,88.7,117.06,180.04,237.78,509.64,806.6,39.33,412.28,14.4,90.2,9.2,1581.0,26.32,193.0,-0.0141,-0.0478,0.95,0.494,4,0,5,1,1,1.0
1.0,2.23,4.71,6.22,9.87,14.89,27.4,1.05,14.03,24.6,77.6,20.1,1969.5,10.35,185.4,-0.0206,-0.0729,0.415,0.339,2,2,1,0,0,0.0817
8.54,21.87,34.67,46.65,60.61,110.08,216.25,12.82,102.8,3.3,57.3,17.6,3152.0,3.77,15.1,0.0369,-0.0137,0.875,0.517,3,1,3,0,1,0.9845
0.52,0.89,1.11,1.37,2.13,5.13,9.78,0.66,4.47,29.0,65.4,18.4,202.2,13.99,25.0,0.0459,-0.0218,0.374,0.694,2,0,5,1,0,0.0064
14.08,21.83,38.81,51.99,76.86,99.27,123.9,19.32,82.69,17.3,97.3,17.0,1097.6,35.61,2.7,0.0279,-0.024,0.628,0.649,2,0,1,1,1,1.0
11.07,24.64,35.92,60.16,92.23,121.29,242.05,13.23,123.12,23.1,91.0,7.1,3010.4,35.36,328.8,-0.0054,0.0928,0.95,0.516,3,5,3,1,1,1.0
1.4,3.37,5.34,9.44,13.96,28.84,40.91,2.04,22.32,7.4,28.8,18.6,3765.1,13.57,147.0,0.007,-0.06,0.435,0.539,3,3,2,1,1,0.1258
1.22,2.71,4.53,6.38,8.23,10.5,14.7,1.73,9.18,13.2,62.5,12.6,2173.5,13.29,168.7,0.0449,-0.0051,0.326,0.508,1,0,1,0,0,0.0477
0.17,0.33,0.43,0.69,0.86,1.53,2.68,0.24,1.35,15.7,73.4,41.3,2258.3,12.81,304.3,0.0465,0.0169,0.257,0.412,0,4,2,1,0,0.0201
0.79,1.93,3.26,5.67,8.22,14.68,22.58,1.11,12.19,7.2,64.0,11.3,494.8,12.48,219.3,-0.1345,-0.049,0.418,0.58,4,4,5,0,0,0.0101
30.86,83.6,124.45,158.96,181.82,273.51,322.68,39.85,212.68,21.8,90.7,3.3,1906.8,12.99,219.4,-0.0136,0.0243,0.95,0.636,5,1,2,1,1,1.0
0.97,2.18,4.18,4.99,5.94,11.56,21.41,1.21,10.32,13.1,76.3,9.4,2260.4,21.31,106.8,-0.0112,-0.02,0.396,0.476,0,0,2,0,0,0.0838
62.59,107.75,156.88,199.29,222.2,444.38,834.58,83.01,397.51,23.0,98.2,6.4,1056.3,36.06,300.2,0.0335,0.0187,0.95,0.663,1,4,5,0,1,1.0
0.07,0.15,0.33,0.57,0.71,0.93,1.74,0.08,0.92,15.4,42.6,18.0,1167.4,10.34,59.7,-0.0033,-0.0054,0.292,0.593,1,1,2,2,0,0.017
1.01,2.51,4.88,6.41,8.05,16.54,26.36,1.29,13.54,18.3,62.0,17.9,1615.7,11.54,19.1,0.036,-0.1025,0.447,0.616,6,4,3,1,0,0.0309
2.61,4.58,6.04,8.87,13.72,31.87,43.52,3.49,23.65,4.9,51.1,19.9,133.3,22.64,69.0,-0.0539,0.0653,0.524,0.543,1,0,3,1,0,0.2711
1.38,2.87,3.84,6.83,10.11,17.36,32.45,1.45,15.99,20.8,27.3,7.7,1386.6,27.12,96.4,0.013,0.1035,0.286,0.761,0,2,3,0,0,0.0499
9.2,21.79,33.98,48.7,70.27,85.38,162.92,12.68,86.67,36.8,78.1,20.1,927.5,7.18,101.6,0.045,-0.0088,0.756,0.755,0,0,1,0,1,0.9852
3.24,5.19,6.37,8.64,12.95,24.13,46.48,4.01,22.18,7.4,67.4,10.8,1409.1,43.03,241.4,-0.0737,-0.0449,0.477,0.775,3,3,3,0,0,0.5947
0.34,0.61,0.76,1.33,1.88,2.31,3.95,0.51,2.22,18.9,86.6,2.6,547.0,15.5,78.4,0.1257,0.0753,0.456,0.56,5,7,5,0,0,0.0061
1.87,4.55,8.73,10.26,12.63,30.06,47.55,2.75,23.82,17.3,40.6,12.9,3745.7,7.63,243.6,0.0595,0.0945,0.332,0.42,2,2,1,0,0,0.0938
0.11,0.22,0.33,0.52,0.83,1.47,1.62,0.16,1.06,27.0,51.1,4.8,2513.4,6.95,32.8,0.0001,-0.0084,0.225,0.729,0,0,2,2,0,0.0102
1.16,1.88,2.64,3.7,4.32,5.29,6.41,1.41,4.44,7.5,51.7,15.8,2868.3,6.68,53.0,-0.0414,-0.0109,0.298,0.927,2,1,5,0,0,0.0021
0.54,1.32,2.08,3.43,3.95,7.19,11.05,0.73,5.94,16.9,48.6,46.2,3325.1,33.04,183.2,-0.0088,-0.004,0.292,0.269,1,5,2,2,0,0.3627
5.62,9.96,21.74,31.08,37.91,73.89,129.43,6.25,64.1,23.9,64.7,16.7,2118.5,19.4,331.9,0.0042,-0.0837,0.685,0.811,0,4,1,0,1,0.9515
15.02,24.53,51.57,86.72,132.52,315.22,360.85,17.19,215.4,15.9,82.5,4.0,410.7,33.2,309.4,0.022,-0.0146,0.95,0.57,5,0,1,2,1,1.0
0.87,2.02,2.93,4.11,5.43,8.11,12.85,1.12,7.14,14.2,70.6,18.1,2279.0,17.42,348.8,0.075,0.0857,0.357,0.68,5,7,2,1,0,0.0369
2.88,7.74,9.88,11.94,15.5,30.14,45.56,3.95,24.35,22.7,57.8,2.6,2485.4,32.72,234.2,-0.0238,-0.0084,0.365,0.492,7,3,2,0,1,0.5241
0.41,0.87,1.33,1.83,2.28,4.31,5.3,0.5,3.2,30.2,55.4,17.9,3143.6,17.18,243.3,0.0281,-0.052,0.24,0.578,2,0,2,1,0,0.0232
1.1,1.97,2.39,2.84,4.49,6.02,8.88,1.54,5.3,17.6,29.4,17.0,1841.4,1.81,225.0,-0.0646,0.0248,0.261,0.698,1,2,2,1,0,0.0088
9.46,21.34,30.34,34.58,51.37,125.88,178.79,12.47,94.15,25.8,83.6,29.7,579.5,24.93,224.2,-0.0207,-0.0334,0.827,0.646,4,2,4,0,1,0.9959
115.76,269.28,491.3,623.72,737.7,1180.25,2166.8,134.08,1094.96,10.7,92.4,6.6,1227.7,18.09,53.0,0.0188,-0.0033,0.95,0.608,0,4,4,1,1,1.0
0.89,2.43,3.13,4.36,5.56,11.91,15.2,1.02,8.72,18.5,60.2,4.4,1556.8,16.6,195.7,0.0346,-0.0634,0.334,0.372,1,1,2,1,0,0.0654
27.98,77.19,105.91,126.15,161.51,358.66,712.39,39.02,324.29,11.6,85.3,12.6,2730.6,10.97,139.0,-0.0377,-0.0518,0.95,0.744,1,5,2,0,1,1.0
0.52,1.0,1.64,2.59,3.14,6.59,12.6,0.59,5.9,13.6,86.1,2.1,2418.7,26.76,159.3,-0.022,0.0369,0.4,0.362,7,4,5,3,0,0.0733
1.24,3.06,5.85,9.03,10.51,14.23,25.02,1.38,13.49,16.9,63.4,9.3,1527.8,9.52,188.5,0.073,0.0058,0.379,0.89,3,3,5,1,0,0.0082
0.22,0.57,0.99,1.65,2.5,4.24,7.71,0.3,3.86,14.4,82.2,28.9,4144.0,26.74,46.2,0.0581,-0.0388,0.476,0.727,0,1,5,1,0,0.018
2.12,4.94,9.55,12.12,16.49,37.56,44.59,2.19,26.31,23.6,66.3,30.5,2564.0,19.89,129.4,0.0104,0.006,0.547,0.463,0,7,5,0,0,0.0843
21.24,55.35,71.54,97.65,124.75,283.09,507.35,23.48,241.27,20.3,87.3,19.4,1034.5,27.12,22.8,-0.1118,-0.0304,0.95,0.299,4,2,3,1,1,1.0
13.47,29.35,39.96,62.38,70.52,107.03,137.09,19.19,85.71,8.9,86.8,7.4,472.4,20.84,352.7,0.1256,-0.0392,0.726,0.93,4,6,2,3,1,0.9984
2.36,5.38,11.24,15.56,19.08,36.25,68.72,3.0,32.92,16.4,52.2,15.3,684.4,34.6,42.7,-0.001,0.0582,0.447,0.242,3,0,5,2,1,0.7056
2.75,4.48,9.67,13.24,19.36,43.89,64.02,3.49,33.76,11.0,67.8,12.2,1070.7,23.64,93.1,-0.0156,0.0391,0.526,0.486,0,7,3,2,0,0.6066
31.57,63.02,127.34,171.0,264.6,528.3,907.86,45.11,451.65,16.7,80.4,2.2,716.8,20.12,320.9,-0.0261,-0.0011,0.95,0.662,2,4,3,1,1,1.0
38.32,58.18,111.71,161.72,249.99,369.33,663.12,53.89,345.61,18.1,88.3,7.9,824.3,3.45,173.8,0.0188,0.0072,0.95,0.54,3,6,4,1,1,1.0
3.35,8.27,10.35,14.35,18.02,40.35,62.93,4.66,32.13,16.2,61.2,16.2,1233.1,35.34,48.8,0.0193,-0.0004,0.551,0.704,6,0,3,1,0,0.756
1.26,2.54,5.59,8.29,12.06,27.51,40.7,1.48,21.27,14.8,44.0,8.0,769.5,6.63,138.3,0.0475,0.0244,0.352,0.455,0,2,3,1,0,0.0423
27.66,73.8,104.12,186.48,218.85,524.08,774.48,30.4,401.24,20.5,91.4,3.4,3771.6,8.1,41.7,-0.0463,-0.04,0.95,0.606,2,0,2,1,1,1.0
8.11,13.26,21.37,30.77,38.22,87.47,164.66,10.33,76.41,7.1,71.8,14.3,383.0,28.48,72.1,-0.0156,0.0431,0.798,0.554,0,0,1,0,1,0.9999
12.98,19.84,36.27,59.58,80.91,163.76,324.01,16.58,150.26,21.5,100.0,14.0,2226.7,19.01,18.7,0.1015,0.0177,0.95,0.57,2,1,2,1,1,1.0
1.51,3.0,5.23,8.2,12.2,22.02,38.19,1.55,19.32,9.5,78.9,8.3,1753.1,6.82,157.8,0.0112,-0.0132,0.349,0.75,1,7,3,1,0,0.0251
28.52,78.88,172.81,257.49,400.48,1000.15,1518.57,34.51,769.85,19.2,92.6,19.0,4126.9,13.28,290.4,-0.0086,-0.0244,0.95,0.768,4,3,4,0,1,1.0
0.32,0.88,1.58,2.56,4.02,9.96,13.06,0.41,7.16,19.5,50.7,3.5,515.0,34.37,210.9,-0.0471,0.0421,0.333,0.568,1,1,2,0,0,0.1382
3.29,7.84,11.14,17.23,20.35,37.08,57.7,4.09,30.82,14.0,96.9,27.0,1701.1,20.5,218.3,0.0253,-0.0075,0.602,0.749,2,7,4,0,0,0.157
0.5,0.92,1.63,1.87,2.47,5.39,6.58,0.75,3.86,20.3,51.9,5.0,4073.3,19.27,72.2,0.0516,-0.0349,0.309,0.647,2,3,2,1,0,0.0298
14.2,30.17,46.03,74.65,107.34,175.71,333.38,15.71,164.84,12.7,92.9,16.2,3641.9,12.33,123.8,0.0437,-0.0192,0.95,0.603,5,6,5,1,1,1.0
0.09,0.24,0.45,0.77,1.14,1.66,3.07,0.09,1.58,9.8,51.1,4.9,3440.8,29.02,304.3,-0.0129,0.0385,0.342,0.434,4,6,1,0,0,0.1572
0.33,0.83,1.03,1.72,2.32,5.54,9.96,0.47,4.69,9.1,39.0,34.0,1120.3,17.72,31.6,0.0181,-0.0805,0.392,0.79,0,4,3,0,0,0.0113
4.96,11.75,17.34,23.68,26.73,33.52,40.53,7.28,27.87,25.2,95.8,3.4,759.2,26.19,308.9,0.0836,-0.0178,0.49,0.851,0,0,2,0,0,0.4046
2.59,7.02,12.27,21.26,31.9,69.07,108.44,3.71,55.54,20.2,83.7,21.2,2824.9,11.58,174.1,0.0535,0.0535,0.675,0.632,2,7,2,2,0,0.7772
0.43,1.04,2.05,2.41,3.68,8.46,12.74,0.63,6.59,22.4,92.2,18.5,3906.9,51.51,301.4,-0.0392,-0.0084,0.285,0.844,2,1,1,0,1,0.4253
0.27,0.51,1.04,1.43,2.21,4.72,6.17,0.34,3.49,26.4,38.4,42.4,2360.6,37.67,114.5,-0.1273,0.0136,0.277,0.384,1,3,3,0,0,0.1063
3.0,6.7,14.18,15.64,24.06,56.46,95.76,4.34,46.47,8.5,100.0,8.0,2422.2,20.38,122.0,0.0148,0.0543,0.662,0.896,4,4,2,0,1,0.5958
2.49,4.6,7.27,9.82,14.5,22.58,43.32,3.11,21.55,12.6,70.8,6.3,1211.9,22.84,270.6,0.0399,0.0446,0.288,0.533,0,0,5,2,0,0.0872
4.76,10.64,19.01,21.46,28.07,62.35,100.74,5.68,50.6,21.5,92.2,2.3,3243.4,13.35,282.6,-0.0545,-0.022,0.622,0.701,7,3,3,0,0,0.44
0.3,0.82,1.47,2.39,2.85,6.06,11.67,0.33,5.43,21.4,52.9,6.7,826.2,27.3,82.7,-0.0004,-0.0065,0.437,0.573,0,1,2,2,0,0.1764
1.09,2.35,4.94,6.37,7.43,18.43,34.28,1.51,15.78,22.9,56.0,6.6,1393.3,4.03,350.2,-0.0132,0.0452,0.391,0.573,0,0,3,0,0,0.014
1.48,3.19,6.52,9.68,14.08,33.61,49.56,1.91,25.72,10.3,64.0,1.9,1815.6,42.68,30.4,0.0052,0.047,0.43,0.386,1,0,1,0,1,0.984
1.7,3.17,5.15,7.81,11.62,14.91,17.09,2.01,12.07,18.5,57.7,22.3,2156.6,26.46,24.7,-0.0272,-0.0044,0.267,0.601,2,5,3,1,0,0.0711
4.16,7.46,13.39,17.62,25.12,34.43,51.95,4.22,30.39,14.6,88.6,3.8,1056.0,10.21,214.4,0.0645,-0.0027,0.528,0.748,1,0,3,1,1,0.1241
0.02,0.03,0.07,0.09,0.12,0.31,0.47,0.03,0.24,25.4,34.2,6.5,526.6,42.14,260.2,0.0074,0.0134,0.262,0.56,3,5,1,1,1,0.3171
4.82,11.37,25.02,37.17,51.84,103.6,149.2,6.51,81.34,27.0,51.2,13.8,2584.1,49.18,345.9,-0.044,0.0683,0.623,0.734,2,3,3,0,1,0.9997
60.12,134.4,260.54,330.23,374.06,494.65,643.02,62.45,415.34,21.4,85.5,10.6,1247.8,23.51,145.8,0.0459,0.0534,0.95,0.781,0,3,2,0,1,1.0
0.32,0.7,0.89,1.08,1.34,2.18,3.36,0.42,1.85,20.2,51.2,8.7,2462.1,11.7,9.1,-0.0632,0.0347,0.293,0.652,5,4,2,1,0,0.0133
2.18,5.92,12.39,20.09,23.81,40.41,72.03,2.6,36.44,11.1,78.3,11.6,690.6,19.44,217.0,0.0642,-0.0539,0.475,0.805,7,2,3,1,0,0.2566
0.08,0.19,0.33,0.43,0.57,0.74,1.16,0.11,0.68,11.6,77.4,16.2,2046.7,25.34,104.3,0.0496,-0.0137,0.342,0.892,3,1,2,2,0,0.0336
33.29,65.53,101.61,143.62,163.54,328.26,460.05,39.15,254.32,24.7,89.5,11.0,2260.2,22.46,155.9,0.0695,-0.0111,0.95,0.843,4,0,2,1,1,1.0
0.76,1.39,2.07,3.6,4.56,11.08,13.5,1.03,7.74,21.1,78.9,30.0,265.1,10.21,175.8,-0.0079,0.0709,0.465,0.798,0,2,2,2,0,0.0264
2.82,5.98,11.98,14.24,21.9,46.29,78.94,3.01,38.97,13.8,92.7,6.7,1446.9,25.09,23.2,-0.0248,-0.0119,0.644,0.833,1,2,3,1,0,0.5485
1.88,3.61,7.58,8.68,9.97,23.1,43.42,2.13,20.12,22.3,98.9,10.1,607.8,34.16,175.0,0.0042,0.0627,0.444,0.771,1,1,1,1,0,0.6011
30.71,59.59,112.38,157.42,217.66,522.67,812.58,40.81,409.99,7.0,90.1,2.9,313.0,8.74,153.5,-0.0042,-0.0285,0.95,0.584,7,3,4,2,1,1.0
2.0,4.8,6.05,9.26,11.4,28.22,34.4,2.82,19.65,15.2,33.3,31.4,4158.3,9.41,256.5,-0.0326,-0.0245,0.319,0.429,2,2,3,0,0,0.0363
0.01,0.02,0.04,0.06,0.08,0.17,0.22,0.01,0.13,20.0,60.8,2.5,1387.8,13.03,232.4,-0.0277,0.0241,0.363,0.773,0,4,3,1,0,0.0075
1.7,2.59,4.55,5.03,6.29,11.76,20.45,2.08,10.25,29.0,63.5,22.5,3411.0,16.8,66.7,-0.0183,0.0784,0.379,0.603,2,2,2,1,0,0.0578
4.49,8.78,17.81,24.65,27.88,36.0,44.01,5.17,29.76,19.3,48.6,0.9,1106.8,29.41,74.2,-0.0585,-0.0106,0.351,0.665,0,6,2,0,1,0.4546
0.24,0.66,1.27,1.83,2.08,2.64,4.11,0.3,2.41,24.9,72.9,16.8,2878.2,33.96,90.4,0.0339,-0.1281,0.443,0.524,1,2,4,1,0,0.081
2.9,6.84,10.5,18.52,24.72,54.17,61.09,3.55,37.47,14.6,65.9,6.6,3204.9,11.39,64.4,-0.0026,-0.0782,0.528,0.674,2,5,1,1,0,0.3707
0.31,0.67,1.41,1.63,2.48,3.8,5.2,0.33,3.12,12.9,63.2,20.5,2521.9,21.21,236.6,-0.0154,0.0149,0.352,0.9,1,2,1,0,0,0.0245
0.82,1.7,2.56,4.04,6.33,10.96,13.81,0.91,8.41,12.1,56.6,4.4,2007.0,33.24,358.0,-0.0555,-0.0737,0.36,0.477,0,2,2,1,0,0.2756
5.54,14.39,31.37,43.18,52.38,117.58,175.29,6.13,91.55,27.4,43.4,6.4,1759.1,53.04,234.8,-0.058,-0.0433,0.647,0.704,0,1,2,1,1,1.0
2.32,3.85,8.41,14.39,22.28,44.6,75.44,2.63,37.81,19.2,69.9,10.4,1497.8,21.15,218.4,0.0968,0.0006,0.486,0.727,2,2,2,0,1,0.3833
0.67,1.27,1.58,2.47,2.77,6.2,8.92,0.84,4.75,14.0,68.2,2.6,3907.5,21.79,147.6,-0.0314,-0.1225,0.334,0.45,3,6,5,0,0,0.0115
0.64,1.44,1.92,2.64,4.01,7.68,13.08,0.72,6.59,12.0,70.8,11.0,3497.1,23.59,112.5,0.0305,-0.019,0.358,0.637,2,0,1,1,0,0.1075
0.58,1.38,1.98,3.06,4.21,6.17,9.42,0.84,5.37,21.7,82.5,18.6,4054.9,15.81,328.0,0.0081,-0.0582,0.414,0.664,3,0,4,1,0,0.0135
3.56,6.82,10.71,15.12,17.29,38.31,68.49,5.19,32.75,6.4,100.0,24.0,565.8,20.27,348.8,-0.1388,-0.075,0.537,0.35,0,4,2,1,1,0.71
5.59,14.23,26.37,42.26,48.11,101.82,124.5,8.34,73.42,2.8,72.3,15.6,3083.1,4.79,178.8,0.0896,-0.0401,0.634,0.799,0,2,4,0,0,0.5595
0.63,1.2,1.87,3.1,3.63,6.74,11.29,0.68,5.78,23.0,92.8,25.3,3944.1,13.4,104.5,0.0342,-0.0535,0.327,0.775,4,1,4,1,0,0.0082
0.88,1.36,2.91,4.61,5.19,9.98,18.83,1.2,9.02,20.0,72.3,30.8,802.1,24.89,277.2,-0.0384,0.0235,0.371,0.852,1,2,1,0,0,0.0681
0.36,0.77,1.3,1.76,2.56,3.26,6.25,0.52,3.28,20.9,68.0,24.4,326.0,10.99,47.7,-0.0014,0.0598,0.403,0.656,2,2,3,0,0,0.008
1.53,4.27,7.5,8.43,11.87,25.21,48.22,1.58,22.51,35.2,65.8,36.1,3125.7,29.78,275.6,-0.0575,-0.0182,0.371,0.559,7,2,2,1,0,0.3868
2.68,5.18,9.46,11.32,17.19,37.31,71.78,3.78,33.29,21.8,58.8,1.5,2434.1,6.04,294.8,0.0913,-0.0298,0.469,0.665,2,4,4,0,1,0.0497
0.51,0.97,1.57,2.24,3.0,6.2,11.77,0.65,5.55,24.4,64.8,15.6,3543.6,29.17,45.0,-0.0454,-0.0207,0.388,0.495,0,1,4,0,0,0.0387
0.36,0.77,1.4,2.12,2.95,5.25,9.45,0.41,4.71,8.0,61.9,25.3,630.1,29.13,351.7,-0.0262,-0.0554,0.331,0.882,6,3,1,0,0,0.0546
0.9,1.56,2.01,2.35,2.75,3.39,4.33,1.16,2.89,21.5,55.8,25.7,3350.4,53.54,354.8,-0.0365,-0.0644,0.262,0.437,0,4,2,2,0,0.8241
1.73,3.95,6.73,9.58,13.04,26.63,41.32,2.2,21.55,9.8,59.9,17.0,886.8,15.45,337.2,0.004,-0.0823,0.408,0.682,3,4,3,2,0,0.0952
0.78,1.6,2.45,3.19,4.01,8.76,11.78,1.08,6.54,19.4,69.0,16.8,729.2,19.02,178.6,0.0685,-0.0665,0.412,0.256,1,1,3,0,0,0.051
0.24,0.49,0.68,0.78,1.03,1.74,2.46,0.26,1.41,9.4,46.3,14.9,731.7,40.52,88.6,0.0895,0.0816,0.293,0.624,2,1,2,2,1,0.2187
0.3,0.72,0.89,1.2,1.82,3.16,6.01,0.33,2.93,24.7,81.3,3.8,3430.5,37.82,209.5,-0.0199,-0.0345,0.385,0.606,2,2,2,0,0,0.186
12.54,21.85,43.28,66.8,95.91,136.35,267.07,13.08,134.43,24.0,82.3,39.6,2810.6,32.1,151.2,0.0189,-0.1471,0.95,0.703,2,5,4,1,1,1.0
2.7,7.55,9.98,16.4,18.53,37.77,45.25,3.49,27.24,12.0,66.8,14.0,2220.7,22.88,74.1,0.0041,-0.0294,0.395,0.296,4,4,1,0,0,0.6295
1.07,2.36,3.24,5.29,8.35,18.44,28.25,1.45,14.6,17.5,57.0,4.5,1539.1,39.94,152.5,-0.0491,-0.0795,0.406,0.702,6,2,2,2,1,0.5716
1.33,2.3,3.15,4.59,5.64,11.17,15.57,1.66,8.66,7.9,76.0,8.3,3690.4,63.47,239.0,0.1211,0.003,0.414,0.397,0,7,2,0,1,0.9999
0.34,0.54,1.18,1.38,1.83,3.73,5.19,0.43,2.87,13.9,66.0,17.6,1678.6,26.13,25.5,0.0681,-0.0024,0.29,0.822,4,2,2,0,0,0.0217
3.6,8.93,12.98,19.69,26.28,61.33,99.38,4.14,49.38,17.4,78.6,21.9,3438.9,19.53,120.0,0.0095,0.0028,0.655,0.647,0,4,3,0,1,0.6248
2.74,4.93,6.83,7.76,11.05,26.44,40.32,3.35,20.56,24.6,66.3,8.1,1872.4,27.8,6.4,0.0791,-0.002,0.56,0.893,0,4,3,0,0,0.1443
0.33,0.82,1.79,2.5,3.81,7.92,15.82,0.48,7.27,24.8,100.0,6.4,1614.3,20.99,269.8,0.0606,-0.0186,0.447,0.779,7,6,3,2,0,0.0422
0.09,0.22,0.4,0.63,0.78,1.11,1.92,0.13,1.03,14.1,48.3,6.7,1970.1,16.23,230.6,0.0041,-0.0728,0.349,0.462,2,7,3,0,0,0.013
1.64,4.57,8.61,10.22,12.74,17.21,34.06,2.31,17.28,29.6,63.9,6.0,1300.7,29.84,22.6,0.0163,-0.0037,0.382,0.82,0,2,4,0,0,0.0575
2.54,4.1,8.26,12.69,15.37,35.15,42.27,2.69,24.73,16.5,46.7,31.5,3152.6,14.17,347.3,0.0756,0.0509,0.378,0.2,2,0,1,1,1,0.3842
1.73,3.83,6.69,10.51,15.56,31.84,51.43,2.57,26.26,22.5,67.0,29.4,2136.3,25.84,8.1,-0.0473,0.0907,0.448,0.518,1,2,1,0,0,0.5899
13.58,32.68,56.96,98.15,139.2,206.5,407.97,14.15,202.33,16.1,68.0,14.4,1013.7,7.02,212.4,0.0837,-0.0119,0.95,0.893,2,5,2,3,1,1.0
1.59,2.78,6.12,7.66,9.23,13.59,18.99,2.36,11.37,31.5,78.9,8.6,3783.2,43.68,279.5,-0.0113,-0.0065,0.445,0.52,3,4,4,3,1,0.6376
8.68,21.8,41.2,68.95,91.25,115.85,181.79,11.67,106.35,20.6,46.5,7.7,1643.1,11.9,283.6,0.0762,0.025,0.724,0.718,5,1,3,0,1,0.9955
1.47,3.18,6.09,8.16,10.64,19.76,34.94,2.12,17.4,12.7,67.1,5.5,2305.7,8.0,12.3,-0.0003,0.0747,0.37,0.623,0,0,1,0,0,0.0459
1.13,2.24,2.88,3.95,5.41,7.33,13.18,1.53,7.02,14.2,51.6,24.2,3811.9,37.14,326.3,0.0169,-0.0243,0.311,0.645,1,2,1,1,0,0.3371
1.16,2.29,3.02,5.36,8.09,13.76,25.8,1.62,12.72,21.9,40.9,6.5,2640.6,40.8,330.6,-0.0017,0.0346,0.358,0.539,0,2,4,1,1,0.2317
0.95,1.88,3.2,4.66,7.21,10.53,18.63,1.38,9.81,14.8,35.7,4.4,535.1,22.63,202.1,-0.0266,-0.0411,0.272,0.359,0,0,2,1,0,0.1126
1.75,4.38,8.45,14.43,17.45,37.46,74.23,2.55,34.03,18.0,26.0,12.0,3950.3,18.0,173.5,-0.0135,0.0165,0.427,0.864,7,4,2,0,0,0.1676
2.79,7.68,15.01,23.85,33.42,40.34,71.32,3.16,39.61,4.0,72.4,5.9,2655.0,15.66,16.2,0.069,0.0485,0.47,0.661,6,1,3,1,1,0.349
1.91,4.5,8.93,12.44,18.68,31.61,36.43,2.87,23.55,3.0,42.9,20.8,1439.9,21.96,202.3,-0.1157,-0.0645,0.416,0.246,3,3,4,0,0,0.1689
54.25,96.88,185.32,209.45,244.77,307.96,540.14,70.02,297.69,20.3,100.0,4.2,628.0,18.57,147.4,-0.0619,-0.0263,0.95,0.634,3,0,2,1,1,1.0
0.69,1.14,1.5,2.16,2.75,3.47,4.97,1.0,3.07,18.7,63.1,12.6,3345.2,17.32,278.2,-0.0363,0.0477,0.26,0.505,4,5,4,1,0,0.0129
1.34,2.16,4.39,5.98,7.06,9.34,14.51,1.55,8.43,25.2,53.0,0.9,2623.3,11.13,145.4,-0.0539,0.0308,0.374,0.709,0,3,2,0,0,0.0176
7.48,16.7,32.85,48.2,62.1,96.69,144.28,8.86,81.98,22.8,45.1,11.9,2263.9,9.22,246.1,0.0755,0.0518,0.646,0.39,0,1,3,1,1,0.9666
0.11,0.28,0.45,0.72,0.8,1.78,2.88,0.12,1.45,28.0,78.6,11.7,3759.7,19.95,36.5,0.0629,0.0424,0.337,0.501,1,3,3,0,0,0.0164
0.31,0.64,1.03,1.51,2.04,3.89,7.4,0.45,3.54,17.8,68.5,4.6,3322.7,21.6,47.9,0.0296,-0.0171,0.284,0.538,4,0,4,0,0,0.0117
2.24,3.79,6.65,10.44,16.68,23.04,29.0,2.99,18.85,21.2,45.8,18.3,679.5,12.32,50.3,-0.0319,0.11,0.311,0.275,2,7,2,0,0,0.0991
0.32,0.67,1.46,2.32,3.57,6.09,11.02,0.33,5.53,14.5,66.8,15.1,1343.6,13.39,16.4,0.0668,0.0068,0.333,0.747,2,4,4,1,0,0.0083
1.67,4.24,8.24,13.56,18.37,43.83,86.06,1.94,38.9,15.8,52.4,23.4,1081.2,21.57,194.9,-0.0794,-0.1528,0.437,0.775,1,4,3,1,0,0.2862
58.82,147.76,301.11,468.18,652.42,1139.89,1952.32,61.89,1001.4,14.2,87.7,14.0,3137.4,10.95,285.8,0.1071,-0.0141,0.95,0.423,3,0,4,1,1,1.0
1.54,3.1,4.35,7.47,11.08,26.97,47.6,1.84,22.52,16.9,60.4,8.3,189.2,32.76,219.7,-0.0342,-0.0235,0.395,0.728,5,0,3,0,0,0.1833
0.98,2.08,3.55,4.65,5.65,13.53,19.56,1.4,10.25,11.4,69.5,5.2,2415.0,25.29,207.0,-0.0131,0.0398,0.394,0.338,1,2,2,1,1,0.2335
15.5,35.97,63.4,106.84,146.89,252.1,392.92,18.76,212.66,17.9,83.5,5.5,3214.2,12.25,245.0,-0.0215,-0.0226,0.95,0.882,3,0,1,0,1,1.0
2.22,4.8,5.97,9.21,12.36,25.25,44.52,2.26,21.77,21.9,74.0,26.7,3688.6,24.61,122.3,-0.0537,0.0549,0.458,0.687,1,4,4,1,0,0.1078
1.86,3.38,4.43,6.78,8.76,19.49,30.85,2.16,15.65,12.7,65.3,30.5,1469.6,11.12,130.3,0.0963,0.0279,0.271,0.186,4,2,5,1,0,0.0289
0.19,0.47,0.66,0.82,1.08,1.55,1.75,0.25,1.21,19.3,72.6,4.9,3458.2,29.2,113.1,0.0394,-0.05,0.33,0.768,2,1,2,0,0,0.0321
1.5,3.1,6.46,10.92,16.22,30.64,51.0,1.86,26.08,13.9,75.8,6.6,509.1,11.39,256.4,0.0608,-0.007,0.509,0.527,1,0,2,4,0,0.3498
0.02,0.04,0.08,0.12,0.15,0.2,0.4,0.03,0.2,15.3,60.8,23.8,3562.8,17.8,58.2,-0.0612,-0.0388,0.326,0.833,2,7,3,0,0,0.0063
0.09,0.16,0.27,0.34,0.53,0.97,1.69,0.12,0.85,18.3,49.5,27.8,579.1,20.62,4.7,0.009,0.0092,0.304,0.89,0,7,1,0,0,0.017
0.06,0.16,0.31,0.35,0.54,0.74,1.42,0.08,0.73,13.3,70.6,16.0,1698.7,40.47,214.6,0.0261,-0.0391,0.381,0.779,5,0,1,0,0,0.2292
0.17,0.33,0.56,0.81,1.28,2.84,3.66,0.24,2.07,25.0,26.4,32.2,3358.8,11.84,339.3,0.0135,0.0037,0.276,0.62,7,1,2,0,0,0.0098
0.85,2.05,4.35,5.65,6.39,12.79,19.97,1.14,10.43,1.4,61.6,61.5,672.2,11.55,219.4,-0.058,-0.0136,0.374,0.549,2,1,3,1,0,0.0245
4.38,8.29,12.32,16.1,22.6,46.15,68.78,5.67,36.64,10.8,59.5,12.6,1001.4,7.31,281.9,0.0538,-0.0076,0.406,0.692,1,1,4,2,0,0.1391
0.12,0.21,0.28,0.32,0.39,0.59,0.99,0.12,0.53,13.9,70.4,11.1,3047.3,46.75,242.2,0.0061,0.1025,0.392,0.41,3,6,1,0,0,0.9123
1.92,3.92,4.89,6.15,7.01,13.95,17.16,2.1,10.23,24.6,45.2,11.0,3038.2,19.37,179.1,-0.0477,-0.018,0.351,0.693,2,3,5,0,0,0.0109
1.06,2.89,4.74,8.43,11.43,24.85,37.14,1.52,19.5,18.9,65.0,13.4,2710.8,33.17,258.6,-0.0928,-0.0967,0.347,0.72,1,7,3,1,0,0.1765
0.48,1.25,1.88,2.8,4.39,7.04,12.15,0.69,6.33,13.6,75.8,10.2,2929.9,13.53,296.7,0.0303,0.0508,0.386,0.604,0,5,5,0,0,0.0062
0.57,1.06,2.31,3.4,4.24,10.31,16.23,0.72,8.12,16.6,62.9,20.4,2302.3,14.28,80.9,0.1225,0.0504,0.422,0.796,5,4,1,1,0,0.0399
0.03,0.07,0.14,0.21,0.27,0.45,0.55,0.05,0.35,22.2,82.1,12.9,1095.0,18.51,121.0,-0.0508,-0.0989,0.358,0.672,4,3,2,0,0,0.0156
7.92,18.15,29.59,48.47,69.86,116.43,184.45,9.05,99.67,7.9,85.0,9.9,1484.6,18.82,80.5,0.0085,-0.035,0.823,0.966,4,5,2,0,1,0.9959
0.16,0.33,0.4,0.62,0.96,1.63,2.88,0.16,1.46,8.2,57.3,10.6,803.6,27.27,162.8,0.0555,0.0218,0.337,0.667,2,3,2,1,0,0.0503
0.05,0.14,0.18,0.22,0.26,0.61,1.03,0.06,0.5,22.6,68.8,25.3,3820.1,19.69,318.6,-0.0635,0.0262,0.325,0.503,4,0,5,1,0,0.0085
0.95,2.1,2.97,4.31,6.02,9.62,17.4,1.35,8.86,21.0,55.2,23.8,2471.1,15.3,124.3,-0.024,-0.0002,0.317,0.401,2,3,4,0,0,0.0172
0.97,2.55,4.06,6.48,7.91,15.79,22.3,1.0,12.29,13.2,53.9,38.8,1713.5,47.21,134.8,-0.043,0.0009,0.366,0.775,2,2,4,0,0,0.1668
1.6,2.92,5.85,8.28,12.33,19.02,34.29,1.68,17.64,9.7,57.5,4.0,1967.3,11.04,309.7,0.0492,-0.0469,0.403,0.733,4,7,2,0,0,0.036
1.84,4.39,9.02,13.35,16.45,36.33,59.56,2.17,29.73,23.7,67.4,22.0,3981.2,11.88,185.5,0.0663,-0.12,0.496,0.619,8,2,2,0,0,0.1265
1.07,2.17,4.78,5.53,8.09,20.1,35.48,1.25,16.73,11.7,63.6,10.0,686.4,11.14,192.8,0.008,0.1025,0.353,0.764,5,0,2,1,0,0.0364
1.85,3.02,5.23,5.8,8.45,20.85,31.49,2.33,16.04,10.9,40.0,4.0,2482.9,27.83,309.9,-0.0421,-0.0484,0.343,0.633,4,1,4,1,0,0.072
0.43,0.86,1.85,3.04,4.82,6.53,8.32,0.54,5.4,8.6,50.5,25.8,2149.4,24.2,176.6,-0.0221,0.0088,0.331,0.591,3,6,2,0,0,0.0451
0.23,0.45,0.84,1.38,1.85,4.18,8.32,0.24,3.77,18.5,77.2,39.7,2587.5,17.36,245.4,-0.0315,-0.0079,0.391,0.211,3,7,5,3,0,0.0367
4.02,7.71,12.94,18.84,22.23,45.39,83.06,5.12,39.89,20.5,58.3,3.3,125.2,10.79,30.8,-0.0489,0.0449,0.527,0.951,5,3,2,2,1,0.2984
0.7,1.62,2.17,3.62,5.42,11.83,21.12,0.74,10.13,6.3,72.6,16.3,3669.3,20.57,64.3,-0.0051,0.0057,0.38,0.782,2,0,1,2,0,0.1077
0.14,0.29,0.61,1.0,1.47,2.5,4.82,0.19,2.35,16.6,93.9,7.2,3918.3,29.91,145.6,0.0287,0.0077,0.442,0.817,0,0,5,1,0,0.0153
8.53,14.04,29.41,39.71,60.58,100.07,197.85,12.55,95.68,10.0,84.4,12.8,2395.3,41.35,178.1,0.0245,-0.1317,0.787,0.463,4,2,4,1,1,1.0
1.42,2.53,5.25,7.58,10.46,18.45,26.49,2.13,14.9,14.5,69.3,24.7,2941.1,13.19,347.7,-0.0004,-0.0417,0.401,0.526,6,7,3,0,0,0.034
21.7,46.87,101.41,145.22,207.6,518.18,610.43,26.51,354.81,18.9,85.7,17.6,3878.4,17.32,349.4,0.0029,0.0372,0.95,0.496,1,5,4,3,1,1.0
0.21,0.46,0.94,1.04,1.65,2.33,4.02,0.28,2.16,17.3,45.6,36.5,2985.0,24.08,306.4,-0.0041,0.0327,0.386,0.58,4,6,5,2,0,0.0191
3.49,5.4,6.5,7.16,7.93,18.99,35.64,4.42,16.43,28.8,95.6,17.5,683.0,15.21,113.6,-0.0649,-0.0476,0.52,0.748,1,3,4,0,0,0.0285
0.34,0.59,1.13,1.91,2.73,5.19,8.94,0.37,4.49,5.7,53.6,8.5,2441.6,8.1,347.1,0.008,-0.0789,0.233,0.78,7,5,5,1,0,0.0034
0.06,0.15,0.25,0.44,0.58,1.2,1.92,0.08,0.98,18.9,31.8,4.5,2567.9,17.37,248.2,-0.0292,0.0063,0.233,0.83,3,1,2,2,0,0.0166
0.26,0.52,1.11,1.8,2.35,3.1,4.93,0.39,2.83,35.7,43.6,13.5,1810.1,8.79,141.5,-0.0674,-0.1453,0.319,0.76,2,0,3,0,0,0.0049
1.81,3.5,6.95,7.99,9.98,22.72,27.85,2.28,16.14,9.9,81.3,26.0,3106.2,31.27,252.6,0.0185,-0.0574,0.433,0.612,4,6,4,0,0,0.1
2.35,3.67,7.35,11.21,16.4,21.59,27.89,3.29,18.11,9.0,68.5,9.0,3927.6,15.92,5.9,-0.0306,0.088,0.395,0.865,4,0,3,0,0,0.0342
20.12,40.33,52.78,81.19,93.98,196.37,245.75,25.98,143.42,12.1,91.5,6.5,3891.1,18.36,52.6,0.0114,0.0723,0.95,0.6,5,3,3,0,1,1.0
0.57,0.89,1.49,1.92,2.33,4.72,6.93,0.71,3.73,19.2,62.6,9.7,1921.0,12.07,298.7,0.0424,0.0244,0.271,0.681,6,3,5,1,0,0.0049
0.27,0.5,0.82,1.19,1.5,3.72,5.86,0.28,2.92,3.7,40.9,17.1,519.9,18.75,232.4,-0.0475,0.0154,0.294,0.355,0,0,2,1,0,0.0457
6.83,11.25,19.07,21.15,25.41,59.44,92.2,10.05,46.8,6.9,79.4,6.4,4137.1,36.18,131.1,0.0046,-0.0975,0.55,0.323,0,0,3,2,1,0.9926
0.37,0.97,1.93,2.75,3.23,5.48,7.43,0.4,4.36,2.5,63.9,12.8,3531.4,33.07,180.2,-0.0905,-0.037,0.332,0.443,4,1,3,2,0,0.1499
6.21,10.92,15.51,19.99,26.84,63.82,81.31,8.47,45.68,18.1,67.3,7.8,567.4,9.67,325.9,0.0766,-0.0148,0.648,0.959,7,4,2,2,1,0.4524
1.46,2.42,3.34,4.19,4.85,6.32,10.35,1.67,5.86,18.3,85.8,37.4,3871.5,2.26,227.4,-0.068,-0.036,0.437,0.807,1,0,2,1,0,0.0087
1.36,3.55,7.31,13.02,16.32,25.39,35.42,1.58,20.91,27.3,30.8,17.6,3660.1,17.45,143.3,-0.0257,-0.0175,0.264,0.774,0,2,4,0,0,0.0248
1.92,4.42,9.0,14.14,21.98,52.95,62.71,2.41,36.61,7.0,61.8,11.9,2203.2,15.98,43.3,0.0669,0.065,0.522,0.904,1,3,5,0,0,0.0524
0.27,0.75,1.4,2.41,3.31,6.26,10.25,0.34,5.29,15.0,46.7,32.6,2503.8,15.43,105.7,-0.0117,-0.0271,0.254,0.388,2,0,3,2,0,0.0322
2.04,4.73,5.97,7.17,9.75,15.55,28.16,2.13,14.34,20.3,71.0,20.1,1705.9,13.69,352.2,-0.0599,-0.017,0.395,0.659,4,0,2,0,0,0.0409
0.64,1.52,2.91,3.67,5.53,7.97,9.18,0.69,6.22,19.8,77.1,12.8,277.3,9.53,157.5,0.0357,0.037,0.414,0.423,0,1,4,1,0,0.0134
4.42,8.71,11.4,19.93,28.81,49.87,69.84,6.47,40.01,18.9,94.9,8.2,1441.1,55.48,169.9,0.0345,-0.071,0.62,0.452,1,1,5,1,1,0.9993
18.0,44.46,71.0,92.06,118.0,283.89,361.83,21.85,202.73,9.6,91.5,16.7,3381.8,46.73,179.5,-0.0317,-0.042,0.95,0.828,5,3,1,0,1,1.0
4.33,9.77,19.93,34.18,39.9,96.21,166.06,5.16,79.53,20.1,52.6,13.2,69.2,15.05,318.3,-0.0262,-0.0369,0.63,0.631,0,7,3,0,1,0.9042
13.62,23.25,28.61,46.27,68.31,136.94,259.29,17.1,122.97,25.5,93.4,13.0,1434.0,20.41,217.4,-0.0218,0.0028,0.95,0.819,4,0,3,1,1,0.9999
2.19,3.73,6.83,7.7,8.89,11.7,14.77,2.44,9.73,1.8,54.3,24.2,1702.4,31.56,249.7,-0.0104,-0.0172,0.295,0.689,2,6,3,0,0,0.0592
2.05,4.78,8.38,10.11,12.67,22.26,43.06,2.14,20.76,12.6,49.6,15.1,2280.2,20.38,140.2,-0.0946,-0.0157,0.301,0.686,3,2,1,1,0,0.1801
1.48,2.74,4.32,6.43,9.58,18.45,24.96,2.14,14.21,18.2,47.5,4.2,3867.4,14.35,10.5,-0.0091,-0.0332,0.309,0.633,0,3,5,0,0,0.0114
0.33,0.72,1.02,1.77,2.58,5.57,7.09,0.35,4.07,12.8,46.2,15.3,1487.3,8.2,335.2,0.0892,-0.0535,0.302,0.691,1,5,1,0,0,0.0116
1.33,2.33,3.18,4.78,7.29,17.38,34.38,1.75,15.49,19.6,50.6,25.8,1489.9,19.13,341.7,-0.0448,0.0305,0.441,0.918,2,2,2,3,0,0.1142
27.65,56.55,115.36,183.32,257.1,641.42,1154.59,37.32,538.99,22.5,79.9,14.3,3110.6,8.87,341.7,-0.0292,-0.0169,0.95,0.539,5,0,2,0,1,1.0
0.05,0.12,0.16,0.25,0.36,0.62,0.88,0.05,0.5,27.8,89.6,2.1,1926.7,34.9,339.7,-0.0592,0.031,0.407,0.846,2,0,3,0,0,0.0334
2.73,6.55,14.17,16.72,22.55,52.96,85.51,3.73,42.51,11.9,46.6,17.5,982.1,18.66,293.5,0.0306,-0.0556,0.47,0.598,0,4,3,4,0,0.6799
1.38,2.95,4.13,6.93,8.68,19.76,31.43,2.07,15.84,6.6,90.6,5.6,1927.6,25.12,246.5,0.0602,-0.0333,0.391,0.598,4,0,1,2,0,0.3761
0.02,0.05,0.1,0.16,0.22,0.43,0.53,0.04,0.32,28.3,62.5,16.9,634.6,15.71,304.0,0.059,-0.0111,0.326,0.425,0,2,1,0,1,0.0308
0.48,0.96,1.68,2.23,2.58,5.01,9.74,0.57,4.59,13.7,51.6,19.1,782.0,29.3,216.2,-0.0624,-0.0064,0.313,0.698,6,2,2,1,0,0.0662
1.72,4.05,6.37,9.06,14.47,35.82,57.82,1.74,28.48,9.2,27.8,27.6,2118.2,13.02,48.4,0.025,0.0377,0.363,0.33,1,1,3,0,0,0.1061
4.2,7.34,15.51,22.27,28.32,47.82,84.23,6.12,42.92,30.1,64.3,3.7,1788.5,22.28,140.8,0.0717,-0.0215,0.502,0.774,2,4,5,0,0,0.2453
26.64,51.63,63.72,105.52,161.27,285.13,518.01,37.72,257.23,27.0,79.1,32.6,3846.6,15.38,349.7,0.0255,0.0373,0.95,0.437,0,3,2,1,1,1.0
0.88,2.11,4.14,7.32,11.38,21.09,33.99,1.3,17.76,14.0,65.5,9.0,1553.9,16.73,126.4,0.0239,0.0187,0.407,0.965,2,3,3,0,0,0.0232
0.5,1.23,2.39,4.06,4.52,9.63,13.54,0.75,7.37,-1.9,77.1,21.0,2459.4,31.34,312.4,-0.0236,-0.0053,0.425,0.885,2,1,2,2,0,0.1322
15.45,40.97,83.39,119.67,167.34,314.8,499.5,17.21,262.14,24.2,90.5,24.9,2673.9,12.02,33.6,0.011,-0.0476,0.95,0.632,2,0,3,1,1,1.0
1.98,3.76,7.87,10.52,16.07,31.81,63.01,2.26,29.33,4.0,62.5,16.1,104.3,23.11,120.3,0.0618,0.0378,0.48,0.326,0,2,3,1,1,0.4769
2.45,6.39,10.58,13.35,17.61,29.89,54.48,2.92,27.26,16.6,26.5,8.9,2803.7,37.07,126.3,0.0164,-0.0463,0.423,0.425,5,4,3,2,1,0.8154
0.68,1.75,3.29,5.2,5.88,7.53,15.06,0.71,7.71,23.4,59.4,28.1,788.8,30.74,18.6,-0.0624,-0.0011,0.362,0.345,4,2,2,1,0,0.2998
1.46,2.21,3.93,5.47,7.07,14.06,17.24,2.17,10.3,12.0,51.4,16.1,4038.4,13.25,42.9,-0.0228,-0.0027,0.355,0.858,3,7,4,2,0,0.0165
2.05,4.88,8.74,10.48,12.97,26.02,30.94,2.82,18.78,19.8,56.8,4.6,667.0,24.83,69.5,0.0605,-0.0104,0.388,0.743,2,0,4,0,0,0.0485
11.87,29.64,36.31,41.19,63.59,101.73,176.62,12.14,91.84,18.8,82.2,17.2,1770.7,6.04,301.6,0.0162,-0.0195,0.751,0.745,3,7,5,1,1,0.9379
1.54,2.31,5.0,7.54,10.8,21.66,36.78,2.06,18.39,32.2,50.2,25.1,404.2,31.9,22.8,0.006,-0.0411,0.404,0.506,0,3,2,0,0,0.3909
3.0,6.42,8.74,14.96,18.4,36.86,51.1,3.2,28.43,14.4,43.8,5.6,4187.0,63.37,107.5,-0.0277,-0.0808,0.451,0.606,6,4,1,1,1,1.0
13.16,36.04,58.19,77.48,116.42,194.22,289.73,18.32,161.73,19.1,93.2,28.3,2134.1,22.41,3.7,0.0594,0.0702,0.95,0.468,1,1,3,1,1,1.0
1.8,4.93,9.37,11.7,15.84,34.05,43.03,2.39,24.81,17.2,75.1,12.3,2520.8,38.04,250.4,0.0831,-0.0246,0.501,0.77,3,2,4,0,1,0.2971
0.77,1.9,2.68,3.9,5.99,11.78,16.94,0.99,9.28,11.7,79.8,17.4,328.4,7.95,223.3,0.0632,-0.0064,0.408,0.554,3,4,5,1,0,0.0084
3.96,10.22,13.45,21.89,32.84,43.75,84.7,4.62,43.61,23.1,54.7,19.9,3162.3,10.17,232.2,0.0721,-0.0067,0.538,0.451,3,4,1,0,1,0.6069
0.67,1.28,2.67,3.01,4.31,7.8,11.13,0.91,6.24,9.9,97.4,33.6,921.1,15.68,134.8,-0.0179,0.0548,0.398,0.682,5,1,4,1,0,0.0133
2.32,4.88,8.68,14.87,17.22,40.32,51.86,2.66,29.07,14.1,46.7,32.1,3776.9,17.36,75.0,-0.025,0.0967,0.411,0.59,1,1,3,3,1,0.27
4.02,11.24,15.01,26.92,37.72,82.78,110.76,4.07,61.59,14.4,55.6,4.1,901.3,22.49,259.3,-0.0078,0.008,0.659,0.464,3,3,2,1,1,0.9747
1.72,4.39,9.09,12.84,18.09,25.03,38.87,2.51,22.3,14.7,66.0,1.6,841.4,13.28,292.0,0.0019,-0.0079,0.387,0.387,2,6,2,1,0,0.1712
2.33,3.64,5.05,8.54,12.88,31.39,47.96,2.46,24.35,19.7,65.2,6.3,201.7,20.53,49.9,0.0716,-0.0562,0.49,0.579,0,2,4,1,0,0.1181
3.26,5.12,9.51,13.25,15.79,24.1,28.58,4.53,18.7,12.6,59.6,2.6,2009.1,31.31,175.3,0.0583,-0.0722,0.317,0.608,2,1,2,0,0,0.2637
0.56,1.25,2.57,3.02,4.24,7.0,8.4,0.66,5.34,16.3,51.0,19.2,2394.1,24.78,89.5,0.0269,-0.0887,0.321,0.849,4,5,3,1,0,0.0223
27.94,55.47,100.94,146.53,221.84,325.54,428.07,34.3,266.05,22.2,86.1,13.0,322.7,15.39,60.5,-0.0716,-0.0398,0.95,0.459,1,3,3,1,1,1.0
4.14,7.47,9.02,11.04,12.24,26.3,46.24,4.66,22.42,19.2,76.4,13.0,3268.4,28.07,264.4,-0.0844,-0.1045,0.471,0.615,2,1,2,1,0,0.487
4.9,9.39,17.36,21.42,30.13,58.03,87.37,5.23,46.89,8.2,84.7,19.6,1931.1,15.01,193.7,0.012,0.0539,0.541,0.555,2,0,4,0,0,0.3426
0.99,2.73,4.83,8.0,12.06,23.43,28.29,1.02,17.15,26.2,62.3,4.1,2226.2,19.92,77.8,0.044,0.0212,0.393,0.637,3,3,2,3,0,0.197
10.37,19.9,34.38,40.3,53.41,112.15,192.15,10.46,94.77,12.1,90.0,17.3,1879.2,30.47,111.6,-0.004,-0.0126,0.903,0.909,5,1,4,0,1,0.9978
1.21,2.39,3.6,4.7,5.62,11.05,12.28,1.57,7.8,18.4,56.2,2.0,1713.2,17.11,348.0,0.0957,0.0555,0.326,0.646,0,0,2,1,0,0.0376
20.28,42.32,77.29,104.62,156.09,256.43,419.53,29.37,223.62,24.9,91.2,4.6,2372.5,8.79,305.5,-0.0541,-0.0536,0.95,0.719,2,3,1,0,1,1.0
0.07,0.12,0.15,0.25,0.29,0.7,0.98,0.08,0.52,15.6,70.8,14.1,694.2,19.61,316.8,-0.0604,-0.041,0.382,0.648,2,1,4,2,0,0.0155
2.2,4.42,7.59,11.59,15.84,30.89,35.33,2.29,22.1,25.1,78.1,8.5,805.0,30.61,165.6,-0.0332,-0.0967,0.44,0.785,1,1,4,1,0,0.1376
27.52,64.42,98.45,112.19,123.77,265.9,321.96,34.81,190.28,8.9,77.8,8.9,3626.4,32.09,224.6,-0.0351,0.0387,0.95,0.343,6,2,1,2,1,1.0
0.45,0.83,1.04,1.35,1.8,2.53,4.48,0.57,2.38,11.8,38.8,5.6,3976.4,9.92,135.6,0.0263,-0.0405,0.275,0.631,0,3,3,1,0,0.0087
1.83,4.24,6.19,7.09,10.98,18.34,24.24,2.51,14.49,25.0,78.6,4.8,1599.2,27.48,28.0,-0.0211,0.0008,0.351,0.612,0,1,1,1,0,0.3021
0.48,0.88,1.78,2.88,4.51,9.96,13.41,0.53,7.42,19.1,87.7,18.4,1173.6,16.54,144.4,-0.0774,0.0501,0.441,0.637,3,0,4,0,0,0.0123
1.42,3.57,5.21,6.44,7.6,12.46,19.17,2.03,10.57,29.2,50.7,9.4,2722.6,39.36,213.8,0.0446,0.0685,0.371,0.691,1,2,5,0,0,0.0572
5.11,13.89,23.22,29.17,41.13,88.16,109.36,5.28,63.77,10.1,42.8,20.1,1746.2,8.91,103.4,-0.088,-0.0015,0.547,0.58,3,0,2,0,0,0.6762
3.12,6.47,11.43,13.54,15.27,28.07,55.35,3.93,26.2,13.2,81.2,6.6,155.4,27.21,305.3,-0.0536,0.0192,0.471,0.453,4,3,2,0,1,0.5784
2.71,7.47,11.11,17.58,25.32,56.66,81.7,3.59,43.45,11.8,70.4,18.9,698.0,15.53,54.4,-0.0811,-0.0452,0.527,0.747,1,7,4,0,1,0.179
3.49,8.25,14.38,21.02,31.19,67.45,101.26,3.9,53.09,11.2,85.7,47.2,3021.3,13.41,132.2,0.0104,0.0842,0.672,0.742,0,3,3,1,0,0.544
33.78,81.92,176.56,226.95,301.62,461.07,537.34,34.67,355.17,25.9,85.8,18.2,2784.5,31.19,45.0,0.0093,-0.0083,0.95,0.661,0,1,2,0,1,1.0
2.32,5.03,6.96,11.52,15.13,21.1,33.8,2.43,19.02,14.6,78.7,6.9,162.4,33.76,145.7,0.0958,0.004,0.425,0.689,1,0,2,1,0,0.4561
17.48,31.39,65.68,99.01,136.11,228.56,415.56,25.18,208.67,22.1,87.7,7.5,971.2,4.87,14.3,0.0457,-0.0203,0.95,0.629,1,0,3,1,1,1.0
0.52,1.41,2.48,3.04,3.79,5.84,8.64,0.52,4.94,20.4,99.1,13.2,1009.0,31.48,98.1,0.0721,0.06,0.414,0.523,5,0,3,0,0,0.0859
0.84,2.32,4.59,5.11,6.85,11.37,14.21,0.95,8.79,20.5,48.4,6.6,2838.4,18.28,144.3,0.0144,0.01,0.382,0.508,4,1,2,1,0,0.0673
1.57,4.07,7.32,8.52,13.07,16.84,18.91,2.34,13.51,10.6,68.5,11.1,131.8,19.31,172.1,-0.0488,0.038,0.32,0.804,0,0,2,0,0,0.0413
1.12,2.35,3.54,4.72,5.46,9.77,13.8,1.33,7.8,23.3,76.6,29.5,482.1,8.6,195.7,0.0064,0.0177,0.423,0.459,5,5,2,0,0,0.0213
0.91,1.57,2.79,3.23,4.43,9.17,17.19,0.97,8.14,15.6,41.3,13.2,3369.7,26.26,99.0,0.0296,-0.011,0.228,0.605,0,5,2,1,0,0.0629
17.07,27.6,44.89,57.03,71.78,118.59,141.23,17.56,90.08,25.1,90.2,4.1,791.0,56.2,188.3,0.0352,0.0465,0.768,0.445,3,3,1,0,1,1.0
0.86,1.85,3.31,3.82,5.66,11.82,23.17,1.26,10.73,13.8,72.1,25.3,2758.9,13.89,183.2,-0.0236,0.0173,0.385,0.802,0,0,2,1,1,0.0295
20.14,38.2,67.43,77.69,98.54,203.89,384.64,29.0,181.62,19.5,89.8,21.9,1038.5,35.45,113.8,0.0244,-0.048,0.95,0.661,0,4,1,0,1,1.0
0.63,1.64,3.08,4.05,6.07,7.87,8.95,0.65,6.33,22.4,33.0,9.4,462.7,18.92,298.9,-0.0467,-0.0495,0.318,0.423,4,0,5,0,0,0.0112
1.78,3.92,7.55,11.01,14.3,32.3,37.92,2.3,22.56,6.2,54.2,5.2,1059.2,14.22,196.4,-0.0522,0.0074,0.369,0.467,2,0,1,1,0,0.2019
1.06,2.85,4.98,6.68,9.41,12.63,18.95,1.39,11.19,10.7,31.0,5.3,3047.4,7.56,119.6,-0.0558,0.0454,0.322,0.605,2,1,4,0,0,0.009
2.38,5.8,11.67,13.67,19.83,36.85,43.19,3.21,26.95,16.3,51.2,18.8,3601.1,38.08,341.0,0.0012,0.082,0.456,0.555,2,2,3,2,0,0.7871
29.52,61.63,116.22,132.35,166.83,393.22,769.96,31.59,349.18,16.1,93.1,34.3,3495.4,20.21,304.2,-0.0589,-0.0889,0.95,0.806,0,1,3,0,1,1.0
4.33,10.69,15.54,19.23,25.18,60.21,67.48,4.72,40.74,15.0,60.9,19.8,1698.3,14.65,353.7,-0.0212,0.0013,0.52,0.791,3,0,5,0,0,0.0918
1.58,4.35,9.31,14.8,22.52,38.71,75.41,2.32,36.41,11.8,68.6,11.1,2822.6,16.08,249.2,0.0451,0.0245,0.516,0.84,4,0,2,0,0,0.2221
4.43,9.88,12.56,19.69,26.01,31.22,52.52,5.83,30.04,27.3,44.2,14.2,900.7,27.37,136.2,-0.0515,0.0148,0.446,0.772,0,5,3,0,1,0.325
0.06,0.12,0.22,0.38,0.51,1.0,1.58,0.07,0.82,19.3,19.7,9.0,1266.6,14.64,101.1,-0.0252,0.0505,0.22,0.642,2,1,3,3,0,0.018
5.51,10.93,19.81,34.45,47.95,119.66,202.07,7.86,97.22,11.7,90.4,19.4,3769.8,10.73,238.8,0.0036,0.0328,0.921,0.271,2,0,5,0,1,0.9764
1.69,3.89,6.4,10.5,15.65,32.4,39.36,2.13,23.42,11.3,64.2,17.3,104.0,17.81,353.1,0.0123,-0.0493,0.428,0.366,3,2,1,1,0,0.4149
0.98,2.71,4.55,5.06,5.74,8.46,15.01,1.04,7.88,16.1,68.2,4.3,404.9,17.51,225.6,-0.025,-0.0507,0.358,0.552,2,0,2,2,0,0.071
30.76,65.02,128.58,151.2,211.56,402.13,537.11,42.48,308.86,17.7,81.7,8.0,912.7,17.29,317.4,0.0393,0.0156,0.95,0.492,3,3,5,0,1,1.0
0.23,0.55,1.06,1.71,2.62,5.05,9.08,0.32,4.45,21.4,51.1,11.0,160.1,14.75,118.5,0.0295,0.0495,0.265,0.53,7,0,2,1,0,0.0242
0.98,1.7,2.75,4.61,5.85,12.76,23.53,1.01,11.12,12.8,66.7,4.9,803.0,36.09,146.5,0.057,0.0072,0.348,0.562,2,2,5,0,0,0.0489
13.65,31.49,44.54,68.06,98.15,225.89,336.87,14.44,175.04,11.6,82.1,8.3,2469.6,66.82,326.3,-0.0041,-0.0789,0.95,0.383,2,3,4,1,1,1.0
9.47,23.23,29.31,39.7,48.79,112.14,169.35,10.53,87.45,15.0,90.8,12.1,1798.9,9.93,272.5,-0.0256,-0.0524,0.801,0.621,3,4,2,0,1,0.9745
2.35,4.82,9.27,11.39,13.15,30.51,39.47,2.52,22.1,20.9,59.0,16.3,3754.6,4.33,353.3,-0.0341,0.0346,0.439,0.967,2,0,1,0,0,0.0271
0.93,2.17,4.11,6.47,7.67,18.11,29.44,1.26,14.57,24.1,82.9,11.8,3442.4,16.6,278.9,0.0154,-0.0174,0.489,0.551,2,2,2,1,0,0.104
0.62,1.11,1.65,2.29,3.35,5.64,6.63,0.65,4.24,20.6,67.5,17.4,1468.5,4.72,161.5,-0.0189,0.0059,0.345,0.898,3,7,1,1,0,0.0096
1.06,2.22,4.78,6.5,9.07,15.35,20.92,1.11,12.24,16.6,68.9,5.8,1126.6,7.07,191.2,-0.0285,0.0533,0.428,0.402,3,3,2,1,0,0.0396
18.85,48.5,89.77,128.27,153.6,276.81,346.09,28.24,209.49,15.1,88.5,5.8,1625.7,14.04,324.2,-0.0224,-0.0601,0.95,0.582,2,7,5,2,1,1.0
1.54,2.71,5.05,8.51,9.51,20.18,38.31,1.96,17.95,22.3,53.9,12.3,2499.7,27.27,198.6,-0.0342,-0.0207,0.462,0.612,1,6,3,2,0,0.2562
2.32,3.74,6.6,10.23,15.48,19.03,32.95,2.76,18.41,10.1,62.8,2.6,1162.5,16.49,91.9,0.01,-0.0261,0.376,0.795,2,3,2,0,0,0.0592
3.05,7.34,13.55,20.17,29.25,50.26,89.3,3.57,45.13,24.6,77.3,12.8,2640.2,3.5,156.8,-0.0706,0.0178,0.539,0.428,5,1,2,1,0,0.3336
1.37,2.62,5.75,7.61,10.09,13.19,23.9,1.69,12.81,14.8,83.8,14.1,1749.1,16.37,185.9,0.0152,0.0386,0.427,0.529,5,4,3,0,0,0.041
1.29,2.74,5.49,7.29,8.77,17.99,21.98,1.45,13.06,21.9,74.1,19.6,2341.0,17.06,34.8,0.0338,-0.074,0.422,0.634,4,3,2,1,0,0.0702
0.46,1.22,1.98,3.56,5.63,8.98,16.93,0.67,8.45,8.9,57.7,18.6,1859.9,17.23,267.8,-0.029,-0.0003,0.383,0.685,3,2,4,0,0,0.0121
24.43,42.14,58.78,84.06,108.34,139.07,234.37,35.84,131.28,16.9,84.9,29.7,1272.0,33.31,39.4,0.0961,0.0435,0.906,0.434,0,3,3,1,1,1.0
13.9,34.81,67.99,85.82,134.17,180.01,230.29,20.6,149.53,8.3,87.9,4.2,3986.1,30.42,145.8,0.0009,-0.0927,0.95,0.626,2,3,4,1,1,1.0
26.64,57.5,119.54,191.87,232.39,549.67,1067.32,38.8,485.58,15.3,91.5,8.2,3219.0,19.78,289.7,-0.0781,-0.0032,0.95,0.612,0,2,4,0,1,1.0
0.32,0.49,0.85,1.38,2.14,4.92,7.35,0.46,3.82,20.1,76.8,10.2,631.5,50.53,168.3,-0.0141,-0.0608,0.362,0.248,4,2,1,0,1,0.9931
2.07,3.59,7.63,10.42,14.29,31.12,44.3,2.54,23.86,17.2,56.6,32.1,3654.1,14.01,303.1,0.0031,-0.0321,0.436,0.348,1,0,1,0,0,0.2532
0.12,0.27,0.47,0.77,1.21,1.89,2.57,0.14,1.54,17.9,12.2,22.9,2072.8,17.68,123.1,0.0224,-0.1253,0.279,0.364,4,5,1,1,0,0.0582
0.11,0.19,0.27,0.46,0.53,0.99,1.65,0.12,0.85,12.1,65.6,6.7,3762.4,18.74,344.7,-0.0129,0.0696,0.331,0.8,4,5,2,1,0,0.0168
0.32,0.63,1.02,1.72,2.74,6.64,9.99,0.44,5.12,15.8,51.1,13.0,3369.4,7.5,75.4,-0.0506,-0.0178,0.336,0.799,5,2,1,1,0,0.0145
7.3,17.54,28.44,32.72,39.31,91.71,115.17,7.8,65.48,25.0,88.5,24.6,1814.6,18.96,13.8,-0.0547,-0.0404,0.581,0.713,4,1,2,1,1,0.9171
8.7,22.64,31.11,51.47,59.02,124.31,222.85,8.72,107.45,8.2,56.3,48.0,143.2,6.58,314.1,-0.0327,0.0164,0.799,0.661,2,0,2,0,1,0.9887
2.5,5.18,9.78,13.5,18.66,41.69,51.8,3.39,29.91,28.5,69.0,10.7,1165.0,12.75,270.8,-0.0279,-0.0521,0.449,0.63,2,0,2,1,0,0.1784
0.83,1.79,3.66,4.3,6.19,7.6,11.05,1.04,6.83,22.2,73.8,8.6,2297.8,20.27,83.5,-0.0567,-0.0569,0.405,0.709,1,0,1,0,0,0.0603
1.55,3.51,4.94,8.53,10.99,23.6,38.01,2.12,19.25,19.3,60.5,20.5,2678.9,8.31,354.5,-0.0366,0.0755,0.422,0.389,0,1,3,0,0,0.0389
11.33,19.49,38.35,55.32,80.16,146.24,167.01,14.91,106.37,24.5,84.6,8.7,1120.2,22.75,180.8,0.033,0.0904,0.822,0.391,0,0,5,1,1,0.9991
0.43,0.97,1.31,2.24,3.52,5.09,8.82,0.46,4.71,22.2,65.8,29.4,628.3,11.57,342.4,0.0824,-0.0296,0.432,0.223,0,1,3,2,0,0.0441
1.44,3.66,5.61,8.52,12.77,31.24,36.42,1.9,21.38,12.2,72.3,13.7,3515.0,15.36,181.8,0.0378,0.0534,0.365,0.385,6,3,3,1,0,0.098
1.13,3.01,5.84,7.76,11.97,27.91,31.53,1.68,19.05,11.1,84.7,9.6,4135.3,24.91,169.9,0.0653,0.0178,0.472,0.151,0,7,4,1,1,0.2753
1.16,2.02,3.24,4.87,7.55,17.32,25.86,1.5,13.44,14.9,88.8,8.5,2231.6,18.14,161.7,0.0487,-0.0707,0.492,0.743,3,0,1,0,0,0.0925
0.97,2.54,3.07,5.43,6.79,11.75,17.88,1.07,9.78,17.7,91.8,16.1,762.5,22.46,120.6,0.0417,-0.0464,0.477,0.602,0,2,2,0,0,0.0899
0.19,0.51,1.03,1.58,2.3,3.42,4.75,0.21,2.85,29.6,45.6,2.7,1180.1,24.09,192.1,-0.0169,0.0776,0.372,0.72,7,7,5,1,0,0.0103
1.04,2.59,3.69,6.16,9.07,18.59,27.21,1.14,14.62,16.1,73.6,22.6,126.3,17.97,162.9,0.007,-0.0713,0.485,0.685,2,6,4,0,0,0.0253
0.67,1.71,3.51,5.99,6.95,12.86,15.11,0.9,9.43,28.5,52.9,4.9,3844.3,23.16,13.2,-0.021,0.114,0.184,0.739,2,1,1,1,0,0.0574
0.83,1.72,2.51,3.44,4.62,9.61,15.94,1.17,8.0,9.1,62.3,16.7,538.7,12.62,93.8,-0.011,-0.0286,0.339,0.638,2,1,2,1,0,0.0268
0.74,2.05,2.98,3.61,5.15,8.94,15.84,0.8,8.0,19.4,68.1,26.6,2442.5,24.75,76.7,0.0034,0.079,0.456,0.794,4,0,2,0,0,0.0559
1.86,4.54,9.45,16.85,20.98,50.43,65.02,2.78,36.21,6.7,57.1,9.7,1187.3,16.66,312.3,0.0357,-0.0153,0.539,0.395,1,0,5,0,0,0.1414
2.44,4.47,6.93,11.93,16.94,41.44,52.28,3.25,29.36,0.3,98.1,20.8,2349.8,36.58,215.6,0.0212,0.04,0.428,0.59,4,2,3,0,1,0.5394
4.27,6.58,12.27,18.59,20.94,46.75,52.94,5.08,32.25,31.6,58.0,18.4,2753.4,20.51,274.9,-0.0081,0.0698,0.507,0.68,3,1,1,0,0,0.4956
18.67,32.26,50.23,88.51,123.49,196.24,298.87,21.47,167.0,23.7,89.3,6.0,3493.4,13.71,344.5,0.0028,0.0695,0.95,0.795,1,3,3,0,1,1.0
0.62,1.54,2.68,4.1,4.72,6.66,11.47,0.86,6.18,20.4,42.7,7.0,906.6,24.98,231.9,0.0217,-0.0292,0.305,0.661,0,0,2,1,0,0.057
0.03,0.08,0.17,0.25,0.37,0.65,1.13,0.04,0.57,30.5,36.5,10.5,95.6,37.41,353.7,0.0334,-0.0429,0.306,0.489,4,3,2,0,0,0.1332
0.66,1.06,2.25,3.47,4.95,8.78,9.92,0.77,6.41,26.0,73.8,9.6,618.1,14.44,112.2,-0.0759,-0.0041,0.432,0.551,1,1,1,0,0,0.0462
1.47,3.47,6.42,10.77,15.2,34.52,68.08,1.56,30.97,28.7,60.1,3.6,3785.1,13.05,67.1,-0.0539,-0.065,0.436,0.606,5,2,2,1,0,0.1813
2.39,4.74,7.49,9.88,12.14,14.9,29.58,3.12,15.37,22.4,66.1,28.2,3676.6,2.51,145.2,0.0554,0.012,0.501,0.7,0,3,3,2,0,0.0273
1.98,4.47,7.13,9.39,13.47,17.75,32.73,2.46,17.33,27.2,73.7,10.3,2529.3,20.48,169.5,-0.003,-0.041,0.433,0.417,3,3,4,1,0,0.1009
1.28,3.33,4.51,5.06,6.62,10.85,18.65,1.73,9.69,11.7,41.3,5.3,2542.1,15.73,322.3,-0.0212,0.0541,0.315,0.733,3,0,3,0,0,0.0159
6.43,13.23,23.36,38.92,53.24,72.31,103.48,9.6,62.58,11.4,87.1,15.6,2809.9,24.92,201.6,-0.0132,-0.0285,0.596,0.749,3,1,3,2,0,0.9656
1.12,1.95,3.98,5.11,7.37,12.5,18.15,1.37,10.24,21.3,73.5,34.5,777.8,25.21,105.2,-0.0132,-0.0871,0.36,0.604,1,0,4,2,0,0.0586
4.9,8.07,10.73,13.45,17.29,25.5,48.89,7.28,24.65,27.5,69.7,4.2,3844.8,7.73,267.3,0.0279,0.07,0.416,0.615,5,2,2,1,0,0.1278
5.08,14.2,20.75,29.73,47.49,117.64,158.61,5.18,85.69,17.6,59.0,9.8,1787.9,30.35,182.1,-0.0554,0.0092,0.65,0.432,4,0,2,0,1,0.999
2.44,6.09,7.43,12.63,14.29,26.8,50.6,3.14,24.35,30.0,55.7,8.3,1640.0,11.94,58.4,0.0012,0.0015,0.377,0.56,2,2,1,1,0,0.1818
49.31,77.44,133.67,203.07,297.49,600.73,742.15,69.71,439.84,-5.3,100.0,7.1,2203.5,14.49,207.7,0.0123,0.0547,0.95,0.648,3,0,1,0,1,1.0
4.08,7.03,8.85,14.95,18.25,41.37,57.62,4.5,31.13,24.3,70.3,14.2,244.9,3.67,328.1,0.0198,0.0436,0.552,0.313,2,1,1,0,0,0.1716
1.79,4.28,7.61,8.37,13.32,24.85,36.8,2.25,20.08,27.7,77.4,10.0,740.1,22.82,303.3,0.0111,-0.0381,0.375,0.632,7,3,5,0,1,0.0354
0.97,2.0,2.96,3.65,4.99,8.9,14.74,1.37,7.66,18.5,47.4,13.8,3112.8,9.52,211.3,0.0258,-0.0225,0.364,0.682,5,2,1,1,0,0.0297
1.24,2.85,5.71,9.15,13.66,26.81,47.44,1.54,23.34,21.4,91.3,19.6,393.6,13.13,135.7,-0.0286,-0.0556,0.566,0.932,1,1,1,1,0,0.1222
0.97,2.17,3.76,4.89,5.87,8.23,10.07,1.25,6.63,12.4,41.1,18.9,2553.1,8.97,31.3,-0.0471,-0.0732,0.288,0.755,1,3,2,0,0,0.0103
0.98,1.66,2.8,4.91,7.57,17.06,24.91,1.01,13.14,11.1,37.8,12.1,1068.2,31.74,169.1,0.1229,0.0289,0.428,0.411,8,3,1,2,1,0.7632
0.85,1.75,2.51,4.09,6.47,13.11,18.8,1.21,10.24,27.4,43.6,22.5,1665.6,15.22,270.7,-0.0151,0.0196,0.375,0.872,1,1,1,2,0,0.0578
3.39,7.43,15.79,25.11,34.39,83.05,113.88,3.41,61.27,14.5,89.8,18.6,1248.1,8.41,129.7,-0.0092,0.038,0.724,0.61,7,1,2,2,1,0.7732
0.91,1.89,4.07,4.52,6.9,14.99,22.58,1.15,11.8,35.5,33.3,14.5,1526.0,8.8,84.8,0.0339,0.0641,0.377,0.323,3,3,5,2,0,0.0214
0.37,0.79,1.55,2.45,3.52,5.55,9.76,0.46,5.06,12.2,48.1,18.3,3034.0,29.01,335.3,0.0798,0.0387,0.326,0.427,0,7,1,1,0,0.2494
0.39,1.09,1.64,2.4,2.93,6.65,10.66,0.41,5.35,5.9,54.5,15.8,1283.1,11.29,295.8,-0.0272,0.0432,0.307,0.409,1,0,2,1,0,0.0264
0.21,0.59,1.17,1.43,2.23,2.96,4.59,0.24,2.67,11.2,65.3,6.3,2400.6,14.3,229.8,-0.0499,-0.1039,0.39,0.492,2,3,4,0,0,0.0086
1.21,2.37,4.57,6.9,10.28,13.9,21.76,1.65,12.51,14.6,65.4,15.4,2025.6,19.4,49.2,-0.0621,-0.0153,0.308,0.74,4,6,2,1,0,0.0552
0.59,1.44,2.04,2.39,3.69,8.76,15.24,0.85,7.29,10.2,61.2,23.7,2804.2,15.83,52.2,0.0797,0.0482,0.332,0.574,1,2,2,0,0,0.0254
1.29,2.33,2.99,4.3,5.51,7.73,12.37,1.4,6.95,18.4,54.7,2.2,3937.8,5.39,37.2,-0.0519,-0.0584,0.379,0.509,1,1,1,0,0,0.019
3.22,8.99,12.52,15.45,20.5,26.95,46.85,4.77,25.62,13.7,83.8,30.0,3090.2,26.36,221.9,-0.0014,0.0046,0.427,0.795,6,3,4,0,0,0.1225
4.67,9.52,19.68,21.8,27.12,66.95,103.93,5.09,52.21,27.5,52.0,36.9,942.0,16.51,41.6,-0.0489,0.026,0.466,0.617,0,0,3,0,0,0.4764
0.55,1.24,1.68,2.28,2.89,5.02,8.65,0.72,4.43,15.4,85.3,20.4,179.4,22.32,303.3,-0.0724,0.0221,0.363,0.672,2,1,1,2,0,0.105
0.37,0.74,1.48,2.01,2.48,5.38,10.02,0.49,4.72,14.5,74.5,6.3,1138.4,27.4,357.5,-0.0146,0.0184,0.404,0.739,2,1,5,1,0,0.0161
0.09,0.15,0.22,0.32,0.47,1.03,1.2,0.11,0.72,22.4,72.4,19.6,2519.6,4.53,131.9,-0.0469,0.0299,0.293,0.656,0,0,3,0,0,0.0035
0.48,0.81,1.56,2.77,3.57,5.59,9.93,0.66,5.13,17.7,31.1,12.1,263.4,27.54,163.3,-0.0346,0.009,0.311,0.719,0,0,4,1,0,0.0219
1.06,2.88,6.05,6.99,10.25,13.64,24.99,1.35,13.24,7.6,61.4,23.7,2109.9,60.11,256.2,0.1003,-0.0731,0.238,0.722,2,3,4,3,0,0.6477
1.38,3.07,6.1,7.67,11.03,15.51,27.49,1.4,14.61,13.6,49.2,6.8,2526.9,23.63,337.4,0.0212,0.0253,0.408,0.541,0,7,3,3,0,0.2032
0.15,0.43,0.74,1.05,1.45,2.5,3.26,0.2,1.95,9.5,73.0,15.2,1437.1,36.88,321.9,0.0466,0.0142,0.296,0.89,2,1,3,0,0,0.0249
0.42,0.86,1.03,1.39,1.99,4.86,5.86,0.6,3.38,23.1,50.3,13.5,3249.3,31.17,20.7,0.0412,-0.0725,0.267,0.859,3,0,2,3,0,0.0775
0.85,1.81,2.42,3.62,4.98,8.45,16.27,1.1,7.92,32.6,92.8,34.5,492.4,27.0,60.9,-0.005,0.069,0.539,0.75,3,3,1,0,1,0.2208
2.25,4.01,7.94,13.21,19.28,45.65,64.23,2.42,34.22,16.8,48.3,8.6,361.8,31.76,271.7,-0.022,0.0267,0.468,0.349,2,2,2,2,1,0.9248
0.47,0.77,1.0,1.4,1.76,3.97,5.02,0.52,2.86,22.3,41.1,20.4,3072.0,34.62,248.0,0.0124,-0.069,0.232,0.565,2,3,1,2,0,0.2104
1.26,3.18,6.91,9.1,13.56,25.75,43.99,1.58,22.18,17.0,72.5,16.9,2106.3,35.35,48.0,0.0084,-0.0409,0.495,0.523,0,3,5,1,1,0.2752
0.92,1.86,4.04,5.09,6.36,8.55,16.09,0.98,8.39,17.9,58.2,20.0,2906.9,8.79,180.7,-0.0284,-0.0282,0.331,0.423,1,6,5,1,0,0.01
18.02,45.46,67.92,112.17,178.3,381.39,757.85,19.18,347.21,25.0,86.3,11.2,1854.5,32.8,281.1,0.0065,-0.0282,0.95,0.732,2,0,1,1,1,1.0
1.64,3.42,4.22,4.92,6.36,13.37,21.24,2.12,10.88,11.4,46.2,25.9,1072.6,16.38,78.8,-0.0353,0.0147,0.346,0.61,6,0,2,1,0,0.0524
0.79,2.14,4.17,6.0,6.64,11.97,22.64,1.17,10.98,12.2,69.9,22.3,3449.3,36.02,313.7,-0.0086,-0.0488,0.444,0.639,1,1,3,1,1,0.2465
0.43,1.14,1.59,2.16,2.88,5.24,8.05,0.48,4.33,21.9,42.9,5.7,3367.6,24.74,19.1,-0.0168,0.0564,0.295,0.734,2,2,2,0,0,0.0271
0.79,2.03,3.92,6.05,9.55,12.01,19.06,0.97,11.11,17.8,56.9,35.3,2933.0,8.7,281.6,-0.0634,0.0523,0.309,0.611,3,6,3,1,0,0.0184
9.4,23.8,36.53,54.06,76.59,127.98,206.12,10.92,110.33,20.2,90.2,6.0,1179.4,38.63,221.7,-0.1176,0.031,0.864,0.663,3,6,3,2,1,1.0
1.24,2.92,4.59,6.16,7.09,12.46,23.52,1.69,11.48,24.2,76.6,18.5,2499.5,11.97,113.5,-0.047,0.0022,0.403,0.795,7,5,3,1,0,0.0199
5.63,14.83,26.7,31.35,36.18,51.65,68.01,7.14,42.58,11.5,96.6,18.8,1548.0,15.92,259.5,0.0902,0.0469,0.537,0.65,0,0,3,1,1,0.5186
2.31,6.01,8.2,9.8,12.98,18.98,33.64,2.99,17.7,11.0,64.7,21.5,430.1,43.4,281.7,-0.0155,-0.0138,0.401,0.838,0,3,1,0,0,0.6875
4.23,7.51,16.3,25.7,31.17,48.28,67.81,5.35,39.93,33.6,93.1,34.0,3856.9,20.58,336.2,0.0388,-0.0362,0.581,0.741,1,1,1,1,1,0.7946
2.29,5.51,6.85,9.9,13.88,25.84,30.7,3.22,18.99,21.3,73.1,21.1,617.8,15.52,132.4,-0.1062,0.0595,0.404,0.652,0,6,1,0,1,0.1152
0.88,2.26,4.86,8.03,12.59,16.31,32.28,0.96,16.56,26.4,47.4,3.3,3993.5,18.21,247.0,-0.0504,0.0159,0.309,0.623,2,0,3,2,0,0.0754
2.44,6.03,9.03,15.78,24.99,45.89,88.71,3.48,42.4,32.5,90.4,11.6,1900.9,15.33,216.9,-0.0677,-0.0342,0.64,0.774,5,0,2,0,0,0.4281
1.49,2.28,4.25,6.68,10.42,17.37,27.03,1.58,14.74,22.9,84.3,24.6,818.3,28.99,189.1,-0.0101,-0.0209,0.435,0.522,3,4,5,0,0,0.056
0.38,0.88,1.94,3.38,4.21,7.88,9.76,0.5,5.88,-1.1,57.5,4.5,2298.9,15.6,320.5,0.1211,-0.0368,0.375,0.367,0,3,1,2,0,0.1217
0.15,0.28,0.4,0.45,0.72,1.37,2.58,0.19,1.24,26.6,41.3,13.6,3672.7,18.56,1.1,0.023,0.1011,0.283,0.465,0,4,3,1,0,0.0192
1.04,2.6,4.35,6.42,8.05,18.37,26.85,1.24,14.12,10.0,89.7,25.6,3088.7,25.88,101.6,0.0848,0.0002,0.427,0.709,6,0,1,0,0,0.1844
1.31,3.23,3.95,5.09,7.19,12.06,18.83,1.66,10.24,22.9,58.9,13.7,3397.2,24.35,193.8,-0.0127,0.0079,0.299,0.469,2,5,5,0,0,0.0207
0.64,1.06,1.5,1.85,2.86,6.53,12.99,0.73,5.88,11.6,38.4,4.9,2784.0,12.58,64.2,0.0682,0.0361,0.332,0.626,6,3,2,1,0,0.0221
1.49,2.88,3.86,5.0,7.15,9.42,14.31,1.79,8.43,13.3,68.6,17.7,2922.9,29.17,326.8,0.1037,-0.0608,0.357,0.732,3,3,3,1,0,0.0654
0.25,0.65,1.28,2.14,3.42,4.22,5.21,0.25,3.55,23.9,75.7,36.2,3574.2,14.0,233.1,-0.0055,0.0548,0.285,0.386,8,2,5,0,0,0.0063
2.46,5.24,9.92,15.28,19.48,27.99,47.54,3.69,25.7,19.3,91.0,4.2,1086.1,10.03,172.0,-0.027,-0.0304,0.447,0.415,5,4,1,0,0,0.2058
0.77,1.66,2.8,4.6,5.34,10.28,16.42,0.8,8.54,17.2,75.5,10.1,2081.1,5.77,293.3,-0.0659,0.0915,0.434,0.334,2,2,3,1,0,0.0195
1.94,3.43,4.12,5.97,7.23,16.07,20.29,2.75,11.62,7.3,79.0,7.8,968.0,17.17,162.3,-0.0155,-0.0156,0.485,0.343,4,0,3,1,1,0.0967
2.88,4.98,7.0,9.01,10.74,26.34,33.44,3.39,18.7,16.9,60.2,15.9,4148.8,6.63,201.1,0.0041,0.0519,0.377,0.29,2,2,2,0,0,0.0554
0.41,0.65,1.22,1.74,2.7,4.18,8.07,0.56,4.01,36.0,25.0,19.2,3967.8,11.54,1.0,0.1015,-0.1248,0.26,0.81,1,3,3,0,0,0.0057
1.18,1.9,2.3,2.88,3.84,6.25,7.1,1.38,4.68,25.4,49.8,22.6,213.6,18.83,131.7,-0.0647,-0.0588,0.344,0.298,1,0,3,1,0,0.0472
0.2,0.35,0.62,1.11,1.5,2.3,3.82,0.3,2.05,10.9,79.2,12.2,2978.1,34.22,50.0,0.003,-0.0147,0.425,0.52,2,0,2,0,0,0.1916
0.07,0.1,0.13,0.22,0.26,0.42,0.76,0.07,0.39,19.7,57.9,29.1,3889.8,16.16,248.3,-0.0907,-0.1015,0.318,0.577,0,3,3,0,0,0.0091
0.06,0.17,0.31,0.35,0.42,0.72,1.04,0.07,0.59,16.7,68.1,9.7,799.4,7.61,172.4,-0.0213,0.03,0.342,0.703,0,1,2,1,0,0.0083
4.5,9.29,18.5,33.27,49.89,99.75,122.08,6.7,72.92,16.6,52.1,10.3,2407.0,17.87,108.6,0.0156,0.0156,0.61,0.882,2,0,2,0,1,0.8992
0.07,0.14,0.29,0.35,0.5,0.97,1.86,0.07,0.88,8.1,27.5,12.1,3849.3,33.52,168.4,0.0256,-0.0495,0.245,0.388,7,5,5,2,0,0.0341
1.39,3.14,5.12,7.99,10.11,12.89,17.2,1.77,11.06,19.8,33.4,1.5,190.9,15.95,75.5,0.0295,-0.0008,0.253,0.486,2,0,3,0,0,0.0264
0.09,0.23,0.42,0.57,0.85,1.61,2.03,0.09,1.21,16.9,84.0,13.3,2944.3,37.3,333.0,0.0199,0.0403,0.409,0.207,2,1,4,0,1,0.1726
1.88,4.44,7.7,11.4,12.85,28.32,32.76,2.71,19.77,14.6,55.7,19.4,1284.0,18.77,19.4,0.029,-0.1052,0.319,0.453,1,2,4,0,0,0.0479
1.01,1.79,3.12,4.99,5.67,11.67,22.22,1.14,10.45,26.5,42.4,5.6,3886.2,27.6,311.6,0.0023,-0.0637,0.397,0.778,0,2,3,0,0,0.0445
0.35,0.87,1.37,1.8,2.06,4.22,6.69,0.42,3.45,8.3,50.6,3.2,4079.9,21.43,184.1,-0.0524,-0.0168,0.33,0.509,3,1,4,0,0,0.0135
1.39,2.33,4.64,5.44,7.89,10.42,15.12,1.66,9.15,21.1,62.7,37.8,3968.7,36.35,222.8,-0.0926,0.0012,0.373,0.592,4,6,2,1,0,0.3299
0.61,1.59,2.45,3.83,5.35,10.02,17.95,0.68,8.86,20.2,61.0,13.3,2018.0,52.3,108.9,-0.0273,-0.0029,0.369,0.424,2,3,1,1,1,0.9891
0.25,0.6,1.08,1.21,1.85,2.86,4.5,0.33,2.49,2.9,74.0,16.0,3627.5,14.41,348.0,-0.0067,0.0445,0.399,0.695,2,1,3,0,0,0.009
2.02,5.49,9.09,11.43,18.1,39.81,54.7,2.57,29.96,26.8,89.6,14.5,3554.9,20.75,101.5,0.0627,0.0239,0.54,0.899,3,1,5,1,0,0.0727
0.72,1.9,2.94,3.25,4.13,5.24,7.6,0.81,4.65,20.4,69.3,19.2,1374.3,34.21,212.0,-0.005,0.0348,0.35,0.564,0,2,1,2,1,0.4075
20.38,41.51,64.97,104.91,148.39,295.56,527.01,29.6,257.58,13.8,88.7,20.9,3490.0,21.84,357.6,-0.0098,-0.0695,0.95,0.849,2,0,4,1,1,1.0
0.06,0.16,0.26,0.44,0.68,0.93,1.25,0.07,0.78,17.7,43.6,18.2,203.6,5.57,317.2,0.0193,0.0072,0.327,0.78,3,6,1,3,0,0.0178
1.24,3.18,5.11,6.78,8.25,15.38,24.35,1.54,12.82,26.3,69.1,16.9,2524.5,16.09,193.1,-0.0135,-0.0154,0.433,0.669,3,0,2,1,0,0.0622
1.08,2.25,4.3,5.67,6.51,8.12,15.26,1.33,8.12,21.5,53.4,6.7,1004.5,21.74,356.5,0.0405,0.0731,0.294,0.787,0,3,3,0,0,0.0185
2.07,4.98,8.78,10.26,16.32,30.35,57.36,2.14,27.64,22.4,53.8,4.5,550.4,41.61,252.5,0.099,0.0087,0.373,0.848,1,4,2,4,1,0.8258
23.62,40.54,69.36,78.35,121.43,249.23,474.65,24.59,223.47,20.0,88.2,14.7,369.4,20.13,75.1,0.1095,-0.0335,0.95,0.614,3,4,2,0,1,1.0
2.79,6.12,8.39,10.61,14.91,24.57,43.92,3.92,22.34,17.8,50.3,15.3,2939.6,11.07,146.0,0.0049,0.0426,0.383,0.691,1,0,1,0,0,0.0952
50.91,79.92,133.57,227.29,251.18,609.17,950.02,71.33,477.71,15.5,84.1,10.8,1460.5,22.02,120.4,0.0168,0.0282,0.95,0.493,4,2,5,1,1,1.0
2.06,4.2,7.06,10.75,13.04,22.91,35.51,2.83,19.17,18.0,64.8,9.3,3057.8,39.41,123.8,0.0789,-0.0411,0.312,0.499,0,0,3,1,0,0.4368
8.23,19.07,36.38,40.3,58.35,93.07,182.61,11.56,89.34,10.2,87.1,5.1,321.2,13.1,273.8,-0.0075,-0.0174,0.815,0.469,0,4,1,1,1,0.999
2.98,6.91,11.31,17.27,22.11,49.86,89.4,3.37,42.55,16.5,69.6,42.5,1358.5,14.11,210.3,0.034,-0.0166,0.481,0.664,1,2,1,1,1,0.5333
15.32,30.35,52.19,59.25,82.03,120.64,155.77,22.51,97.81,23.9,97.1,4.6,2288.9,13.22,13.7,-0.0568,0.0614,0.773,0.478,6,0,2,2,1,0.9996
2.0,3.23,5.17,7.2,8.12,18.19,25.4,2.05,13.74,16.2,68.9,4.7,3331.5,8.29,315.9,-0.0155,0.0102,0.397,0.924,4,3,3,2,0,0.0201
18.1,42.23,92.0,161.38,221.78,514.62,719.16,23.04,386.07,15.5,90.6,5.5,1372.8,19.63,106.8,0.0578,0.0363,0.95,0.737,5,1,4,0,1,1.0
0.27,0.43,0.89,1.37,1.61,2.49,4.47,0.34,2.3,33.4,60.9,23.0,2647.4,18.37,358.9,-0.0359,-0.0247,0.267,0.421,2,0,5,0,0,0.0068
2.42,4.37,5.44,8.31,9.58,19.96,30.33,2.96,15.92,18.6,61.9,18.1,3726.8,6.01,343.5,-0.0064,0.0167,0.397,0.722,4,2,4,1,0,0.0154
0.51,1.31,2.69,4.22,5.68,10.1,17.74,0.7,8.95,27.3,51.4,17.6,2605.8,11.6,338.6,-0.0787,0.0652,0.299,0.681,5,0,3,0,0,0.0109
1.36,2.8,4.39,5.25,7.13,13.8,15.73,1.57,9.88,27.1,60.8,4.9,1016.8,21.08,292.0,0.1003,-0.0181,0.354,0.618,2,7,3,1,0,0.0439
1.11,3.1,4.75,5.53,8.58,16.8,28.56,1.29,14.34,16.7,41.7,17.5,151.3,27.25,79.4,0.0632,0.0058,0.35,0.628,8,1,3,1,0,0.0963
1.32,3.31,4.28,5.83,9.29,13.57,18.77,1.38,11.33,18.3,49.5,19.6,3660.9,31.24,191.7,0.0094,-0.0682,0.364,0.646,5,2,2,1,0,0.1934
2.33,4.72,9.95,12.27,14.16,32.76,42.48,3.49,23.76,21.5,54.8,7.6,138.3,28.43,80.7,0.0254,-0.0383,0.45,0.534,7,6,4,0,0,0.1767
2.67,4.39,9.11,10.17,12.79,31.72,53.84,3.53,25.87,22.7,41.5,14.6,3680.0,18.98,93.5,0.0198,-0.0167,0.377,0.72,5,1,1,2,0,0.3272
29.22,60.14,128.38,171.79,252.18,472.11,563.21,37.02,347.09,16.1,98.0,11.6,2245.1,7.41,219.9,0.0692,-0.053,0.95,0.357,4,1,2,0,1,1.0
0.31,0.53,1.04,1.51,2.15,2.94,5.0,0.33,2.74,7.0,64.9,14.8,3947.1,16.69,14.7,-0.0259,0.0661,0.261,0.54,7,0,5,1,0,0.0073
0.13,0.31,0.41,0.47,0.53,1.15,2.29,0.15,1.04,19.1,74.2,23.2,3365.0,3.24,349.0,0.0366,-0.0419,0.347,0.474,2,6,3,0,0,0.0044
1.84,3.01,3.69,6.56,7.41,10.47,20.15,2.35,10.25,22.3,43.8,3.4,4191.4,21.13,330.7,0.0539,0.0393,0.284,0.721,4,4,2,1,0,0.0544
0.97,2.64,5.58,9.13,11.93,14.96,26.75,1.32,14.6,24.1,62.0,10.4,1505.5,12.83,137.1,0.0608,0.0093,0.436,0.529,1,0,4,3,0,0.0624
10.34,20.76,36.31,58.7,79.15,143.33,201.4,13.29,113.88,24.5,80.8,10.0,3233.8,4.44,185.6,-0.113,0.0015,0.83,0.569,3,1,4,0,1,0.9895
0.99,1.53,2.2,3.77,5.22,10.88,14.92,1.47,8.28,24.4,54.7,3.6,1718.0,23.27,167.8,-0.03,0.0743,0.364,0.747,4,6,2,2,1,0.0807
6.26,16.12,20.75,31.4,44.56,82.31,162.27,7.07,76.74,37.3,77.8,17.0,2041.5,39.16,317.6,-0.051,-0.113,0.714,0.72,3,2,3,0,1,0.9988
1.22,2.39,3.22,4.53,6.08,8.82,10.49,1.73,6.96,18.0,47.9,21.9,2654.1,6.69,247.9,0.0075,-0.0098,0.374,0.481,4,2,1,1,0,0.0327
3.08,7.31,9.93,14.29,20.84,38.05,49.09,4.19,29.08,23.4,30.3,5.9,3675.8,24.31,100.1,-0.1008,-0.054,0.396,0.841,2,3,1,2,1,0.4955
0.14,0.36,0.67,0.83,0.96,1.36,2.51,0.14,1.3,20.3,79.7,8.1,4133.9,15.1,160.9,-0.1023,-0.0981,0.247,0.419,2,4,5,0,0,0.0049
6.29,9.91,14.44,19.72,29.01,69.22,107.08,7.39,54.23,11.3,80.7,6.0,3238.3,11.97,154.4,0.1085,-0.0597,0.572,0.394,0,6,3,0,0,0.6281
1.23,1.86,2.8,4.65,6.56,11.55,22.08,1.84,10.7,15.1,48.4,8.7,1783.7,11.98,345.4,0.0309,0.0009,0.272,0.822,0,4,5,0,0,0.0054
1.16,1.96,3.53,5.12,5.66,9.12,13.08,1.25,7.53,17.1,73.9,14.5,1798.6,15.1,63.1,0.0061,-0.0363,0.375,0.53,3,6,4,0,0,0.0132
0.22,0.4,0.8,0.98,1.31,2.91,4.01,0.24,2.19,19.8,65.5,18.9,3111.0,15.07,32.2,0.0182,0.0448,0.329,0.716,2,4,2,0,0,0.0116
0.92,2.0,3.2,5.45,6.95,13.29,21.71,1.18,11.18,17.4,46.9,4.1,1040.9,18.56,317.0,0.0073,-0.0107,0.418,0.296,0,0,4,0,1,0.0398
0.99,2.73,3.38,5.26,6.46,8.9,15.29,1.37,8.31,15.2,65.7,6.9,508.5,11.27,322.8,0.0499,-0.0162,0.374,0.822,1,0,4,0,0,0.0066
0.23,0.5,0.93,1.41,1.59,2.13,3.63,0.23,1.99,30.3,39.4,11.6,1521.7,12.71,313.8,-0.0316,-0.016,0.303,0.609,1,5,2,0,0,0.0112
40.78,106.74,201.16,357.77,568.37,879.85,1169.35,46.11,711.23,16.6,93.2,25.9,1242.0,25.54,184.0,0.0093,-0.0049,0.95,0.571,3,0,3,0,1,1.0
3.17,5.57,8.56,14.96,18.55,40.7,75.74,3.9,35.6,24.4,70.9,6.3,1279.7,10.65,237.5,0.0114,-0.0209,0.45,0.547,3,4,2,2,0,0.3342
7.99,21.27,25.55,30.73,40.84,72.98,110.42,10.72,60.15,19.8,87.0,16.5,1019.5,21.88,202.8,-0.0523,-0.0426,0.667,0.563,0,4,2,1,1,0.9797
1.11,2.7,4.79,7.75,8.89,12.84,15.07,1.29,10.09,18.9,91.1,4.9,224.7,15.55,25.0,0.0638,0.0495,0.432,0.637,4,2,1,1,0,0.0842
2.28,6.24,12.33,21.36,32.01,40.03,63.9,2.88,37.19,18.6,72.0,10.8,124.2,13.75,214.5,-0.0223,-0.0312,0.545,0.699,1,1,3,1,0,0.2731
5.15,13.58,19.27,32.82,36.49,61.4,83.34,6.21,48.96,5.0,33.9,10.4,4149.0,45.75,4.9,0.0509,-0.0192,0.486,0.659,3,0,2,0,1,0.9917
1.61,4.19,7.18,12.37,17.26,25.99,42.38,2.03,23.13,7.9,87.3,12.5,1825.3,8.41,117.0,0.0057,0.0215,0.536,0.848,0,0,1,1,1,0.0907
0.06,0.1,0.19,0.31,0.38,0.94,1.19,0.08,0.67,29.8,56.7,20.8,1645.0,40.57,335.6,0.0817,0.0159,0.307,0.576,8,3,3,0,0,0.0785
1.9,4.53,8.1,14.51,18.47,26.99,49.74,2.57,25.65,5.6,55.4,8.2,2870.5,29.36,109.5,-0.0521,-0.0447,0.436,0.218,0,0,3,1,1,0.6759
1.96,3.72,7.34,9.47,12.91,27.28,34.25,2.15,19.9,15.3,43.7,7.3,955.8,13.03,338.3,-0.0542,0.0377,0.37,0.728,3,6,2,0,0,0.0455
1.01,1.85,2.97,3.6,4.8,7.19,10.63,1.2,6.13,13.6,99.2,11.4,3992.3,29.8,90.0,-0.0453,0.0269,0.5,0.795,2,1,5,2,0,0.0398
0.71,1.49,3.08,3.55,4.63,5.95,6.73,0.81,4.79,22.2,40.3,13.3,3313.3,2.27,113.2,0.0067,0.0089,0.263,0.82,0,4,4,0,0,0.0026
0.87,2.28,3.47,5.81,8.21,9.97,16.78,1.02,9.56,4.0,49.6,17.9,421.1,12.3,226.2,0.0771,-0.0216,0.364,0.794,0,0,4,1,0,0.0114
4.36,7.04,9.54,13.51,18.57,28.72,34.0,5.13,22.18,29.9,56.3,8.4,1783.0,10.74,274.2,0.0797,-0.0203,0.487,0.659,2,2,1,1,0,0.1746
26.05,70.38,139.66,178.86,226.36,538.68,943.17,26.59,449.69,27.2,87.7,26.4,3698.3,23.42,180.5,-0.1155,-0.0101,0.95,0.918,4,1,5,1,1,1.0
0.5,1.31,1.59,2.5,2.98,4.49,7.66,0.71,4.08,33.5,56.4,9.0,3970.6,27.53,317.6,0.0125,-0.0616,0.346,0.832,0,0,5,1,0,0.0114
0.12,0.22,0.46,0.51,0.6,1.15,1.7,0.14,0.92,26.1,52.6,11.6,1989.7,23.22,14.5,-0.1606,-0.002,0.401,0.521,3,3,3,1,0,0.0346
12.81,24.87,31.68,39.2,43.84,66.38,102.22,18.58,57.5,5.3,90.7,12.2,2595.7,20.36,332.0,0.0398,0.0446,0.652,0.964,3,6,5,1,1,0.7993
1.14,1.79,3.56,4.85,6.42,13.65,25.3,1.52,11.98,10.2,47.1,13.6,743.2,30.85,70.7,0.0559,0.0438,0.538,0.548,1,0,3,1,1,0.2981
39.18,95.94,126.74,158.25,187.9,412.94,549.4,57.22,306.35,9.0,91.2,17.3,4163.3,28.56,318.3,-0.002,-0.019,0.95,0.836,0,1,1,0,1,1.0
4.32,7.44,11.02,14.77,22.76,33.48,56.03,6.32,30.34,-1.2,47.4,4.9,1011.4,12.85,144.3,0.0042,0.0532,0.443,0.289,6,3,4,0,0,0.1692
4.29,8.09,14.57,17.71,23.23,29.44,47.58,4.36,27.38,20.4,77.6,6.6,3962.3,13.71,299.8,0.0037,0.0953,0.467,0.412,1,5,3,1,0,0.2221
2.66,5.37,7.19,7.93,11.21,15.36,26.93,3.26,14.49,22.1,70.9,14.4,2746.0,27.7,241.8,-0.0392,-0.0158,0.461,0.611,0,0,2,2,0,0.3921
0.46,0.94,1.22,1.76,2.21,4.06,5.94,0.52,3.27,24.6,84.4,32.7,2572.1,18.46,63.3,0.0216,0.0346,0.333,0.354,3,0,2,0,0,0.038
2.42,6.16,13.14,15.1,18.57,32.03,60.64,2.83,29.66,1.4,58.7,42.5,2177.7,19.17,330.5,-0.0116,-0.1131,0.396,0.537,1,0,3,0,0,0.1697
2.82,6.04,11.6,18.6,28.06,37.4,49.08,3.05,31.44,14.3,75.6,26.3,1007.3,20.57,88.4,0.0465,-0.0629,0.515,0.485,2,0,3,0,0,0.3395
0.0,0.0,0.0,0.0,0.0,0.01,0.01,0.0,0.01,15.0,45.2,12.6,782.6,5.74,87.9,-0.0057,0.0046,0.289,0.365,0,0,4,1,0,0.0056
5.13,11.7,20.11,32.92,37.78,72.77,119.5,6.07,61.29,14.6,88.5,11.8,965.0,12.5,293.1,-0.0431,-0.0503,0.717,0.565,8,1,3,1,1,0.8193
0.56,1.07,2.18,2.49,3.14,7.82,14.22,0.78,6.61,10.1,58.9,10.7,823.7,24.51,38.1,-0.0768,0.102,0.34,0.768,2,2,2,0,0,0.034
2.79,5.41,6.96,12.4,14.38,34.58,68.02,4.07,30.69,21.0,50.3,10.2,3285.3,12.44,79.9,-0.0932,0.0299,0.491,0.76,8,2,3,1,0,0.117
0.17,0.3,0.61,0.82,1.1,2.58,2.84,0.22,1.74,14.1,43.0,26.4,1503.0,16.57,181.3,0.0656,0.0483,0.311,0.845,2,0,2,1,0,0.0134
10.31,16.97,34.66,45.41,56.59,73.5,82.73,10.9,58.87,13.6,80.3,9.2,290.0,24.43,299.0,-0.0229,-0.0015,0.507,0.665,1,2,3,1,1,0.9333
1.07,1.96,3.02,3.96,5.98,8.07,8.88,1.3,6.33,12.2,82.8,16.0,4071.8,31.76,53.1,0.0169,-0.0502,0.266,0.71,6,0,3,1,0,0.0497
39.21,103.51,227.26,288.44,326.71,693.48,957.91,53.09,527.19,31.6,78.9,5.8,3717.7,33.76,197.2,0.0892,-0.0259,0.95,0.516,1,0,5,1,1,1.0
0.96,2.54,4.04,4.95,7.88,18.56,27.0,1.18,14.15,12.2,49.0,28.9,3900.2,34.77,256.0,-0.0281,0.0127,0.419,0.92,2,1,3,1,0,0.114
0.12,0.33,0.69,1.16,1.73,2.76,3.96,0.13,2.29,15.3,56.7,3.1,4178.9,17.47,309.8,-0.0314,-0.0319,0.249,0.84,0,0,3,2,0,0.0127
3.3,5.1,10.7,15.22,21.82,40.31,46.12,4.53,29.25,8.5,49.5,10.3,771.7,16.46,336.8,-0.0066,0.0336,0.38,0.593,7,4,4,0,0,0.0862
1.38,3.68,7.05,8.24,9.29,15.86,30.34,1.93,14.8,28.4,57.9,16.6,1694.4,9.09,282.5,0.0015,0.0356,0.439,0.584,0,0,5,1,0,0.0153
1.66,3.26,3.92,6.55,10.42,14.35,17.45,2.28,11.6,20.2,48.9,3.8,3196.7,39.28,235.0,0.0944,0.0002,0.364,0.958,4,4,1,0,0,0.2541
11.8,27.66,52.07,88.66,131.26,229.2,363.43,15.1,194.1,30.8,92.2,23.6,2938.5,16.06,156.1,0.0783,-0.0913,0.95,0.54,2,2,2,1,1,1.0
2.64,6.08,7.88,13.75,18.23,31.9,61.07,3.47,29.62,28.5,41.3,21.5,688.7,38.8,40.4,0.031,0.0857,0.417,0.304,0,2,5,2,1,0.7055
8.44,14.54,17.97,20.35,30.82,62.51,99.13,11.26,51.2,29.1,83.6,16.9,3435.7,22.21,255.5,0.0725,-0.0106,0.576,0.55,0,3,5,0,1,0.6332
0.45,0.77,1.06,1.52,1.93,4.2,6.02,0.65,3.23,20.8,79.4,27.1,981.4,32.54,357.4,-0.0089,0.1355,0.38,0.718,6,0,1,2,1,0.2461
4.28,7.6,13.01,19.81,25.84,57.4,99.55,4.61,48.28,6.5,77.6,8.3,978.8,18.15,265.2,0.015,0.0326,0.757,0.581,3,0,2,0,0,0.8453
0.24,0.44,0.72,1.22,1.76,2.48,4.95,0.3,2.47,10.7,56.8,9.6,2278.4,25.74,6.0,-0.0151,-0.0105,0.289,0.282,3,1,2,2,0,0.1401
0.8,1.59,2.53,3.88,6.05,12.09,19.84,1.0,10.1,11.4,88.3,0.7,2510.7,33.12,178.7,-0.0645,0.0224,0.441,0.52,2,2,4,1,0,0.1321
1.14,2.38,4.14,5.88,9.17,13.75,23.11,1.27,12.42,17.4,60.2,7.9,2457.4,14.15,221.3,0.0602,-0.101,0.371,0.387,1,2,4,3,0,0.0649
10.7,21.04,30.82,50.37,61.36,135.42,170.98,16.01,98.07,14.2,87.1,22.0,429.7,34.86,248.3,0.0266,0.0513,0.832,0.756,3,3,2,0,1,1.0
0.2,0.45,0.68,0.98,1.39,2.55,3.41,0.28,1.98,21.2,64.7,10.2,3691.5,9.89,259.1,0.0009,0.1283,0.403,0.652,3,0,3,1,0,0.0091
0.31,0.54,0.75,0.98,1.51,2.52,4.57,0.36,2.3,25.7,51.9,16.3,1152.2,45.12,200.9,-0.0001,-0.1045,0.356,0.408,3,7,4,2,0,0.3218
3.06,8.31,13.72,20.7,23.85,55.73,98.93,4.28,47.01,18.5,72.9,10.0,587.5,20.62,80.4,-0.0753,-0.0144,0.651,0.778,2,0,3,1,0,0.6186
3.1,8.03,15.37,22.41,26.73,62.16,81.72,3.49,45.33,17.7,84.5,15.8,3738.3,12.62,339.2,-0.0489,-0.0053,0.619,0.798,8,0,1,2,0,0.6262
0.16,0.25,0.43,0.62,0.92,2.21,3.44,0.18,1.73,16.9,40.5,2.2,4016.0,29.05,250.8,0.0168,0.0438,0.322,0.695,0,6,3,0,0,0.0224
38.03,79.86,163.82,202.18,279.24,543.44,1027.44,54.94,490.45,26.1,83.4,6.1,3627.8,22.77,85.3,-0.0265,0.1053,0.95,0.819,0,0,1,1,1,1.0
0.91,2.34,3.96,6.69,7.55,15.69,19.79,1.33,11.51,20.8,70.9,8.2,3409.5,5.96,116.0,-0.0109,0.0191,0.45,0.887,6,7,3,1,0,0.0106
0.26,0.51,0.71,0.81,1.11,1.96,3.43,0.37,1.74,22.4,43.2,8.6,2769.3,15.1,331.9,-0.0052,0.1071,0.288,0.566,3,0,2,1,0,0.0199
1.24,2.54,4.34,4.94,7.71,18.27,25.82,1.85,13.72,13.9,46.8,20.3,2336.1,10.19,319.5,-0.0341,0.0085,0.394,0.477,1,0,1,0,0,0.0552
49.93,139.53,219.3,262.71,313.01,573.8,665.22,52.69,419.31,22.9,84.3,4.2,411.0,10.76,145.9,-0.0484,0.0226,0.95,0.499,4,0,2,0,1,1.0
1.57,3.89,6.58,7.76,8.8,19.0,25.69,1.99,14.25,24.2,45.0,22.5,1745.1,10.52,13.8,-0.0806,0.0164,0.397,0.852,2,2,2,3,0,0.0556
5.89,10.96,14.23,24.44,38.45,88.3,130.46,7.26,68.15,12.7,67.4,8.9,1596.7,25.09,17.5,-0.0073,0.061,0.675,0.543,0,2,5,0,1,0.8878
1.95,4.36,8.62,14.25,18.38,32.34,57.25,2.54,28.83,20.7,64.4,36.4,1128.0,30.24,102.2,0.0309,-0.0211,0.405,0.867,3,0,2,0,0,0.2992
1.08,2.74,4.24,5.51,8.2,18.78,22.8,1.41,13.26,21.3,65.7,10.3,3052.2,11.94,226.5,-0.0822,0.0409,0.423,0.427,1,0,5,1,0,0.0189
1.42,2.65,3.23,4.15,5.82,13.7,25.65,1.87,11.88,20.0,46.6,14.4,2107.9,4.9,210.3,-0.0012,-0.0615,0.365,0.411,0,0,2,0,0,0.021
2.23,3.57,6.3,8.72,10.4,12.63,17.56,2.58,11.19,21.0,78.9,5.7,386.3,3.22,228.2,0.0141,-0.0142,0.384,0.812,1,1,5,0,0,0.0042
14.85,28.65,53.97,79.06,94.93,167.89,207.42,15.23,127.06,14.1,87.3,12.5,963.8,50.66,258.2,-0.0495,-0.0318,0.908,0.711,2,6,5,1,1,1.0
0.22,0.58,0.73,0.98,1.44,3.52,5.04,0.26,2.64,13.9,81.2,23.3,2885.5,20.74,6.9,0.0711,0.0044,0.366,0.581,0,1,1,2,0,0.0947
1.27,2.67,4.21,7.3,10.34,13.15,25.44,1.72,13.27,24.8,98.2,7.2,365.9,29.17,37.8,-0.0193,-0.0158,0.471,0.285,5,4,4,1,1,0.2475
2.05,4.67,7.85,8.9,9.86,17.48,28.09,2.44,14.84,13.9,56.6,11.6,3582.5,16.99,129.4,-0.0051,0.0566,0.312,0.586,2,0,3,1,0,0.0497
0.82,1.28,2.18,3.86,5.2,11.75,16.62,1.04,8.91,13.3,49.8,2.4,2104.9,4.15,55.7,-0.0081,-0.0439,0.348,0.471,1,0,3,0,0,0.0093
0.32,0.59,0.72,1.08,1.69,3.09,4.59,0.48,2.51,12.9,45.2,5.4,2044.4,23.77,27.1,-0.0885,-0.0866,0.246,0.238,3,2,4,1,0,0.0299
1.52,3.84,7.04,12.4,16.95,36.4,64.22,2.08,31.09,24.6,79.5,8.1,2508.5,42.63,230.7,0.0504,-0.0679,0.457,0.613,4,4,1,1,1,0.9751
1.69,4.11,5.32,8.44,9.4,21.78,24.81,2.47,14.94,24.4,70.3,11.0,3472.4,13.04,293.5,-0.0478,0.0497,0.388,0.44,3,5,4,0,0,0.0247
2.33,3.83,5.94,7.17,9.64,14.11,27.6,2.78,13.8,25.9,80.0,22.1,1493.4,3.8,270.9,-0.0118,-0.0485,0.381,0.752,1,2,2,1,0,0.0216
1.32,3.4,5.8,9.2,10.32,15.23,28.16,1.69,14.46,15.7,48.3,14.1,2863.8,9.06,294.1,0.0299,0.0199,0.357,0.802,0,1,3,0,0,0.014
0.68,1.5,2.92,5.19,6.89,14.95,28.38,0.76,13.24,9.2,81.6,18.1,2397.8,29.92,239.7,0.073,-0.0147,0.41,0.68,5,0,3,0,0,0.0858
0.37,0.68,1.06,1.54,2.26,3.76,6.39,0.45,3.33,13.7,66.6,10.4,1158.2,22.67,264.7,-0.054,0.0412,0.338,0.673,1,3,3,1,0,0.0241
0.07,0.11,0.22,0.38,0.45,0.71,1.16,0.07,0.62,12.4,71.0,16.5,3696.3,34.94,97.8,-0.0223,-0.0115,0.369,0.536,0,1,3,1,0,0.093
0.77,1.32,2.61,4.68,5.95,11.88,16.73,0.98,9.23,12.1,78.2,14.7,3359.3,19.09,357.5,0.0691,0.1382,0.394,0.647,3,4,4,1,0,0.0228
2.21,4.51,7.24,9.67,11.6,28.51,39.08,2.85,20.96,15.1,51.2,12.0,2782.6,27.28,65.9,0.0232,0.0949,0.348,0.512,0,3,4,1,0,0.1292
9.88,26.07,54.14,75.18,97.49,140.1,165.33,10.75,110.48,14.2,77.0,30.1,3579.9,14.85,77.2,0.0336,-0.0158,0.83,0.571,8,5,2,1,1,0.9996
4.27,8.45,18.27,23.61,27.73,59.05,66.75,6.12,41.16,14.3,39.5,9.1,3649.3,9.52,104.0,-0.0526,-0.0226,0.432,0.533,5,2,2,0,0,0.2802
0.03,0.06,0.09,0.17,0.2,0.42,0.49,0.03,0.3,20.7,63.3,4.9,2989.7,27.33,351.1,-0.019,0.1566,0.315,0.448,3,4,2,0,0,0.0524
0.29,0.49,0.99,1.53,1.78,3.9,4.91,0.35,2.83,10.0,73.8,7.0,3523.6,30.18,355.8,-0.0084,-0.0539,0.31,0.507,4,1,4,3,0,0.0665
1.62,2.57,3.82,6.23,8.13,15.44,19.23,1.76,11.51,16.8,33.2,19.1,2944.5,13.23,286.2,-0.0429,-0.0028,0.322,0.532,2,2,5,0,0,0.0101
1.17,2.38,4.49,5.57,7.44,16.38,29.6,1.28,14.1,10.2,55.5,23.4,2872.6,40.63,226.5,-0.0837,0.0011,0.382,0.064,4,0,1,1,1,0.9939
8.26,14.15,26.44,37.02,51.59,62.33,74.46,10.28,52.26,16.1,94.5,18.7,2617.2,41.22,187.2,-0.0255,-0.0001,0.582,0.308,3,3,2,0,1,0.9998
0.74,1.29,2.58,3.98,5.89,11.49,20.56,0.96,10.07,13.3,90.6,10.6,3173.8,10.56,349.4,0.0677,-0.0869,0.432,0.77,0,2,4,1,0,0.011
0.65,1.21,1.71,2.76,3.18,4.37,6.54,0.68,3.84,15.9,75.2,9.9,708.2,10.87,250.4,0.003,0.0248,0.394,0.221,7,4,3,1,0,0.0261
1.8,2.84,6.07,9.47,14.53,29.1,57.15,1.92,26.65,19.5,58.4,8.3,3705.6,11.19,340.1,0.0687,-0.0485,0.43,0.155,5,3,4,3,1,0.2209
0.79,2.0,3.26,5.21,7.55,16.43,27.0,0.92,13.5,20.3,48.5,36.4,3668.2,17.68,114.0,0.009,0.0718,0.373,0.388,7,3,1,2,0,0.2367
0.45,0.99,1.19,1.83,2.11,3.74,5.98,0.47,3.17,6.6,44.5,7.9,171.4,15.26,120.2,-0.0382,-0.0728,0.374,0.636,3,0,5,0,0,0.0049
0.54,1.09,2.16,2.66,3.44,7.14,11.99,0.72,5.98,19.7,69.7,16.2,3477.1,8.2,307.7,0.0639,0.003,0.408,0.605,2,6,1,0,0,0.0188
0.37,0.72,1.53,2.27,2.92,7.18,11.09,0.54,5.59,6.9,62.7,19.6,584.8,11.39,53.9,0.0106,-0.1108,0.42,0.801,1,0,2,0,0,0.0113
0.73,1.09,2.37,4.1,5.95,14.51,23.41,0.99,11.56,31.3,91.0,8.1,1440.7,4.21,340.5,0.0481,-0.1077,0.476,0.858,0,4,2,2,0,0.0187
1.77,4.65,7.26,8.6,10.11,16.05,27.85,2.29,14.51,-0.5,60.1,26.3,3135.6,4.8,182.7,-0.0534,-0.042,0.447,0.671,0,2,5,1,0,0.0101
1.99,4.96,6.05,7.66,8.66,12.68,23.58,2.93,12.1,17.2,48.3,8.6,717.2,7.17,333.5,0.0519,-0.0349,0.378,0.743,1,4,2,0,0,0.018
14.08,34.5,53.19,74.91,83.34,169.94,327.93,16.81,153.64,8.7,84.4,6.1,3444.6,49.19,121.2,0.0534,0.0733,0.95,0.559,2,2,2,3,1,1.0
28.29,48.84,101.77,117.17,179.7,328.25,564.4,28.53,286.06,16.6,76.0,40.7,3503.4,46.08,257.7,0.0145,-0.002,0.95,0.872,3,3,4,1,1,1.0
3.68,5.77,11.79,16.1,22.69,30.04,57.85,3.83,29.91,9.8,63.9,20.4,2156.0,28.18,173.8,-0.0403,0.0646,0.506,0.874,1,1,3,2,1,0.4473
11.48,18.18,28.71,39.96,44.36,59.27,94.22,16.7,53.9,24.1,85.5,15.6,76.5,13.31,225.6,-0.0023,-0.019,0.652,0.592,2,3,4,1,1,0.8252
3.37,7.41,10.03,16.8,26.35,41.96,55.07,5.01,33.48,17.2,51.0,42.1,1241.2,7.09,181.6,0.0306,0.0303,0.486,0.335,1,1,3,0,1,0.157
0.48,1.11,2.05,3.66,4.23,10.56,14.84,0.49,7.83,3.8,58.0,7.1,2610.2,18.87,348.2,0.0117,-0.0363,0.41,0.487,3,3,1,1,0,0.1205
0.06,0.18,0.34,0.42,0.61,1.0,1.88,0.09,0.94,17.8,67.6,4.0,4121.9,24.12,249.2,0.0301,-0.0397,0.284,0.691,8,0,2,0,0,0.0204
1.1,2.39,4.37,5.44,8.31,10.92,18.34,1.18,10.22,20.1,57.3,21.7,2672.0,12.06,90.5,0.0506,-0.091,0.32,0.657,3,3,1,0,0,0.0324
1.13,2.19,2.96,5.14,7.33,12.14,16.39,1.34,9.7,21.4,82.7,9.6,1128.2,23.43,327.5,-0.0324,0.0168,0.418,0.641,0,1,1,1,0,0.174
3.47,8.27,16.73,28.83,32.74,48.45,78.48,4.77,43.19,11.0,32.7,12.4,2681.1,9.0,105.9,-0.0578,0.0131,0.477,0.667,2,1,2,0,0,0.2941
1.66,3.89,4.81,8.52,11.79,19.6,33.28,1.99,17.35,19.9,67.2,18.5,2290.9,13.47,133.8,-0.0019,0.0389,0.34,0.332,4,4,5,2,0,0.0482
2.63,4.02,8.72,14.72,19.52,36.37,72.69,3.65,34.1,16.5,82.1,6.7,3286.4,16.38,36.8,-0.0165,0.0107,0.46,0.586,2,4,1,0,1,0.4169
2.88,4.78,10.04,14.89,22.02,53.17,82.73,3.85,41.68,16.5,62.8,29.8,494.0,46.8,324.0,0.0393,0.1013,0.533,0.255,7,3,1,3,1,1.0
1.0,2.41,5.29,7.95,9.81,12.14,23.2,1.47,12.27,18.8,46.5,42.7,3208.3,11.29,103.0,-0.0537,0.0088,0.425,0.743,0,6,5,1,0,0.0112
3.58,5.76,10.36,14.5,20.99,45.63,64.14,4.37,34.79,11.3,47.0,21.1,2296.3,24.06,93.2,0.051,0.0496,0.394,0.855,1,0,3,0,0,0.1903
1.93,4.92,8.87,9.82,11.8,14.4,24.11,2.43,13.76,10.5,64.5,10.3,4046.4,10.24,331.3,0.0677,-0.0162,0.432,0.227,1,1,3,3,0,0.1275
0.17,0.47,0.74,1.07,1.55,2.07,3.76,0.24,2.0,19.4,50.9,6.9,1468.8,9.37,290.0,0.0,-0.0454,0.392,0.485,4,1,5,0,0,0.0039
1.67,2.94,3.86,6.62,8.16,14.16,27.45,2.48,13.26,19.5,86.0,7.5,2675.4,12.03,50.8,0.003,0.0359,0.511,0.6,2,1,3,1,0,0.0417
0.16,0.35,0.69,0.81,1.28,2.96,4.54,0.19,2.33,13.0,53.9,19.7,3917.9,19.24,277.0,-0.0384,-0.0045,0.357,0.616,0,1,4,1,0,0.0125
1.31,2.51,4.24,5.29,8.26,16.03,29.96,1.93,14.39,18.7,66.4,16.2,475.4,43.42,328.7,-0.0271,0.0416,0.448,0.942,1,3,4,0,0,0.1375
0.38,0.83,1.29,1.58,2.14,4.35,6.84,0.51,3.54,29.5,61.2,5.1,3939.5,13.13,28.3,-0.0204,0.0176,0.283,0.675,2,1,3,0,0,0.0077
14.23,32.74,67.95,75.31,109.26,137.93,232.19,20.65,130.77,38.2,74.0,8.3,2904.7,30.3,297.1,0.0721,-0.0397,0.92,0.594,8,1,3,1,1,1.0
5.85,8.86,10.65,12.75,19.23,43.87,57.8,6.64,32.15,16.0,79.4,16.0,331.5,48.02,197.1,-0.0036,0.0537,0.5,0.787,2,2,3,4,1,0.9757
10.54,28.08,47.13,66.8,96.29,156.82,288.82,14.32,145.11,17.9,88.5,18.2,1299.0,21.88,240.9,-0.0661,-0.0436,0.95,0.595,0,0,2,0,1,1.0
3.15,6.24,11.55,19.21,28.95,41.12,81.07,3.82,40.68,15.6,70.9,18.4,2988.9,33.25,177.4,0.0128,0.0313,0.518,0.524,2,1,2,2,1,0.9651
2.77,4.85,5.84,6.59,8.27,10.38,18.69,3.35,10.16,15.1,56.8,11.1,329.5,11.63,251.2,0.0413,0.0641,0.347,0.606,1,0,1,1,0,0.061
21.01,32.4,62.45,87.1,101.1,234.89,315.42,22.71,172.96,32.3,76.9,22.0,2466.0,23.71,12.3,-0.0013,-0.0192,0.95,0.402,2,7,2,1,1,1.0
0.14,0.4,0.55,0.92,1.07,1.87,2.18,0.16,1.39,9.0,46.3,2.3,1485.4,27.04,274.6,0.0735,0.0578,0.301,0.441,2,1,3,0,0,0.0309
1.8,4.47,9.15,15.99,22.73,49.79,57.39,2.51,34.75,12.2,47.3,38.9,2626.8,7.94,12.0,0.0389,0.0199,0.393,0.603,3,5,3,1,0,0.1065
61.95,129.65,254.7,293.93,392.35,744.37,1297.92,81.27,647.9,11.4,94.4,4.8,239.8,10.93,163.9,-0.0525,0.0426,0.95,0.364,6,2,3,0,1,1.0
1.48,3.87,5.19,8.12,12.26,23.87,43.18,1.66,21.05,23.6,68.1,16.8,3666.9,15.97,54.3,-0.0276,-0.0418,0.411,0.802,1,0,4,0,0,0.0263
11.71,24.51,43.48,68.85,77.76,190.54,323.75,16.45,155.79,22.3,81.9,7.3,4090.0,12.23,296.5,0.0113,0.0107,0.95,0.444,4,0,3,0,1,1.0
2.93,7.01,13.71,24.38,33.47,69.17,117.69,4.32,58.43,19.1,44.1,7.1,4070.8,17.05,112.9,-0.0833,-0.0704,0.616,0.816,7,3,1,1,0,0.875
0.26,0.73,0.89,1.0,1.18,2.33,4.48,0.32,2.12,18.5,38.9,12.7,3161.1,7.19,163.5,0.0168,0.0856,0.29,0.9,2,7,1,0,0,0.0065
3.25,7.85,13.69,22.75,33.04,63.53,95.32,4.81,51.28,17.3,36.7,2.0,589.9,45.53,154.4,-0.0881,-0.1007,0.547,0.552,0,0,1,0,1,0.9997
0.59,1.07,1.33,2.04,2.58,4.89,7.56,0.65,4.01,16.7,55.4,12.6,3196.8,31.97,278.1,0.0512,-0.0177,0.358,0.564,4,0,5,0,0,0.0203
3.32,9.01,16.4,18.85,22.98,56.37,74.43,3.41,40.75,2.8,68.8,17.4,152.0,75.0,173.2,0.0454,-0.0466,0.527,0.688,3,1,3,0,1,1.0
2.09,3.2,6.66,8.91,9.84,16.21,32.42,2.14,15.6,19.4,88.6,9.8,141.8,8.57,284.0,0.0252,0.0337,0.458,0.665,1,1,4,0,0,0.0145
0.26,0.71,1.13,1.67,2.27,2.81,5.49,0.35,2.87,20.6,75.2,17.9,1393.0,24.22,26.5,-0.0338,0.0962,0.402,0.796,2,4,2,0,0,0.0287
3.04,8.36,13.68,15.56,21.8,29.15,38.22,4.08,24.47,14.6,92.0,12.5,2077.9,12.3,69.0,0.0085,0.0327,0.428,0.706,2,2,3,0,0,0.064
3.51,5.69,12.39,19.74,28.61,63.89,83.38,4.62,46.83,23.4,63.0,15.9,3247.2,9.34,198.6,-0.0257,0.1481,0.547,0.316,0,0,3,0,1,0.3799
1.0,1.57,2.61,4.46,7.11,17.05,30.62,1.42,14.4,8.6,56.6,25.3,2885.7,31.01,341.0,-0.0515,-0.0689,0.434,0.805,3,6,4,1,0,0.0721
0.13,0.33,0.5,0.74,1.02,1.32,1.67,0.17,1.1,13.0,64.1,15.8,1900.5,19.59,26.9,-0.0169,-0.0651,0.351,0.778,3,1,3,0,0,0.0092
20.34,31.17,68.47,107.94,153.94,203.65,261.01,28.0,170.04,20.7,89.3,16.1,1185.6,15.34,15.5,0.0349,-0.0447,0.95,0.531,5,3,4,0,1,1.0
1.03,2.63,4.94,7.62,10.63,14.1,26.36,1.32,13.84,14.3,37.7,15.0,4188.1,22.24,56.4,0.0022,0.0061,0.332,0.651,2,3,5,0,0,0.0184
0.61,1.19,2.12,2.42,3.5,5.01,8.19,0.68,4.52,26.9,87.5,14.0,1818.7,11.22,230.8,0.0725,-0.0513,0.409,0.714,2,0,5,0,0,0.0039
0.37,0.56,1.04,1.37,2.15,2.91,3.94,0.39,2.46,24.6,62.3,18.4,1923.3,10.99,143.6,0.0383,-0.0376,0.268,0.655,3,0,1,1,0,0.0189
0.33,0.78,1.54,2.61,4.13,6.95,10.16,0.49,5.72,24.1,53.1,12.7,729.0,12.57,297.2,0.0329,0.031,0.373,0.303,1,0,3,0,0,0.0201
1.41,2.63,3.26,5.37,7.47,12.87,16.14,1.59,9.87,22.2,65.4,5.1,3348.5,34.32,25.9,-0.0804,-0.062,0.386,0.449,4,7,1,0,0,0.5474
0.84,1.43,2.01,2.69,3.75,7.05,11.52,0.95,5.95,21.8,72.3,7.9,2928.8,32.85,70.7,-0.0143,-0.0567,0.348,0.828,3,4,5,1,0,0.0197
0.24,0.53,0.66,0.96,1.45,3.24,4.01,0.35,2.32,3.3,66.3,6.9,966.2,8.31,108.0,-0.0532,-0.0199,0.314,0.735,4,0,5,1,0,0.0033
5.67,8.72,13.09,22.91,25.38,49.68,68.93,8.25,38.54,14.6,58.1,28.6,391.9,44.5,225.6,-0.0092,-0.0152,0.469,0.841,4,3,2,1,1,0.9548
0.07,0.14,0.28,0.51,0.6,0.79,1.57,0.09,0.8,12.7,44.7,15.4,2874.1,18.67,246.7,-0.0347,0.0505,0.243,0.688,3,3,5,1,0,0.0051
0.07,0.15,0.25,0.41,0.49,1.09,1.76,0.1,0.88,2.6,100.0,22.4,2766.2,24.0,44.7,-0.0189,-0.045,0.412,0.531,0,0,4,2,0,0.0317
5.77,14.09,26.73,34.58,39.28,85.3,120.5,6.28,65.2,11.1,81.1,18.1,1184.0,12.33,339.8,0.0531,-0.036,0.75,0.684,6,2,3,1,0,0.8148
0.38,0.82,1.23,1.44,1.84,4.04,7.81,0.46,3.6,13.7,36.1,4.8,3996.1,19.23,122.8,0.0238,0.0291,0.316,0.523,2,3,3,1,0,0.0239
0.02,0.03,0.07,0.13,0.19,0.36,0.52,0.02,0.29,21.4,38.5,10.9,676.9,9.3,256.7,0.0504,0.0401,0.289,0.316,7,0,2,0,0,0.012
0.76,1.89,2.45,3.82,5.34,9.33,16.34,0.93,8.29,20.2,51.5,13.6,1844.2,11.81,188.7,-0.08,0.0714,0.319,0.775,2,5,5,1,0,0.0065
0.37,0.74,1.32,2.22,2.74,3.89,5.43,0.55,3.29,15.4,53.5,7.4,3966.0,29.64,80.2,0.0029,0.0235,0.264,0.768,0,3,1,1,0,0.0735
2.46,4.27,7.68,8.87,13.71,33.34,45.77,2.88,24.57,22.9,60.9,9.2,1791.9,30.01,304.6,0.0483,0.0065,0.459,0.884,5,0,4,1,0,0.1326
33.92,62.55,120.73,180.38,226.59,527.89,805.6,41.55,412.68,17.3,86.0,26.1,2699.9,24.61,294.6,0.0753,0.0288,0.95,0.52,4,5,2,1,1,1.0
2.55,6.03,7.31,12.51,17.04,25.97,41.58,3.8,22.85,10.4,62.4,12.9,1700.0,14.77,142.6,-0.0774,-0.0134,0.483,0.562,4,0,4,0,0,0.0617
1.14,1.99,2.92,3.33,3.74,6.05,8.99,1.25,5.07,16.5,54.4,13.5,1188.0,8.22,211.9,-0.0176,-0.0137,0.222,0.65,0,5,1,2,0,0.0269
2.45,3.96,6.51,11.4,17.34,22.2,41.05,3.3,21.88,7.5,45.4,12.4,4133.5,36.53,92.8,0.0517,-0.0887,0.313,0.668,5,1,2,0,1,0.3883
14.01,32.33,55.82,87.12,138.41,300.2,517.27,17.93,252.81,26.7,83.1,18.5,1748.7,31.21,248.3,-0.0096,0.0447,0.95,0.495,2,3,5,2,1,1.0
2.11,4.95,6.27,8.51,13.15,27.04,53.15,3.01,24.65,20.1,70.6,13.8,3760.5,5.35,111.2,-0.0455,0.0106,0.461,0.389,2,4,3,0,0,0.0507
0.92,1.92,3.86,6.08,7.93,17.63,25.47,1.15,13.55,23.2,47.3,11.4,1004.3,30.29,303.9,-0.0775,0.0389,0.338,0.847,6,1,2,1,0,0.1074
0.82,1.77,2.36,3.78,4.45,5.94,9.43,1.03,5.4,15.5,50.6,6.2,934.4,15.34,78.3,-0.0474,-0.1408,0.371,0.799,3,1,4,0,0,0.0069
0.91,2.35,4.16,6.43,8.05,10.8,20.31,1.09,10.6,21.0,61.1,11.0,179.2,27.53,5.3,-0.0844,-0.0024,0.39,0.653,0,2,2,0,0,0.1046
2.04,3.96,6.05,9.73,15.15,34.95,47.06,2.75,25.81,15.5,66.8,7.6,2754.4,7.26,96.7,0.0029,-0.0428,0.461,0.8,2,2,2,0,0,0.0441
9.05,23.72,40.32,48.11,76.34,159.85,283.59,12.01,137.58,19.6,81.1,27.2,1579.4,12.72,68.8,0.0448,0.0751,0.95,0.593,3,1,3,0,1,0.9998
0.52,1.36,1.7,2.51,2.84,4.51,7.37,0.73,3.96,19.3,67.6,9.8,3637.1,20.03,183.0,-0.063,0.0307,0.339,0.647,5,7,5,1,0,0.0096
2.5,5.41,11.06,14.61,17.04,30.32,49.5,3.05,25.92,8.2,46.2,29.6,2013.8,45.54,73.3,0.0129,0.0117,0.374,0.359,1,3,4,0,1,0.7485
0.8,1.22,1.81,2.15,3.25,5.68,7.58,0.89,4.45,18.0,38.3,38.6,4068.0,20.06,274.7,0.0423,-0.0216,0.214,0.724,4,1,1,0,0,0.0255
0.89,2.4,3.57,5.7,6.75,12.35,16.59,1.07,9.6,13.6,40.6,18.9,819.9,33.59,86.9,-0.0001,0.0199,0.353,0.682,4,3,4,0,0,0.0453
0.32,0.54,0.88,1.34,1.74,2.94,5.69,0.47,2.77,20.5,81.1,11.8,3654.8,21.59,254.5,-0.0805,-0.0464,0.294,0.824,0,2,3,0,0,0.01
0.68,1.5,2.2,3.95,4.42,10.8,12.28,0.92,7.32,26.0,71.2,12.5,3272.9,21.16,208.2,0.0193,-0.005,0.387,0.483,0,5,2,0,0,0.0596
2.59,6.16,10.97,18.51,22.28,36.85,58.6,3.65,31.66,28.2,44.5,7.6,3249.3,25.34,355.0,-0.0027,-0.0289,0.49,0.758,2,1,4,0,0,0.1839
1.65,2.68,5.54,7.68,9.13,15.57,26.8,2.19,13.79,34.1,82.8,24.9,3555.9,18.38,360.0,-0.0078,0.1133,0.415,0.572,4,0,2,0,0,0.0755
0.21,0.52,0.86,1.42,2.14,4.92,6.21,0.3,3.53,14.0,51.3,18.2,3208.2,29.26,313.0,-0.0273,0.0735,0.332,0.713,2,0,2,0,0,0.044
0.95,2.18,2.86,3.52,3.98,4.83,7.63,1.2,4.51,23.2,63.0,31.8,2648.8,9.74,273.6,0.0043,0.0532,0.298,0.735,4,7,1,1,0,0.0199
3.89,9.25,19.21,27.45,38.38,85.04,162.69,4.09,75.36,31.0,50.6,23.7,594.7,18.45,139.1,0.0255,-0.0745,0.721,0.65,3,1,5,1,1,0.8653
2.7,4.59,7.91,10.93,15.21,22.88,41.86,3.4,21.51,27.5,93.7,12.2,185.0,47.6,271.2,0.1195,0.0432,0.525,0.462,3,0,4,2,1,0.9536
2.62,4.85,10.47,15.99,25.18,49.41,93.53,3.92,44.55,13.7,58.0,23.6,3871.5,34.34,344.4,0.0056,0.0094,0.491,0.744,0,2,1,1,1,0.9535
1.25,2.36,4.89,8.13,9.34,14.38,21.21,1.3,12.17,18.0,61.4,6.3,2609.1,22.64,8.4,0.0756,0.0612,0.403,0.407,0,1,2,3,1,0.3134
3.4,5.76,11.91,16.96,24.09,56.23,93.06,4.93,45.75,17.9,81.4,13.0,3355.6,31.84,193.6,0.0179,0.0161,0.539,0.405,3,0,2,1,1,0.9753
5.34,11.93,15.77,26.9,39.81,95.63,121.17,6.32,68.13,20.0,30.7,11.0,2048.3,41.0,78.5,-0.005,-0.0003,0.605,0.738,4,3,1,3,1,0.9997
1.92,3.06,5.28,8.6,9.49,13.65,25.63,2.0,13.14,29.8,53.8,7.2,536.8,4.85,200.8,0.0074,0.0117,0.348,0.433,2,0,5,2,0,0.0175
0.57,1.05,2.15,2.77,3.94,9.26,11.45,0.73,6.56,25.4,51.2,25.2,569.5,16.19,167.9,-0.0611,-0.0903,0.279,0.815,2,2,4,0,0,0.0062
7.2,17.93,35.66,52.52,60.79,83.53,100.96,10.65,67.4,13.2,84.5,13.4,2895.1,12.69,207.3,0.0153,-0.0384,0.633,0.795,3,1,5,0,1,0.6922
3.16,5.71,9.85,16.69,23.62,41.84,76.71,4.01,37.91,23.0,70.1,11.6,1835.8,7.62,198.3,-0.0996,0.0187,0.548,0.325,0,2,2,1,0,0.3815
1.34,2.35,5.16,8.4,10.45,12.79,18.18,1.63,11.4,22.1,84.9,3.9,882.2,51.21,345.6,-0.0431,0.057,0.288,0.897,3,1,3,0,0,0.202
0.06,0.09,0.2,0.33,0.39,0.66,1.16,0.06,0.59,28.7,52.4,2.3,2090.1,26.0,198.8,0.0055,-0.0275,0.324,0.364,2,2,1,0,0,0.1151
0.84,1.93,3.13,4.01,5.33,6.96,13.75,1.25,7.04,22.3,77.2,4.5,316.5,31.24,304.6,0.0597,-0.002,0.41,0.64,3,0,2,0,0,0.1349
0.88,1.84,2.64,4.35,6.14,12.61,17.75,0.98,9.74,15.6,41.0,29.1,2465.2,13.03,115.1,0.0715,-0.08,0.296,0.576,2,1,4,1,0,0.0148
2.24,4.0,6.32,8.75,11.01,22.84,44.58,3.33,20.71,26.4,81.1,16.4,1166.3,15.99,157.7,-0.0118,0.073,0.472,0.547,4,0,1,0,1,0.2062
4.45,7.86,11.66,20.66,28.17,38.11,50.87,5.04,32.1,34.2,82.8,17.9,3359.9,18.95,169.3,0.0078,0.0557,0.492,0.777,1,2,2,0,0,0.2945
0.92,2.56,4.73,6.74,8.66,19.42,34.9,1.12,16.61,16.0,72.5,9.9,1338.0,23.58,100.3,0.0492,0.0326,0.38,0.591,2,1,2,0,0,0.1135
0.12,0.2,0.38,0.65,1.02,1.52,2.43,0.13,1.34,11.0,10.1,8.5,1939.2,28.68,136.7,-0.0665,0.0203,0.157,0.317,2,3,3,0,0,0.0279
0.2,0.49,0.65,1.02,1.43,2.27,4.08,0.25,2.09,17.8,37.2,21.5,98.2,5.64,215.5,0.0202,0.0776,0.287,0.23,4,3,2,0,0,0.0119
2.37,6.37,9.48,16.62,20.99,28.24,37.18,2.4,23.7,23.5,59.1,11.4,350.7,27.7,208.9,-0.0414,-0.0403,0.392,0.706,2,2,1,1,1,0.481
1.11,2.31,4.94,7.38,8.92,20.4,36.81,1.53,17.43,13.3,57.0,5.9,1678.8,16.61,229.1,-0.0086,-0.0457,0.386,0.426,0,0,3,0,0,0.0592
0.73,1.56,2.86,3.62,5.02,9.28,16.24,0.94,8.14,22.0,68.3,34.9,2041.7,41.86,126.7,-0.023,0.0531,0.379,0.538,8,2,3,1,1,0.345
0.46,1.21,2.3,3.58,5.69,13.15,15.7,0.49,9.2,15.7,78.2,36.8,2540.1,37.42,113.7,0.0218,0.0497,0.385,0.613,2,7,4,0,0,0.0797
4.97,7.55,9.42,12.05,16.14,28.3,46.96,6.44,24.46,4.5,58.9,29.2,1260.4,22.28,220.2,0.0275,-0.0597,0.4,0.33,0,0,2,1,0,0.525
0.95,1.65,2.67,4.53,7.05,12.04,17.42,1.32,9.83,14.5,60.3,10.4,2934.2,19.35,47.8,0.0446,-0.0266,0.313,0.572,3,0,1,0,0,0.0692
1.24,3.02,6.49,7.53,10.28,18.47,34.83,1.52,16.92,17.6,78.1,13.0,3619.5,15.89,91.1,0.0174,0.0845,0.426,0.592,3,1,4,1,0,0.0405
6.24,13.53,26.9,34.1,51.23,93.83,131.41,6.85,74.24,30.9,44.2,3.9,3286.4,23.66,15.2,0.0086,0.0206,0.57,0.601,2,2,2,1,1,0.9851
2.1,5.78,11.46,18.89,26.35,44.76,77.87,2.98,39.88,11.8,36.3,14.4,214.4,36.38,26.1,0.0927,0.0394,0.46,0.566,3,1,2,3,1,0.9639
0.71,1.26,2.65,3.69,5.13,9.25,15.11,0.79,7.89,14.8,38.4,20.2,2044.1,19.6,87.6,-0.0762,-0.058,0.267,0.771,0,4,2,2,0,0.0418
20.18,53.52,75.19,91.06,119.36,217.77,360.7,25.76,186.39,17.7,82.4,40.1,485.5,13.65,7.0,0.0848,0.0328,0.95,0.538,2,2,1,2,1,1.0
0.75,2.11,4.62,8.29,11.97,29.78,36.45,0.88,20.75,21.4,58.5,11.5,1054.5,19.35,88.3,-0.0145,-0.071,0.405,0.691,0,0,3,0,0,0.0524
10.43,15.66,25.72,36.51,49.18,99.34,130.6,12.02,74.7,17.6,93.2,2.6,4144.6,22.51,235.8,0.0285,-0.099,0.718,0.618,2,7,5,1,1,0.9556
14.43,27.07,55.3,79.34,120.79,279.33,469.84,15.76,229.57,26.0,100.0,35.3,641.4,9.33,22.0,-0.0163,0.0363,0.95,0.492,2,0,2,0,1,1.0
5.55,15.42,23.19,31.24,48.78,89.5,101.3,7.32,64.77,8.0,46.5,3.2,2120.4,7.84,157.2,-0.0351,0.0717,0.597,0.374,2,0,3,0,1,0.7397
1.97,5.26,9.74,11.17,15.03,29.48,56.24,2.83,26.69,35.3,46.2,15.8,2615.3,13.87,328.7,0.0242,-0.0127,0.344,0.882,2,0,2,0,0,0.0646
1.09,1.77,2.23,2.83,3.49,4.34,7.58,1.09,4.2,18.6,100.0,9.3,2965.2,41.81,284.9,0.0521,-0.0273,0.376,0.747,2,0,5,2,0,0.0719
13.93,25.54,55.13,71.46,94.68,148.82,173.88,16.14,113.81,14.4,79.1,16.4,2372.5,35.29,110.0,0.0237,0.0855,0.831,0.811,1,4,2,2,1,1.0
0.58,1.34,1.76,2.64,3.83,8.59,13.97,0.81,6.98,11.2,57.1,2.8,90.5,6.68,332.9,-0.0271,-0.0097,0.324,0.802,0,1,1,4,0,0.0442
6.64,12.1,22.86,40.13,54.23,88.87,177.37,8.89,85.54,9.6,86.8,31.9,1404.8,10.68,118.7,0.1806,-0.0033,0.844,0.54,1,3,1,0,1,0.9944
0.16,0.32,0.39,0.46,0.6,1.28,1.51,0.17,0.91,15.0,68.6,9.7,2198.5,28.41,26.1,0.0599,0.0847,0.367,0.698,1,4,2,2,0,0.0773
3.08,5.64,9.66,17.22,19.18,23.73,26.6,3.69,19.3,16.4,53.7,2.8,414.6,14.91,357.9,0.0467,-0.0177,0.367,0.324,3,0,3,0,0,0.0946
2.52,4.75,7.24,10.36,12.35,23.78,33.84,3.64,18.73,21.4,65.9,13.1,1505.1,24.36,313.2,-0.0176,-0.0327,0.413,0.409,4,2,3,2,1,0.303
2.34,4.55,6.52,9.83,14.95,37.16,56.65,3.07,28.69,15.2,73.5,10.7,187.8,6.94,167.7,-0.0313,0.0408,0.475,0.197,3,2,3,1,0,0.1384
8.38,18.29,35.01,39.37,58.34,124.17,198.95,11.82,101.2,15.6,86.1,15.7,376.1,19.13,239.9,-0.014,-0.0356,0.821,0.739,3,5,5,2,1,0.9935
0.94,2.37,3.89,6.6,7.54,15.91,23.99,1.19,12.61,23.7,92.8,8.9,1697.2,18.03,241.6,0.0541,-0.0072,0.464,0.47,1,0,2,1,0,0.119
1.12,2.49,3.78,6.45,7.44,13.59,22.88,1.26,11.72,9.3,81.5,18.3,600.8,31.32,70.0,-0.0495,-0.066,0.421,0.704,3,1,3,1,0,0.126
1.42,2.59,4.27,6.94,10.88,17.05,30.68,1.49,15.74,22.0,53.0,11.6,2405.3,23.59,72.0,-0.0534,0.0093,0.437,0.393,3,5,2,0,0,0.2319
2.32,5.46,8.27,9.94,14.9,25.9,29.9,3.16,19.17,28.8,66.5,22.4,2911.3,20.57,169.0,0.027,0.0034,0.429,0.836,0,0,3,1,0,0.0759
0.15,0.38,0.62,0.86,1.12,2.09,3.09,0.15,1.68,16.9,67.2,7.5,3372.4,5.89,328.2,0.016,0.0484,0.317,0.7,6,0,5,2,0,0.0041
0.32,0.75,1.02,1.8,2.86,6.08,7.49,0.37,4.39,13.3,49.0,8.9,880.6,48.41,3.6,-0.0385,0.0429,0.327,0.305,0,2,5,0,0,0.2075
0.5,1.26,2.67,3.73,5.92,8.36,14.1,0.56,7.69,18.5,48.7,16.0,745.1,27.32,281.7,-0.0546,0.0276,0.392,0.885,2,1,3,0,0,0.0267
13.63,28.4,46.02,61.86,98.91,166.18,283.3,14.83,146.99,15.6,95.6,24.4,484.0,12.37,20.7,0.0719,0.0197,0.95,0.337,2,2,5,1,1,0.9999
1.32,3.57,5.95,6.9,8.9,20.6,37.77,1.69,17.71,11.4,39.2,7.4,2691.2,20.28,172.2,0.0179,-0.0037,0.405,0.882,4,4,3,1,0,0.0489
0.55,1.26,2.42,2.79,3.82,4.63,8.64,0.82,4.65,23.8,73.8,15.3,2981.9,15.18,229.6,-0.0682,0.0305,0.325,0.612,6,2,5,1,0,0.0079
0.17,0.42,0.56,0.79,1.12,2.54,5.07,0.25,2.29,5.7,43.7,16.1,181.1,16.89,247.2,-0.0647,-0.0556,0.377,0.821,6,2,4,1,0,0.0075
1.06,1.75,2.44,3.6,5.43,6.9,8.01,1.18,5.63,13.5,55.6,14.1,3935.3,35.0,21.1,-0.0181,-0.1174,0.371,0.804,2,1,1,0,0,0.1692
0.09,0.21,0.29,0.48,0.58,1.28,2.38,0.1,1.12,3.7,60.6,16.8,265.7,10.65,150.7,0.0366,0.0581,0.34,0.708,3,4,2,0,0,0.0077
18.17,27.93,46.91,81.39,102.85,255.77,495.98,25.54,223.94,5.2,77.7,11.3,2296.4,27.93,210.2,0.0298,0.0337,0.95,0.593,0,3,2,2,1,1.0
0.07,0.12,0.21,0.29,0.37,0.79,1.54,0.09,0.71,8.2,49.8,10.8,2992.6,35.79,23.8,0.0566,-0.0063,0.248,0.424,2,0,1,0,0,0.1843
28.35,68.28,130.74,221.0,335.33,635.28,719.64,37.45,456.1,26.6,85.6,10.4,3664.5,25.61,48.6,-0.0745,0.0537,0.95,0.663,5,1,2,1,1,1.0
0.18,0.42,0.89,1.32,1.77,2.43,4.11,0.22,2.25,17.9,67.0,10.4,3013.5,17.38,238.9,0.0112,-0.0366,0.324,0.703,2,4,1,0,0,0.023
0.89,1.9,2.45,4.36,6.05,7.72,14.47,1.21,7.67,27.2,63.7,11.2,3377.2,11.83,187.8,0.0713,-0.0353,0.352,0.409,0,1,1,1,0,0.0633
0.4,0.95,1.78,3.11,4.63,7.99,10.14,0.51,6.15,19.2,60.9,11.5,1458.7,12.86,58.3,0.0666,-0.0422,0.352,0.702,1,2,2,1,0,0.0206
0.08,0.22,0.42,0.68,0.96,1.67,2.7,0.11,1.43,19.4,49.7,18.0,3431.5,20.51,192.7,0.0179,0.0284,0.32,0.619,2,1,2,0,0,0.0204
0.53,1.37,2.56,3.15,4.91,7.39,11.2,0.63,6.37,8.5,59.6,5.0,382.5,19.57,328.6,0.1174,-0.0791,0.336,0.528,1,0,5,1,0,0.0139
3.35,8.89,18.28,31.93,37.58,64.65,81.79,4.71,49.76,12.0,69.8,13.7,3763.5,29.82,5.6,0.0305,-0.0383,0.545,0.522,2,1,4,0,1,0.7948
2.77,7.36,12.67,14.97,20.0,31.52,45.78,2.98,26.33,28.2,68.6,16.9,2322.5,7.28,231.3,0.0521,0.0145,0.427,0.59,1,4,5,2,0,0.0505
3.22,7.19,14.5,24.26,31.4,39.97,54.82,4.63,34.68,21.3,69.7,5.8,3441.8,34.77,26.5,0.0022,-0.0602,0.434,0.738,1,2,4,2,1,0.6118
0.75,1.46,1.85,2.68,4.04,7.21,13.44,0.99,6.58,26.2,48.5,17.7,1927.1,65.13,2.3,-0.039,-0.033,0.29,0.622,0,2,3,1,1,0.9213
3.17,4.75,8.72,13.33,17.88,32.71,57.56,4.12,28.82,19.8,69.8,12.8,2720.8,18.33,54.2,-0.0438,-0.1106,0.492,0.557,5,0,3,0,0,0.1943
4.54,12.3,26.34,45.04,70.3,148.39,164.11,6.63,102.73,16.3,65.5,7.8,2234.6,16.75,152.2,0.0091,0.0303,0.677,0.709,3,0,1,0,1,0.9963
4.76,8.36,13.83,22.89,28.39,54.38,87.08,6.3,45.3,24.2,51.9,4.8,3086.1,17.67,288.8,-0.0106,-0.0344,0.59,0.695,3,0,2,0,1,0.6201
30.23,78.07,103.19,117.73,144.01,341.94,385.94,33.42,232.37,25.1,81.6,7.4,388.8,20.12,101.4,-0.0884,-0.055,0.95,0.814,3,0,3,0,1,1.0
2.6,4.75,7.43,10.1,14.07,23.3,44.97,3.66,21.99,10.6,54.1,28.1,300.5,15.99,225.2,-0.0513,-0.0648,0.415,0.86,2,2,2,0,0,0.0715
0.62,1.18,2.42,4.31,4.84,7.21,8.18,0.9,5.54,23.7,46.2,34.3,1075.5,4.92,148.0,-0.0159,-0.0209,0.277,0.501,4,2,2,0,0,0.0101
0.9,1.58,2.1,2.84,4.06,5.23,6.62,1.05,4.38,18.2,73.4,29.1,712.1,17.45,84.4,0.0364,-0.079,0.315,0.727,6,1,1,0,0,0.0275
15.49,38.87,67.14,111.71,165.7,282.16,361.83,17.56,218.99,19.2,91.8,40.8,3667.9,20.8,185.1,-0.0008,0.0971,0.95,0.929,0,7,1,0,1,1.0
2.13,4.39,9.04,14.55,17.91,22.7,41.37,2.84,22.29,27.3,62.2,32.6,959.7,36.77,287.1,-0.0036,-0.1192,0.419,0.624,0,1,2,2,1,0.7539
3.45,9.49,18.85,33.36,42.64,77.92,118.53,5.07,64.04,20.3,42.1,13.3,4099.8,10.56,299.7,-0.0493,-0.0225,0.541,0.774,3,4,4,1,0,0.5585
4.75,12.12,20.76,36.63,52.48,123.98,155.04,5.45,88.12,12.9,61.9,13.1,1448.1,44.54,304.7,0.0012,0.0053,0.747,0.586,1,0,3,0,1,1.0
2.2,4.93,8.99,12.77,17.61,33.43,40.93,2.59,24.75,19.3,31.8,23.6,805.8,15.36,121.9,0.066,-0.0388,0.354,0.647,6,0,2,2,0,0.172
37.45,94.29,139.53,175.73,248.47,510.0,733.65,38.77,397.88,25.0,93.1,7.8,3327.2,11.36,285.6,0.0078,0.0106,0.95,0.814,3,2,1,1,1,1.0
1.07,2.76,5.9,7.73,10.67,25.0,40.28,1.46,20.05,18.5,58.8,11.4,2783.6,27.32,76.4,-0.0754,-0.04,0.396,0.322,2,0,1,2,1,0.7508
0.64,1.71,2.11,2.75,3.72,5.11,9.28,0.9,4.9,19.6,55.5,3.4,2117.5,14.34,265.8,-0.0626,0.0765,0.32,0.929,2,0,2,1,0,0.0138
3.0,4.82,7.54,11.63,12.96,24.85,44.67,3.35,21.92,22.9,79.7,11.7,2354.8,18.53,341.4,0.0294,-0.0559,0.457,0.808,3,0,1,1,0,0.2122
1.03,2.61,4.16,5.64,7.26,12.11,13.75,1.48,9.01,22.6,36.0,17.2,3034.7,19.25,4.9,-0.0112,-0.1176,0.32,0.28,0,0,4,0,0,0.0299
2.91,5.07,10.01,17.09,23.96,46.99,79.13,3.62,39.91,41.8,37.6,7.6,998.1,26.48,158.5,-0.0037,-0.0649,0.547,0.568,5,2,4,0,0,0.4728
22.4,60.29,100.86,132.25,198.33,271.41,302.49,25.36,212.89,15.3,83.1,6.3,4184.8,18.22,233.2,-0.0306,0.0193,0.95,0.449,0,3,1,0,1,1.0
0.51,0.89,1.83,3.27,5.01,8.36,13.48,0.66,7.22,15.1,75.8,19.1,4095.4,17.1,252.6,0.0252,-0.0059,0.421,0.419,7,1,3,1,0,0.0434
0.04,0.08,0.11,0.18,0.23,0.48,0.61,0.06,0.35,25.3,80.6,20.8,2748.9,15.13,63.4,-0.015,0.0376,0.466,0.583,0,0,3,0,0,0.0112
0.36,0.78,1.07,1.44,2.09,4.06,7.61,0.42,3.65,25.5,74.5,21.3,878.1,25.06,350.0,-0.0093,0.0251,0.37,0.695,3,4,5,1,0,0.0125
9.41,24.6,35.6,53.77,61.36,132.91,192.08,12.49,102.72,13.2,89.0,6.2,2872.9,13.9,221.5,-0.0426,-0.0318,0.789,0.407,0,0,4,0,1,0.9934
2.48,4.01,5.51,7.45,9.54,17.0,31.58,3.47,15.49,21.0,84.6,5.4,349.6,37.42,59.2,0.0461,-0.0245,0.373,0.632,2,3,3,1,0,0.3141
2.07,3.27,5.03,7.35,8.67,12.32,23.69,2.81,12.04,12.9,72.5,6.0,177.2,19.37,7.4,-0.0111,-0.0193,0.419,0.284,3,6,3,1,0,0.127
2.44,6.08,8.77,12.88,17.19,25.77,37.62,2.89,21.86,27.4,40.6,19.4,1119.4,6.11,282.0,0.0304,0.0942,0.299,0.543,0,0,1,1,0,0.0889
21.35,55.32,100.51,164.4,233.48,513.52,839.33,30.07,419.93,21.7,100.0,40.9,1969.9,22.5,28.7,-0.0597,0.0345,0.95,0.561,2,0,4,3,1,1.0
0.38,0.8,0.97,1.37,2.15,3.56,6.9,0.51,3.37,14.4,79.6,1.9,3653.3,24.55,50.8,0.0867,0.0946,0.312,0.432,1,7,3,1,0,0.0444
0.08,0.18,0.31,0.54,0.83,1.43,1.89,0.09,1.12,9.8,41.4,22.6,3067.8,37.64,206.9,0.0639,0.042,0.27,0.338,2,1,3,1,0,0.1333
0.6,1.0,1.59,1.85,2.19,5.0,5.9,0.86,3.49,7.8,48.4,20.3,3132.2,12.16,217.3,-0.0955,-0.0032,0.326,0.907,2,1,3,1,0,0.0074
2.88,6.56,10.06,13.32,19.73,29.29,45.87,2.92,25.7,18.3,73.9,20.6,1815.8,11.09,247.3,-0.0401,-0.051,0.457,0.735,4,2,2,0,0,0.0813
1.95,2.96,3.77,6.12,8.5,19.19,30.62,2.58,15.43,26.2,63.9,16.1,1485.6,26.96,141.7,0.0239,0.0101,0.422,0.722,0,0,4,0,1,0.0506
0.05,0.1,0.18,0.28,0.42,0.57,0.85,0.06,0.5,11.3,76.8,20.4,1589.8,34.39,278.6,-0.066,-0.003,0.418,0.563,0,7,4,0,0,0.0411
6.4,9.78,15.28,18.14,24.27,33.73,66.51,8.57,33.56,26.1,88.0,19.0,4148.7,11.87,350.8,-0.0066,-0.0047,0.543,0.907,2,0,2,0,1,0.2074
3.98,7.38,15.79,26.37,31.66,52.63,77.86,5.03,43.7,23.0,76.2,41.1,216.5,22.06,97.6,0.0213,-0.0105,0.576,0.498,5,2,2,1,1,0.8638
1.03,1.57,3.38,5.29,6.03,13.66,21.87,1.52,10.99,24.1,28.4,10.2,3648.2,18.4,253.1,-0.0092,-0.1026,0.367,0.521,5,2,1,0,0,0.0905
1.53,4.17,7.4,11.17,13.77,29.5,34.02,1.79,20.7,11.4,55.7,15.2,2451.5,12.12,334.2,0.0269,0.063,0.432,0.87,2,2,2,0,0,0.0368
0.15,0.39,0.61,1.05,1.25,2.74,3.13,0.17,1.91,20.4,66.5,6.2,1870.3,17.79,247.1,-0.0347,-0.0025,0.333,0.521,5,2,2,1,0,0.03
1.29,2.28,3.65,6.14,8.63,12.46,20.25,1.47,11.2,12.8,75.2,4.2,3059.8,33.1,245.2,-0.1122,-0.0707,0.501,0.447,4,7,5,0,0,0.1028
2.81,7.56,11.24,14.86,21.13,52.19,100.49,3.5,45.57,21.7,44.5,9.1,2069.7,19.41,80.6,0.0491,0.0241,0.555,0.7,1,5,3,0,0,0.4187
6.16,16.41,30.91,45.79,60.48,80.08,147.36,8.2,78.03,22.5,79.1,9.6,3674.7,17.26,192.6,0.0488,-0.0428,0.693,0.469,0,1,3,0,1,0.9816
0.9,1.6,2.78,4.73,6.28,8.41,13.52,0.93,7.68,18.1,61.0,27.1,3787.9,26.2,202.5,0.1252,0.0281,0.32,0.678,1,2,5,0,0,0.0129
1.33,3.15,5.11,5.85,8.97,14.96,23.2,1.93,12.68,35.5,49.2,12.7,1800.1,34.7,252.0,-0.1104,0.0441,0.379,0.622,1,0,4,0,0,0.0882
1.96,3.42,5.9,7.84,9.19,17.36,31.05,2.22,15.32,20.5,73.7,29.3,1198.8,10.45,358.9,0.0375,0.051,0.399,0.38,3,2,1,0,1,0.0849
3.34,7.97,10.53,14.45,16.67,36.32,40.02,3.36,24.92,27.2,82.5,21.7,2508.3,22.56,12.1,-0.0984,-0.008,0.452,0.808,2,0,1,0,1,0.2558
0.52,0.82,1.53,1.97,2.24,4.62,6.73,0.76,3.62,15.9,60.6,5.1,3836.3,15.42,23.5,0.0878,-0.0207,0.303,0.913,2,3,2,1,0,0.013
0.14,0.37,0.63,0.91,1.22,2.88,3.42,0.16,2.0,18.5,43.1,21.0,924.2,19.46,28.1,0.0244,-0.0313,0.31,0.726,0,0,2,0,0,0.0151
20.61,53.02,96.24,159.5,237.73,470.4,723.76,27.44,381.74,8.3,98.1,7.7,2635.3,27.32,267.5,-0.0476,-0.0361,0.95,0.26,4,3,4,1,1,1.0
6.08,10.48,15.49,22.24,31.91,41.32,74.23,6.19,40.06,24.7,63.1,9.1,2671.0,16.13,49.1,0.039,-0.0009,0.536,0.438,2,1,4,1,0,0.4618
3.07,6.37,12.37,13.98,16.0,28.96,44.39,4.02,23.94,15.2,37.6,9.5,3092.4,18.14,224.1,-0.0277,-0.0105,0.402,0.397,2,6,1,1,1,0.4408
0.64,1.17,1.96,3.33,4.5,9.91,13.59,0.72,7.45,7.3,88.0,16.2,596.0,31.67,116.9,0.015,-0.0413,0.479,0.571,8,2,3,1,0,0.1677
1.59,2.64,3.43,4.26,4.78,8.73,13.27,1.75,7.17,16.3,92.3,19.5,3020.7,24.22,164.6,0.0103,-0.0572,0.329,0.736,1,4,1,1,0,0.0916
2.17,3.29,6.16,8.63,10.05,13.72,19.45,2.24,11.81,18.7,57.7,4.2,3822.5,17.91,77.6,0.0872,-0.0054,0.351,0.73,2,3,1,0,0,0.0623
5.14,9.73,12.78,14.24,17.15,36.19,45.14,7.44,26.34,24.7,41.7,8.4,795.7,20.53,311.8,0.0907,-0.0217,0.34,0.467,3,7,2,1,0,0.3635
0.06,0.16,0.21,0.29,0.38,0.82,1.46,0.09,0.7,15.4,48.6,24.4,1035.8,19.7,211.0,-0.0299,-0.0571,0.283,0.517,5,3,5,1,0,0.0078
1.3,3.44,6.7,9.13,11.71,25.64,32.81,1.83,18.71,25.6,35.0,17.6,4081.3,5.8,340.0,0.0529,0.0415,0.322,0.497,0,3,2,1,0,0.0438
1.81,3.74,6.25,8.13,11.72,19.31,35.68,2.08,17.85,18.5,80.2,21.3,801.1,20.72,206.9,0.0177,0.0886,0.493,0.743,3,1,5,0,0,0.0275
2.65,4.97,6.1,10.7,15.85,33.12,55.68,2.65,27.75,19.3,71.1,19.1,3595.7,8.41,44.6,-0.0706,0.0481,0.513,0.873,6,2,4,1,0,0.0375
2.43,4.63,7.92,12.48,19.38,41.83,76.7,2.73,36.42,9.6,72.6,1.5,2093.0,34.19,61.5,-0.0348,-0.036,0.546,0.918,2,1,3,1,0,0.5987
0.49,1.17,2.46,4.28,6.01,10.24,12.53,0.63,7.8,20.6,56.0,5.6,1076.0,8.28,356.1,0.1168,-0.0025,0.384,0.601,1,0,4,1,0,0.0097
1.82,3.37,4.36,6.22,7.65,13.32,19.32,2.12,10.84,22.4,69.7,13.0,3663.6,14.98,261.2,0.0179,0.077,0.43,0.905,3,3,1,0,0,0.0355
2.49,6.41,9.91,14.48,19.62,36.11,43.94,2.65,26.88,20.8,48.8,8.2,1898.0,13.36,17.7,0.05,-0.0587,0.437,0.601,1,0,4,1,0,0.0745
1.09,2.14,4.34,7.67,10.88,21.7,23.88,1.2,15.2,16.8,83.7,6.8,2186.5,40.91,253.4,-0.0106,0.0391,0.448,0.707,2,1,2,2,1,0.6858
1.04,1.66,2.41,3.42,4.08,6.49,11.56,1.46,5.94,14.1,73.4,16.6,1540.8,33.44,148.4,-0.027,-0.0724,0.35,0.912,5,1,5,0,0,0.013
0.87,1.45,1.89,2.12,2.78,3.92,7.77,1.01,3.9,-0.7,81.2,17.9,2510.7,3.59,110.6,0.0014,0.0842,0.401,0.856,2,0,4,1,0,0.0037
8.96,22.43,36.86,57.19,72.04,109.53,183.84,9.57,98.56,28.2,85.1,9.1,728.6,18.87,55.5,-0.0133,-0.0215,0.927,0.569,0,0,5,1,1,0.9961
2.69,6.73,13.89,17.2,24.48,46.4,55.59,3.49,34.07,17.1,46.9,16.4,1673.0,9.37,302.4,-0.0747,0.1115,0.476,0.508,1,1,5,1,0,0.0837
1.05,2.11,3.22,5.69,6.52,14.15,27.22,1.35,12.62,16.3,45.9,15.4,4073.1,20.77,23.0,-0.0502,0.0864,0.318,0.371,3,0,2,0,0,0.0914
0.22,0.61,1.23,1.42,2.14,5.0,8.45,0.26,4.11,14.8,45.2,11.8,1121.3,26.98,104.3,0.0354,-0.0053,0.239,0.745,2,2,5,1,0,0.0095
3.68,6.58,8.64,14.93,17.14,40.55,75.81,4.62,35.09,17.7,65.6,6.3,2775.5,21.74,110.3,-0.019,-0.036,0.48,0.552,3,0,2,0,1,0.4892
2.79,4.91,7.88,9.47,14.36,27.95,47.53,3.16,23.89,29.4,50.6,5.7,1399.5,27.86,57.9,0.0013,0.0097,0.346,0.48,4,6,3,2,0,0.3635
0.82,1.8,3.04,3.89,4.55,10.58,16.34,1.11,8.32,21.0,47.7,11.6,3259.9,16.39,182.9,0.0117,-0.009,0.285,0.77,2,7,4,1,0,0.0116
2.28,5.07,8.09,9.76,14.52,22.36,26.12,2.54,17.2,17.3,62.9,13.6,593.1,22.12,4.2,0.0157,-0.0201,0.391,0.755,8,1,2,0,0,0.0892
0.27,0.56,1.16,1.55,2.38,4.22,4.94,0.35,3.12,7.9,43.2,10.1,4074.8,27.34,108.4,0.0573,-0.0829,0.294,0.4,6,1,2,1,0,0.0949
37.85,85.12,128.76,151.25,210.1,312.28,617.11,46.92,305.88,5.0,86.9,18.2,1933.2,14.65,336.1,-0.0549,-0.0257,0.95,0.711,0,0,4,0,1,1.0
0.13,0.36,0.73,1.0,1.55,2.14,2.57,0.14,1.72,12.8,14.9,20.1,1029.6,11.26,111.8,0.0285,-0.0555,0.251,0.372,1,6,1,0,0,0.0209
7.89,16.61,33.78,44.49,55.44,114.69,200.13,9.47,98.11,24.9,88.5,20.4,355.0,12.93,129.8,0.0378,0.0276,0.888,0.901,1,2,2,1,1,0.993
15.68,43.82,86.74,140.46,178.05,268.13,358.44,19.73,218.96,23.5,91.0,3.3,754.5,17.77,170.3,0.0493,0.0496,0.95,0.529,0,3,3,0,1,1.0
0.51,1.4,2.04,3.12,4.02,7.77,15.34,0.52,7.19,21.9,72.0,19.8,2207.1,19.16,202.2,-0.0706,0.037,0.467,0.76,1,5,4,0,0,0.0127
2.51,6.06,9.48,14.96,23.65,30.6,47.65,3.51,27.84,17.8,54.1,7.8,1448.6,22.82,291.1,0.0127,0.0171,0.445,0.507,2,6,4,2,0,0.3092
3.68,8.89,15.66,22.61,25.67,36.31,49.95,5.01,30.55,21.8,100.0,2.9,3489.9,12.17,68.5,0.0858,-0.0426,0.565,0.266,0,4,3,2,0,0.4383
4.57,11.17,15.07,25.57,28.23,45.12,62.22,5.16,36.72,18.7,69.9,18.6,1838.2,27.76,313.8,-0.005,0.0103,0.505,0.388,0,4,3,1,0,0.8016
1.91,5.01,8.2,11.05,12.44,21.32,31.8,2.15,17.64,27.4,53.8,13.0,1082.2,45.81,272.7,0.0242,0.0396,0.467,0.246,0,5,4,2,1,0.9374
1.45,3.74,4.52,6.24,8.4,12.86,14.31,1.68,9.73,25.5,62.3,13.3,2611.2,13.42,260.2,0.039,-0.0293,0.241,0.63,0,5,2,0,0,0.0215
12.13,29.54,41.91,48.94,59.23,126.74,179.32,16.99,97.25,10.7,78.3,11.1,2983.1,59.05,31.2,-0.0513,0.0059,0.8,0.738,2,1,3,1,1,1.0
3.23,8.28,17.14,30.84,41.43,53.05,67.31,4.69,44.59,21.1,89.7,30.2,743.2,49.02,7.8,0.0917,-0.0073,0.645,0.354,1,7,1,2,1,1.0
0.75,1.55,1.87,2.66,3.63,6.97,13.85,0.82,6.48,7.8,70.0,15.7,745.6,19.13,213.8,0.025,0.0831,0.296,0.488,6,3,5,0,0,0.0096
0.03,0.07,0.11,0.2,0.26,0.32,0.45,0.03,0.29,29.7,77.3,4.8,202.2,17.47,310.7,0.026,0.0426,0.394,0.418,0,1,3,0,0,0.0165
3.02,8.04,17.12,29.05,38.46,91.41,114.63,4.14,64.97,11.7,82.1,12.7,3106.1,12.82,210.4,-0.0831,0.0305,0.626,0.515,6,2,3,0,1,0.7208
2.04,3.3,6.57,8.42,10.92,22.05,43.58,2.49,20.23,26.9,42.4,12.0,2804.8,29.94,76.8,0.0397,-0.0858,0.424,0.557,0,3,2,1,0,0.4449
0.54,1.36,1.84,2.67,3.37,7.04,8.42,0.72,5.04,18.7,64.3,27.3,2019.7,19.85,32.6,0.0253,0.0086,0.38,0.665,3,1,3,0,0,0.0177
0.05,0.12,0.18,0.28,0.35,0.74,1.27,0.07,0.62,10.8,62.7,10.0,3553.3,21.02,251.9,0.0812,-0.0078,0.346,0.246,1,4,2,0,0,0.0538
2.21,3.74,7.21,12.19,14.7,27.9,33.25,3.23,20.43,10.6,62.9,10.6,3393.5,11.41,259.8,-0.0156,-0.0082,0.44,0.71,4,0,1,1,0,0.1124
17.35,35.44,62.03,72.46,94.09,126.59,140.51,20.87,99.71,30.3,77.4,43.7,2479.2,30.39,62.1,-0.0494,-0.0782,0.66,0.364,0,6,4,3,1,0.9999
0.04,0.1,0.2,0.34,0.47,0.81,1.46,0.05,0.73,19.5,69.6,4.1,3653.3,16.69,10.1,-0.0341,-0.0544,0.335,0.467,7,1,4,0,0,0.0081
2.71,6.62,9.05,10.66,16.73,36.38,41.42,3.8,25.31,19.2,80.4,20.4,904.2,9.82,147.0,-0.0252,-0.0034,0.491,0.568,0,0,1,0,0,0.1397
2.39,5.73,8.99,12.72,18.6,46.08,68.04,2.84,35.04,1.7,76.6,16.1,514.5,18.29,209.8,-0.0559,0.0557,0.602,0.654,1,5,2,0,0,0.3775
1.46,2.48,4.85,8.26,12.85,20.56,36.02,1.53,18.64,29.9,61.7,16.5,1169.5,11.87,254.2,0.0645,-0.0295,0.431,0.298,2,0,2,1,0,0.1349
0.07,0.17,0.28,0.35,0.42,0.86,1.47,0.09,0.73,14.0,66.2,6.5,286.9,37.67,291.6,0.0664,-0.02,0.382,0.704,4,4,3,0,0,0.0602
4.32,7.23,13.48,15.26,18.68,46.29,52.01,5.93,31.11,20.5,64.1,33.3,2254.4,48.69,219.8,-0.0098,0.0891,0.351,0.806,7,1,2,0,1,0.8234
0.16,0.44,0.61,0.7,0.87,1.7,1.91,0.17,1.21,7.9,62.5,16.1,3936.9,18.59,39.9,-0.0196,-0.0148,0.305,0.477,2,6,3,0,0,0.014
1.91,3.24,6.01,7.4,11.72,26.33,37.56,1.93,20.07,22.1,65.6,17.3,213.3,32.95,245.7,-0.0908,-0.0064,0.402,0.687,4,0,2,1,1,0.3753
2.16,4.92,6.75,9.98,13.61,26.8,50.56,2.29,24.11,18.7,62.4,5.8,556.8,32.52,354.3,0.0348,-0.0058,0.419,0.968,3,0,2,1,1,0.2872
4.41,11.06,21.69,37.42,56.55,99.73,190.6,5.1,92.37,21.8,58.9,8.1,1926.6,1.69,326.0,0.0827,-0.0673,0.798,0.682,2,6,3,2,1,0.9361
4.42,6.68,11.63,18.56,27.97,58.16,89.51,5.22,46.71,15.6,71.4,8.0,3925.6,12.94,313.8,-0.0319,0.0286,0.619,0.854,3,0,5,1,0,0.1954
51.76,126.1,205.58,341.97,527.58,1224.98,1527.86,74.71,872.86,22.4,86.9,20.4,1362.0,20.34,108.8,-0.0058,-0.0326,0.95,0.906,0,6,5,1,1,1.0
28.03,50.21,63.8,81.19,97.66,216.56,382.9,35.22,184.05,7.4,93.9,18.7,2155.0,14.87,270.3,0.0217,-0.0015,0.95,0.402,2,4,4,2,1,1.0
0.79,1.38,2.57,3.51,4.78,11.17,15.55,1.14,8.35,18.6,96.4,28.9,222.5,12.34,306.4,0.0862,0.0222,0.455,0.63,4,0,1,0,0,0.0375
4.11,6.56,9.12,13.38,18.68,45.53,90.06,4.49,40.44,17.1,64.8,22.3,665.6,33.67,244.2,0.01,0.0971,0.532,0.671,2,2,2,0,1,0.8756
1.93,3.38,4.46,6.06,8.22,17.83,32.12,2.68,15.36,28.6,65.1,14.6,4144.5,14.53,90.2,0.0098,-0.0659,0.393,0.439,5,0,3,1,0,0.065
3.65,8.36,11.34,18.44,28.16,64.48,76.55,3.81,45.11,16.3,62.5,21.7,4055.2,22.85,343.4,0.009,0.0432,0.464,0.646,4,1,2,2,0,0.7472
0.37,1.03,1.43,2.54,3.98,6.14,11.11,0.52,5.71,16.1,73.1,1.9,70.5,32.13,162.3,-0.0713,0.0434,0.378,0.46,5,1,2,0,0,0.179
27.66,61.89,116.65,191.12,231.37,325.04,604.09,32.82,313.26,17.0,84.3,4.4,4000.0,38.83,46.7,-0.0723,-0.0319,0.95,0.453,0,2,5,0,1,1.0
20.42,46.69,78.76,138.47,156.33,265.85,386.49,27.26,217.8,18.7,90.9,6.4,2702.3,9.85,39.5,-0.0404,0.03,0.95,0.507,1,7,1,2,1,1.0
0.11,0.22,0.37,0.66,0.97,1.56,1.89,0.16,1.2,6.0,45.7,4.5,3651.9,10.39,233.1,0.0506,0.0822,0.263,0.623,0,0,4,1,0,0.0055
2.76,4.27,7.11,9.42,12.76,22.17,34.85,3.87,18.72,16.9,33.2,1.5,1937.2,21.49,157.6,-0.0168,-0.0382,0.365,0.729,8,1,1,2,0,0.2784
3.09,7.56,12.19,18.66,29.29,40.54,72.16,3.41,38.43,16.7,67.9,16.5,2189.7,4.87,34.0,-0.0265,0.0121,0.605,0.447,1,2,2,2,0,0.3645
3.74,5.98,10.26,16.8,24.43,42.68,85.27,5.06,40.54,9.3,54.2,28.1,2078.7,10.71,266.5,-0.0274,0.0202,0.542,0.584,2,0,3,0,0,0.2448
0.79,1.92,2.61,4.0,5.03,11.39,21.82,0.93,10.06,26.5,32.6,2.3,2817.5,35.61,287.8,-0.0069,0.0267,0.264,0.683,1,3,2,2,0,0.1914
0.94,2.43,3.61,5.48,7.48,9.47,18.24,1.25,9.55,25.7,45.2,35.4,629.6,26.62,261.1,0.0851,0.0385,0.254,0.691,0,2,5,1,0,0.0189
0.32,0.57,0.74,1.0,1.55,2.38,4.21,0.33,2.19,8.5,67.4,13.5,174.4,17.77,72.8,-0.0076,0.0083,0.301,0.615,1,6,3,0,0,0.0109
0.87,2.19,4.46,6.56,10.0,17.14,30.83,0.88,15.49,25.7,58.8,7.8,1327.9,24.53,248.3,-0.0393,0.0257,0.414,0.757,0,3,3,1,0,0.0763
0.25,0.68,1.51,2.02,2.69,5.26,7.5,0.37,4.13,18.1,79.7,19.7,2974.4,27.6,3.9,0.0013,-0.0456,0.367,0.586,2,1,3,1,0,0.0514
1.44,3.21,6.11,7.69,9.31,16.44,19.97,2.12,12.36,17.6,52.1,3.4,887.7,7.77,109.8,0.0878,0.0082,0.348,0.427,7,3,4,0,0,0.0137
0.02,0.05,0.06,0.09,0.1,0.12,0.25,0.03,0.13,15.9,47.5,5.0,2844.7,14.38,143.6,-0.0251,-0.0238,0.208,0.53,3,4,4,0,0,0.0048
0.84,1.86,3.11,4.29,5.09,10.32,11.58,1.23,7.26,22.5,86.2,7.4,4075.1,38.13,300.7,-0.0591,-0.0615,0.438,0.964,3,4,2,0,0,0.1244
6.27,15.98,19.28,23.16,30.59,65.05,102.16,8.06,52.51,14.7,50.7,27.9,439.7,21.7,140.5,-0.025,-0.0255,0.577,0.514,2,1,4,1,0,0.777
7.79,17.92,26.45,38.14,55.62,75.04,126.95,10.0,69.97,12.3,52.6,13.6,2841.3,22.4,4.1,0.0064,0.0135,0.642,0.464,4,2,3,1,1,0.9877
33.82,75.55,96.73,149.53,177.32,216.02,335.42,46.24,199.92,28.6,93.5,5.0,1891.6,18.61,126.8,0.0344,0.0218,0.95,0.692,6,2,3,1,1,1.0
0.53,1.08,1.75,2.05,2.96,5.68,8.85,0.74,4.67,20.2,36.8,19.9,3652.8,5.83,179.6,0.0503,-0.0634,0.265,0.582,7,1,1,0,0,0.0121
7.88,12.09,19.72,29.03,36.35,84.59,129.18,8.82,66.17,22.6,88.8,20.2,785.2,13.29,341.6,-0.0523,-0.0469,0.725,0.697,0,1,2,2,1,0.9371
0.06,0.09,0.13,0.15,0.21,0.46,0.75,0.08,0.38,30.9,56.7,30.7,2924.4,23.75,338.8,-0.0475,0.0362,0.366,0.502,5,4,3,1,0,0.0322
2.74,5.93,12.04,20.46,27.48,50.9,77.33,3.86,41.67,20.2,82.9,7.3,3528.2,14.58,65.1,-0.0162,0.0254,0.592,0.53,1,0,2,0,0,0.5054
0.93,2.17,4.26,5.91,9.08,15.02,24.21,1.01,12.99,21.2,54.2,17.4,3970.1,10.07,66.7,0.0342,0.0444,0.397,0.587,2,1,2,2,0,0.0538
0.13,0.22,0.44,0.56,0.88,1.08,1.26,0.17,0.89,22.5,41.2,2.6,2885.5,10.92,58.8,-0.063,0.0684,0.322,0.913,1,0,2,0,0,0.0053
9.04,21.53,37.6,51.29,66.29,147.06,213.8,12.4,113.42,12.2,86.3,8.3,2113.3,38.54,284.0,-0.0304,0.0269,0.86,0.689,3,0,2,1,1,1.0
1.58,3.44,4.15,6.46,8.3,12.42,24.3,2.04,12.08,15.6,69.6,8.9,2614.1,14.12,2.2,-0.0296,-0.0207,0.366,0.269,2,1,3,0,0,0.0468
0.72,1.7,3.61,5.18,7.28,18.1,28.73,0.83,14.26,16.8,76.4,3.3,3656.0,34.57,45.8,0.0471,0.0057,0.358,0.814,0,4,3,0,0,0.0802
9.89,21.62,45.81,69.72,86.92,112.43,221.35,11.29,113.87,27.5,86.6,25.5,2418.0,22.46,193.7,0.0264,0.083,0.886,0.863,4,7,1,1,1,1.0
2.9,5.96,10.39,15.77,21.96,51.73,73.4,4.31,38.97,28.2,93.0,19.7,176.1,16.64,89.1,0.0452,0.1382,0.548,0.655,2,2,2,0,1,0.3829
2.83,5.4,11.35,18.01,23.52,35.77,41.53,4.01,27.56,23.0,42.8,11.4,3913.4,11.99,33.2,0.0669,0.0232,0.381,0.177,0,1,2,1,0,0.32
1.03,1.76,2.58,4.53,6.06,14.37,16.06,1.16,9.73,22.2,62.6,14.2,2911.5,27.0,129.6,-0.0153,0.0268,0.385,0.518,2,4,3,3,0,0.1738
40.72,65.64,112.71,175.49,262.46,463.75,887.24,57.25,429.61,12.7,84.5,3.2,2857.5,32.38,98.7,-0.0594,0.0363,0.95,0.606,2,0,3,2,1,1.0
0.17,0.45,0.85,1.04,1.2,1.8,2.46,0.2,1.48,13.9,38.9,6.5,945.1,28.38,184.0,-0.059,0.0012,0.302,0.772,0,0,1,0,0,0.0462
0.45,0.99,1.68,2.39,2.8,3.76,5.02,0.66,3.17,3.4,60.6,9.9,2784.4,8.31,352.5,-0.0919,0.0582,0.326,0.789,0,1,1,1,0,0.0142
31.68,88.21,180.77,222.96,258.06,351.64,671.41,44.46,346.09,23.3,98.7,12.2,1684.5,14.1,44.7,-0.0229,0.0504,0.95,0.388,8,2,2,2,1,1.0
0.79,2.06,3.59,4.29,6.05,14.68,18.33,1.12,10.37,16.1,78.1,4.6,2752.6,15.1,134.2,-0.0192,0.0177,0.367,0.842,5,4,4,0,0,0.0086
0.21,0.35,0.48,0.78,1.2,1.89,2.82,0.22,1.6,7.5,38.2,19.7,492.4,5.04,335.5,0.0394,-0.0159,0.26,0.451,0,6,2,0,0,0.0074
0.25,0.66,1.34,1.62,2.51,6.2,12.11,0.26,5.46,21.0,32.9,2.5,2780.1,24.4,315.7,0.0008,-0.076,0.333,0.342,2,2,3,1,0,0.0651
1.85,4.63,8.83,14.54,19.8,45.18,75.55,2.6,37.11,28.1,84.0,5.2,4197.6,26.27,141.9,-0.0245,0.0366,0.561,0.415,2,2,2,1,1,0.8691
1.73,4.82,8.26,12.1,17.24,37.25,73.27,2.12,33.66,21.1,33.2,10.5,250.1,25.79,251.6,-0.0058,0.0106,0.429,0.809,2,0,2,0,0,0.3136
1.91,5.08,8.63,12.05,17.42,37.17,48.97,2.81,27.63,21.5,32.1,31.6,4105.3,23.56,31.6,-0.0519,-0.0369,0.429,0.401,2,2,5,1,1,0.1558
12.27,24.1,45.57,77.98,103.75,244.6,331.81,16.5,180.42,21.5,79.6,4.8,1738.7,15.85,256.5,0.0513,-0.0565,0.95,0.81,0,6,4,1,1,1.0
4.87,11.37,21.2,36.68,52.31,78.13,133.49,5.69,71.21,28.7,64.4,7.9,3663.6,11.71,350.2,-0.0393,0.0331,0.655,0.774,1,1,3,1,1,0.8573
1.49,3.46,5.06,6.33,8.08,19.19,38.25,1.68,17.19,21.7,92.7,12.1,3296.9,15.82,193.5,-0.057,-0.0801,0.491,0.603,0,0,2,2,0,0.1461
0.85,2.32,4.53,7.52,10.64,18.97,32.45,1.25,16.58,27.5,23.7,6.6,2403.1,22.56,179.5,0.0409,0.015,0.364,0.669,2,1,3,0,0,0.054
2.25,3.88,7.98,12.16,16.4,35.74,62.59,2.43,30.32,25.0,59.7,9.6,3114.6,36.25,67.4,0.0287,0.0422,0.499,0.857,6,2,3,0,0,0.4351
29.33,60.81,87.34,126.41,149.22,332.25,419.88,37.46,240.26,-0.0,92.2,2.6,3695.8,19.85,228.2,-0.0862,0.0275,0.95,0.363,8,2,2,0,1,1.0
0.29,0.64,1.06,1.34,2.05,4.69,8.6,0.33,4.04,20.3,44.3,2.3,1727.2,19.47,212.6,0.0428,-0.0195,0.204,0.568,7,2,3,0,0,0.0125
2.28,3.44,5.18,8.6,10.61,18.93,33.05,3.31,16.71,18.2,67.2,15.6,1407.2,5.37,234.7,-0.0371,-0.0625,0.398,0.391,8,4,1,1,0,0.0798
2.78,4.7,6.48,11.12,12.81,19.59,29.77,4.16,16.82,29.0,74.8,11.8,2820.5,23.37,9.4,-0.0187,0.0294,0.424,0.611,0,2,1,1,1,0.355
0.06,0.14,0.17,0.28,0.43,0.99,1.6,0.07,0.8,17.4,54.2,17.7,3402.6,37.63,197.5,0.0094,0.06,0.237,0.714,3,3,1,2,0,0.161
12.17,25.72,52.2,67.5,103.43,132.54,220.18,12.55,124.38,12.9,80.6,2.7,3213.5,17.85,214.2,0.0293,-0.0286,0.883,0.893,1,5,4,2,1,0.9997
0.43,0.79,1.13,1.29,1.45,2.83,3.32,0.64,2.05,35.1,27.5,17.5,3360.9,17.1,74.7,0.0223,0.0253,0.296,0.567,5,5,1,1,0,0.0394
4.06,7.1,12.97,18.61,29.19,64.12,126.45,4.94,57.86,20.3,65.1,17.1,1857.7,15.27,75.0,-0.0025,0.0791,0.623,0.845,4,0,5,0,0,0.333
14.15,35.11,57.47,74.01,84.01,196.52,324.17,17.28,159.57,23.5,84.6,13.9,3444.0,27.49,99.4,-0.0212,0.0169,0.95,0.473,2,3,2,3,1,1.0
1.61,3.46,5.9,7.9,9.52,12.91,20.68,1.94,11.73,11.3,66.9,18.8,548.9,5.19,256.2,0.0206,-0.0198,0.501,0.44,2,3,1,0,0,0.0373
4.13,7.75,13.44,17.89,19.74,35.64,56.55,4.76,29.96,22.4,94.1,7.6,2309.6,34.59,218.3,-0.0059,0.052,0.529,0.704,1,0,4,0,1,0.4407
0.19,0.38,0.68,0.85,0.94,1.98,3.92,0.2,1.81,16.7,50.0,9.5,73.9,16.68,304.5,0.0903,-0.0369,0.304,0.522,1,4,2,0,0,0.0179
2.17,5.42,10.81,19.34,22.1,52.6,100.9,3.08,46.11,10.9,31.5,23.5,1397.0,23.6,106.4,0.0293,-0.0649,0.601,0.237,8,0,2,0,1,0.9469
0.47,0.94,1.3,2.2,3.4,6.87,9.09,0.53,5.18,21.2,72.3,19.5,1570.8,28.63,328.3,-0.0462,0.0406,0.423,0.789,5,4,2,0,0,0.0576
1.77,3.56,5.38,6.23,7.03,10.62,12.01,2.18,8.12,20.4,35.8,41.5,1694.1,10.83,267.7,-0.0239,-0.0203,0.261,0.687,0,0,2,0,0,0.0154
0.43,0.94,1.23,2.07,3.05,4.21,7.53,0.48,4.0,17.4,52.8,31.4,2936.2,18.79,142.2,0.0024,-0.0158,0.3,0.794,1,3,3,0,0,0.0098
0.75,1.18,2.23,2.5,3.46,5.99,7.81,0.75,4.66,14.4,72.4,9.2,1662.5,16.47,34.3,0.065,-0.0313,0.374,0.662,0,0,3,1,0,0.0186
0.6,1.46,2.21,3.72,5.56,7.9,9.71,0.76,6.35,21.1,48.7,3.1,1912.1,9.28,92.5,0.0706,-0.0236,0.279,0.515,8,1,2,0,0,0.0146
1.39,2.25,4.48,5.54,8.4,17.74,35.47,1.52,16.24,22.2,44.8,21.3,1035.8,32.24,344.4,-0.0198,0.0702,0.357,0.525,6,0,2,0,1,0.2748
1.46,3.87,7.46,10.66,13.97,26.34,38.53,1.71,21.11,15.6,73.1,2.7,1599.0,15.72,111.7,-0.0467,0.0831,0.467,0.709,2,1,1,0,0,0.1271
1.11,2.44,3.03,4.01,4.71,7.16,12.66,1.23,6.6,26.0,60.7,14.7,993.2,9.04,118.8,-0.0531,0.0897,0.427,0.573,3,7,4,0,0,0.0077
0.24,0.66,0.86,1.29,1.42,2.85,3.95,0.31,2.2,15.6,52.3,6.9,353.8,19.43,68.3,0.0126,0.0545,0.321,0.685,3,0,5,1,0,0.0069
8.54,17.28,31.15,44.0,67.95,89.89,100.93,12.11,71.49,11.0,93.0,30.6,2554.3,7.5,290.5,0.1152,0.0233,0.736,0.805,1,2,4,0,1,0.7907
0.41,1.14,2.17,2.44,3.34,6.75,8.82,0.42,5.06,22.4,58.4,11.7,2823.1,14.58,99.2,0.027,-0.0716,0.325,0.722,6,3,2,1,0,0.0196
0.84,1.92,3.02,4.9,6.65,13.76,16.04,0.89,9.78,16.9,28.7,7.8,2620.9,22.31,118.9,-0.0797,-0.0094,0.308,0.397,2,0,5,1,0,0.0259
6.29,10.45,14.63,21.02,30.91,37.77,45.75,7.92,31.7,24.0,44.2,23.2,1973.5,6.99,149.2,-0.0363,0.1078,0.392,0.733,0,0,3,0,0,0.0996
2.8,6.25,8.49,10.59,13.38,27.73,50.41,3.14,24.22,-4.0,77.2,4.8,1626.1,26.56,156.1,-0.0312,-0.0218,0.429,0.577,2,0,4,0,0,0.1358
0.48,0.76,1.09,1.65,2.64,4.28,8.27,0.69,4.06,14.5,48.1,7.8,3632.8,19.99,148.1,-0.0411,0.0757,0.321,0.586,3,3,3,1,0,0.0242
0.37,0.77,1.05,1.29,1.78,2.25,4.42,0.49,2.29,12.9,50.7,3.7,2204.2,28.72,181.3,-0.0194,0.0028,0.354,0.382,2,6,3,2,0,0.1114
1.26,2.99,4.55,6.73,7.64,13.4,19.54,1.74,10.91,23.4,65.7,1.7,2038.6,28.55,293.2,0.0185,-0.1339,0.398,0.633,3,4,3,1,0,0.104
0.14,0.23,0.39,0.54,0.64,1.07,1.46,0.19,0.86,14.5,67.4,30.2,156.4,14.29,294.9,0.0341,0.032,0.41,0.973,5,7,2,2,0,0.0141
0.98,1.68,3.16,4.65,5.81,12.28,22.29,0.99,10.68,6.3,75.1,7.2,1466.2,14.52,287.4,0.0546,0.0633,0.436,0.618,4,2,2,1,0,0.0482
0.91,2.27,4.69,7.04,8.29,17.43,26.51,1.33,13.89,9.1,58.7,9.3,1627.8,24.54,36.4,0.0262,-0.0024,0.42,0.492,3,7,4,1,0,0.0761
7.69,14.26,27.45,31.0,48.17,84.94,156.26,11.21,77.16,6.7,72.4,4.5,1705.1,9.81,287.9,-0.0977,0.0617,0.764,0.689,2,1,1,0,1,0.9718
0.05,0.13,0.23,0.36,0.48,0.99,1.83,0.05,0.87,20.7,53.9,16.1,2457.7,9.85,43.3,-0.0529,-0.0834,0.303,0.276,1,2,1,0,0,0.0226
3.13,7.2,14.31,18.74,24.54,56.74,111.57,3.19,50.67,18.4,75.7,29.5,2264.5,13.15,44.9,-0.0079,-0.0693,0.595,0.46,2,1,2,2,1,0.7791
4.08,9.03,18.99,25.41,37.53,47.85,67.11,4.42,41.87,13.9,85.1,23.5,2572.8,7.94,341.2,0.0074,0.0102,0.513,0.655,1,0,2,1,1,0.3527
1.56,3.15,4.5,7.39,11.18,15.59,21.04,2.32,13.07,13.6,36.0,14.0,3224.3,8.97,295.0,0.0431,0.0239,0.376,0.514,6,4,3,0,0,0.0218
22.2,60.99,111.15,136.38,167.9,303.52,482.0,28.34,255.14,2.3,87.7,6.1,3423.9,9.17,198.9,0.0022,0.0678,0.95,0.328,6,0,3,0,1,1.0
43.33,100.17,123.99,165.74,186.24,427.2,656.95,52.87,336.22,23.9,84.2,2.7,3030.2,15.76,315.0,0.0025,0.0319,0.95,0.32,0,3,4,0,1,1.0
1.72,2.76,6.05,6.94,8.13,15.11,29.54,2.5,14.01,20.6,75.4,10.3,4015.4,15.34,356.2,0.0119,-0.0597,0.439,0.761,4,2,1,1,0,0.0917
2.05,4.16,8.55,15.19,23.24,33.42,46.71,2.81,28.17,23.4,59.4,36.7,125.7,31.03,219.8,-0.0128,0.0107,0.327,0.664,3,0,2,0,0,0.3722
1.76,2.91,4.57,5.76,7.53,18.32,32.11,1.8,15.24,15.5,25.6,5.5,862.5,15.92,220.6,0.0043,0.03,0.347,0.642,7,1,3,0,0,0.0293
0.12,0.31,0.56,0.95,1.15,1.72,2.45,0.18,1.45,21.9,66.4,17.7,81.4,18.0,271.6,0.0563,-0.0937,0.34,0.708,2,1,2,0,0,0.0146
2.32,4.23,7.37,11.22,17.88,40.71,45.35,3.32,27.77,19.2,52.9,3.2,2737.0,44.11,83.6,-0.0042,-0.0022,0.458,0.593,3,7,4,2,1,0.7884
9.76,14.84,30.34,42.5,51.39,128.43,149.54,11.8,87.48,29.0,85.2,22.5,3776.8,3.69,60.2,-0.0015,-0.0168,0.824,0.464,2,3,3,3,1,0.9676
0.46,1.28,2.14,3.23,4.84,9.66,11.89,0.47,7.08,20.5,89.9,24.2,1060.5,21.16,273.4,-0.0017,-0.0327,0.425,0.473,0,2,2,4,1,0.228
0.75,1.58,2.1,3.14,5.02,7.29,10.69,1.03,6.25,14.9,57.8,31.2,3897.2,16.69,124.2,0.0649,0.0249,0.313,0.516,0,0,1,0,0,0.0463
1.63,2.51,4.22,6.41,7.5,13.87,23.81,1.69,12.05,14.7,73.4,5.3,300.1,22.33,48.6,-0.0554,-0.0575,0.256,0.702,0,1,4,1,0,0.0257
1.25,2.61,3.45,4.61,6.64,13.83,19.89,1.48,10.75,19.8,15.9,6.7,3927.9,13.64,113.4,0.0888,0.0208,0.325,0.412,1,0,2,1,1,0.0546
1.83,3.39,6.8,11.7,17.74,24.49,44.85,1.87,23.55,13.9,39.5,24.1,1509.2,15.86,129.1,-0.0588,0.028,0.319,0.869,1,4,3,2,0,0.0777
1.61,3.94,5.38,8.86,13.83,34.15,66.5,2.07,30.0,8.5,47.7,18.0,470.9,35.37,347.5,-0.0327,0.0542,0.495,0.836,3,0,3,0,0,0.3988
1.81,2.73,4.29,7.66,9.55,23.35,45.16,2.15,20.47,11.5,47.9,9.3,2066.4,24.36,251.3,0.0372,-0.0562,0.452,0.758,3,2,5,0,0,0.0364
0.53,0.89,1.16,1.96,2.23,4.14,4.65,0.76,2.98,14.6,55.6,7.5,1115.6,16.31,191.1,0.0515,-0.0753,0.291,0.389,7,3,1,0,0,0.0415
1.73,3.39,5.36,7.25,8.12,18.36,20.5,2.23,12.56,25.6,62.7,10.5,1232.2,11.87,348.8,-0.0702,0.0139,0.391,0.262,1,1,1,0,0,0.0993
8.35,16.83,36.41,48.16,61.59,153.21,273.62,11.12,128.26,11.5,88.3,8.8,1325.3,9.79,325.1,-0.0546,-0.0143,0.95,0.626,6,3,1,0,1,0.9997
0.09,0.18,0.39,0.55,0.65,1.35,2.24,0.09,1.12,16.7,83.4,12.1,3382.6,14.14,184.3,0.0139,0.1451,0.34,0.591,3,4,3,0,0,0.0084
6.1,11.95,21.08,24.07,30.85,60.58,83.39,8.59,46.79,16.8,84.5,11.1,2287.5,17.15,326.0,0.1172,0.0229,0.539,0.639,2,0,1,0,1,0.7844
0.07,0.15,0.27,0.38,0.58,1.16,2.24,0.11,1.06,16.4,65.1,20.5,1341.9,44.02,145.5,0.0623,0.0029,0.235,0.871,3,3,3,0,0,0.0333
2.11,4.49,6.97,7.83,9.52,18.01,20.59,2.89,12.98,30.7,64.6,8.6,2582.9,20.33,83.0,-0.0124,-0.0086,0.394,0.705,3,3,3,3,0,0.1035
39.23,106.39,150.06,183.14,254.83,605.57,805.02,40.66,441.84,20.5,86.3,22.3,3022.0,12.73,83.8,-0.121,-0.0609,0.95,0.947,0,1,3,0,1,1.0
0.57,1.25,1.85,2.45,3.88,5.36,7.19,0.81,4.5,3.5,65.9,18.5,1181.4,3.71,238.4,0.0041,0.0282,0.346,0.597,4,0,2,0,0,0.0075
1.07,2.21,2.83,4.39,5.66,10.33,12.33,1.47,7.65,5.9,82.2,25.6,1766.2,11.67,180.4,0.0181,-0.004,0.338,0.756,3,1,3,0,0,0.0097
3.75,5.86,9.64,17.18,20.74,25.29,40.65,4.11,23.74,21.4,43.4,3.8,555.8,14.15,237.2,-0.0191,-0.0039,0.416,0.68,8,6,5,1,0,0.0486
2.88,4.88,6.28,7.62,11.98,28.26,35.0,3.15,20.01,8.3,33.5,16.8,801.8,21.41,247.0,-0.0425,0.0047,0.335,0.766,6,1,1,0,0,0.1282
0.68,1.7,2.67,3.12,4.34,6.97,11.8,0.98,6.21,21.7,77.0,19.9,2876.6,14.46,8.0,0.008,0.0111,0.368,0.817,3,0,3,2,0,0.0193
0.74,2.02,4.15,7.26,8.18,14.84,25.47,0.78,12.94,19.7,63.6,41.6,803.0,45.1,19.5,-0.0471,-0.087,0.476,0.576,3,0,3,1,1,0.7259
3.3,6.59,10.48,15.17,17.67,35.87,60.36,3.33,30.24,16.9,80.8,9.2,2229.4,16.48,191.8,0.0936,0.0419,0.512,0.368,7,0,2,0,0,0.3708
21.15,58.17,95.14,145.42,202.2,274.62,486.14,23.9,260.96,13.9,86.5,18.2,2992.5,31.58,68.8,0.0758,-0.0423,0.95,0.638,7,0,2,0,1,1.0
1.6,3.08,5.32,5.92,7.95,17.31,34.53,1.96,15.74,19.5,53.8,28.7,493.5,6.6,227.7,0.0329,-0.0069,0.404,0.362,4,2,4,1,0,0.0258
17.75,48.6,73.6,97.78,129.46,240.78,439.57,22.23,215.4,13.1,80.2,19.5,2404.3,18.23,198.8,0.0045,0.0643,0.95,0.835,4,1,3,1,1,1.0
1.94,4.44,5.69,8.27,11.36,14.61,22.11,2.57,13.16,14.8,40.1,9.0,1114.7,11.75,210.9,-0.033,0.089,0.389,0.866,0,4,1,0,0,0.0346
2.47,3.79,7.44,9.54,12.22,17.08,23.26,3.56,14.36,12.7,61.9,27.3,4046.1,32.04,108.9,-0.001,-0.085,0.411,0.578,4,5,5,0,0,0.0707
0.58,0.93,1.34,2.22,3.37,6.64,8.61,0.82,4.99,22.6,68.3,7.9,2056.7,15.01,230.3,0.082,0.0015,0.39,0.759,1,2,3,1,0,0.0145
1.61,4.47,6.02,9.17,14.43,25.42,47.24,2.3,23.22,18.1,61.8,9.1,3394.9,35.89,298.6,0.0434,0.0136,0.567,0.734,2,5,2,1,1,0.78
1.18,2.23,2.87,5.08,6.39,15.22,27.47,1.22,12.91,17.8,68.6,12.5,2333.4,26.37,359.3,0.0102,-0.0754,0.425,0.765,2,2,3,0,0,0.0533
0.16,0.25,0.47,0.74,1.06,2.2,2.64,0.17,1.58,23.0,84.0,14.3,230.2,13.89,301.8,0.0462,0.0401,0.34,0.444,1,3,2,1,0,0.0246
0.51,0.82,1.0,1.21,1.56,3.07,5.99,0.63,2.81,6.8,81.9,6.3,2677.6,9.67,200.7,0.0273,0.0058,0.401,0.834,1,0,2,0,0,0.0074
0.2,0.43,0.77,1.13,1.33,2.85,4.49,0.22,2.3,10.4,45.0,11.1,3998.3,12.17,69.6,0.0198,0.0097,0.3,0.169,5,0,1,2,0,0.0793
2.44,4.39,6.79,8.21,9.89,18.47,22.28,3.44,13.65,11.9,39.4,12.4,2546.7,15.87,245.3,0.049,-0.0459,0.338,0.659,4,0,2,0,0,0.0446
1.8,4.48,7.64,13.01,15.88,28.99,57.11,2.59,27.09,18.9,47.5,17.8,3449.6,26.28,337.6,0.0259,0.0206,0.393,0.57,2,1,5,2,0,0.1748
2.44,6.46,13.61,18.12,24.39,60.3,88.97,3.01,45.86,7.3,60.4,21.7,3719.5,18.58,76.3,0.0429,0.0419,0.592,0.575,3,4,2,1,1,0.7097
1.54,3.03,3.64,5.12,6.31,14.94,22.81,2.04,11.64,15.1,48.9,12.0,996.5,28.81,92.2,0.0081,0.0064,0.356,0.677,8,0,2,1,0,0.141
1.1,2.64,4.84,8.27,11.23,16.08,27.7,1.22,14.88,27.4,83.7,15.0,930.0,37.35,53.6,-0.0127,-0.0257,0.384,0.872,2,0,3,0,1,0.1184
0.97,2.36,4.95,6.36,7.0,10.25,14.46,1.25,8.63,12.9,51.1,36.8,2585.6,19.13,265.2,-0.0274,-0.0218,0.359,0.695,2,6,4,1,0,0.0197
0.61,1.3,1.88,2.67,3.35,5.18,5.89,0.82,3.94,14.9,52.2,10.0,1755.8,10.33,146.4,-0.0334,0.011,0.389,0.861,2,3,2,1,0,0.0116
3.13,5.75,7.57,12.48,16.16,34.74,59.03,3.7,29.1,30.1,74.9,33.1,3535.4,22.89,22.6,-0.0803,0.0024,0.521,0.808,6,2,4,1,0,0.1566
0.94,2.34,3.72,4.26,6.01,14.53,20.68,1.23,10.91,8.4,59.7,13.0,3785.1,47.7,315.0,-0.0456,0.0452,0.371,0.921,2,0,2,0,0,0.3123
0.36,0.57,1.22,1.58,1.77,2.42,4.03,0.37,2.23,6.8,49.6,14.2,1516.7,29.67,200.8,-0.047,-0.024,0.274,0.769,8,5,2,0,0,0.0295
2.06,3.31,5.91,6.96,10.87,27.1,48.53,2.87,22.71,15.3,51.2,20.4,1033.0,21.96,119.2,-0.0254,-0.0609,0.429,0.663,1,0,2,0,0,0.1637
0.62,1.02,2.19,3.55,4.46,7.23,8.17,0.79,5.41,20.2,35.6,29.3,3289.2,11.16,123.8,0.0781,0.018,0.227,0.803,0,3,1,2,0,0.0254
4.01,7.66,11.27,13.55,18.26,30.08,50.6,4.11,26.56,16.5,94.0,6.0,1190.4,16.81,104.5,-0.0079,-0.0239,0.627,0.893,0,3,4,1,0,0.0955
2.35,4.43,8.52,15.09,21.84,41.34,76.27,2.88,37.05,31.9,38.6,3.5,3463.8,6.88,164.0,0.0121,0.0392,0.459,0.347,2,2,4,1,1,0.1475
35.89,68.66,101.28,138.39,177.73,235.59,261.82,46.7,186.56,16.8,89.3,34.7,1808.5,9.32,121.3,0.0137,0.0004,0.95,0.393,3,6,3,0,1,1.0
0.34,0.55,0.95,1.4,1.98,4.74,6.6,0.35,3.53,10.7,68.7,7.7,2820.3,23.15,197.3,0.0794,0.0327,0.401,0.493,2,0,2,0,0,0.0557
1.67,3.43,7.21,9.06,12.2,14.94,25.71,2.5,14.43,15.3,71.1,11.5,446.5,5.91,278.5,-0.0288,-0.0507,0.447,0.877,2,4,1,2,0,0.047
2.55,5.42,6.98,11.8,15.78,19.09,35.45,3.49,19.16,5.5,98.1,23.9,2639.0,15.42,242.8,-0.0111,0.0072,0.589,0.699,2,2,3,1,0,0.1041
0.77,2.03,3.03,3.84,4.58,11.28,19.46,0.87,9.29,17.8,80.7,10.2,1924.8,8.69,106.0,-0.0053,-0.035,0.365,0.451,4,3,1,0,0,0.0315
0.4,1.08,1.67,2.4,3.12,5.37,9.91,0.56,4.91,18.3,75.8,16.1,2484.4,9.61,190.3,0.0568,-0.061,0.35,0.433,4,7,2,1,0,0.0233
2.74,5.3,6.66,11.84,14.24,21.68,40.45,3.79,20.52,24.1,84.7,9.1,747.3,19.32,302.4,0.0672,-0.0431,0.594,0.457,3,2,1,1,1,0.6371
3.04,8.36,12.01,17.19,25.7,40.07,72.68,3.39,37.18,14.1,62.3,16.7,3108.0,12.18,24.6,0.0237,-0.0272,0.551,0.497,7,4,2,0,1,0.3456
0.89,1.89,2.38,3.46,4.04,7.44,10.32,1.24,5.85,9.9,81.7,11.5,3630.6,7.63,28.2,0.0616,0.0622,0.369,0.481,2,0,1,0,0,0.0219
1.68,4.35,6.5,11.07,12.42,29.35,38.65,1.75,21.35,20.8,84.7,5.6,949.5,13.61,200.2,0.0089,-0.0285,0.359,0.589,0,4,1,0,0,0.0965
1.83,2.76,3.39,5.84,7.57,16.44,25.2,2.45,13.06,17.8,74.4,8.5,447.2,7.46,230.1,-0.0086,-0.0636,0.398,0.551,1,4,2,0,0,0.025
1.02,1.64,2.04,3.25,3.6,5.12,8.28,1.34,4.61,23.5,69.7,15.9,148.1,34.74,76.1,0.0589,0.0066,0.383,0.782,1,7,3,0,0,0.0543
25.45,52.22,74.93,83.62,106.94,175.89,198.25,37.59,130.96,6.9,86.5,16.6,2714.2,27.05,268.3,0.0244,0.0015,0.862,0.669,2,6,2,1,1,1.0
0.56,1.13,1.78,2.86,4.26,7.46,14.29,0.74,6.93,4.6,74.9,8.7,2569.4,26.99,232.7,-0.0368,-0.0246,0.403,0.834,6,0,1,1,0,0.1138
0.33,0.69,1.11,1.8,2.69,6.7,9.61,0.39,5.02,10.2,44.9,24.3,2318.8,11.5,332.4,0.0499,-0.0081,0.284,0.594,4,2,1,0,0,0.019
0.24,0.45,0.7,0.94,1.22,2.7,3.36,0.31,1.94,11.9,74.6,8.4,1012.6,23.55,60.8,-0.0104,0.0488,0.31,0.166,1,6,1,0,0,0.1619
3.74,8.4,14.39,22.26,31.38,57.65,74.3,5.57,43.97,21.2,53.4,6.8,1672.3,20.87,270.5,-0.0165,0.0335,0.502,0.584,2,3,3,1,1,0.6125
2.05,5.03,10.64,13.71,19.34,29.43,40.59,2.19,24.28,8.8,61.5,21.9,2517.1,12.02,30.1,0.0447,0.0292,0.468,0.671,3,2,1,1,0,0.1742
4.13,6.91,11.46,15.22,20.05,28.12,40.07,5.51,24.06,21.5,52.2,28.2,2111.6,17.93,203.5,-0.0044,-0.0592,0.438,0.865,8,0,4,1,0,0.0757
2.16,4.79,6.22,8.4,11.51,16.37,31.48,2.97,15.99,6.4,83.3,35.7,4149.3,6.67,198.7,0.0194,0.1443,0.424,0.48,0,1,4,0,0,0.0187
0.73,1.32,2.49,4.26,6.01,9.81,13.92,1.02,8.04,18.1,60.2,2.9,616.2,9.83,139.8,0.0331,0.0526,0.425,0.904,2,3,4,1,0,0.0073
4.17,11.06,23.84,41.72,55.09,103.89,136.09,5.98,79.28,31.7,69.7,6.7,2934.8,17.66,304.0,-0.0391,0.0259,0.706,0.737,8,4,4,0,1,0.9026
1.33,3.57,4.98,7.99,12.57,17.87,25.87,1.77,15.33,29.2,49.3,24.6,1727.9,14.07,1.6,0.0192,-0.0582,0.298,0.616,7,2,3,0,0,0.0273
4.1,9.95,13.87,17.07,26.15,56.37,71.03,5.15,41.01,30.1,56.7,15.8,1827.0,22.45,187.3,0.0675,0.0474,0.401,0.789,1,0,4,0,0,0.2051
32.17,55.23,80.16,127.54,185.07,447.16,687.39,39.38,348.41,13.9,87.2,11.0,3028.0,12.21,78.2,-0.0478,-0.0251,0.95,0.628,0,3,3,1,1,1.0
0.7,1.91,2.39,3.06,4.23,7.97,15.44,0.8,7.33,30.4,58.5,26.8,2923.6,15.27,267.7,0.0225,-0.0097,0.315,0.794,2,6,2,0,0,0.0156
0.71,1.74,3.48,4.18,6.04,10.12,17.94,1.03,9.13,22.2,64.7,18.7,4163.7,18.48,15.5,-0.0415,-0.084,0.312,0.425,5,2,4,0,0,0.0203
0.01,0.01,0.02,0.03,0.05,0.1,0.2,0.01,0.09,20.5,58.1,20.0,582.8,11.62,299.4,0.0511,-0.0621,0.275,0.228,1,6,3,0,0,0.011
1.77,3.98,7.86,13.62,15.77,33.09,65.52,2.52,30.17,11.1,45.9,18.2,482.1,15.12,301.7,0.0506,0.0219,0.446,0.255,6,1,1,0,1,0.4814
3.42,7.89,14.4,19.57,22.61,51.13,73.9,4.3,39.17,10.4,44.0,24.0,3056.0,20.79,299.8,-0.0177,0.0503,0.381,0.411,1,5,4,2,0,0.4333
3.75,8.52,11.18,17.32,22.33,53.89,68.06,3.98,38.3,9.5,86.0,7.4,2450.3,39.85,54.9,0.1105,0.0342,0.507,0.897,3,4,4,0,1,0.5264
2.39,5.25,9.17,14.9,23.42,38.51,64.99,3.24,34.07,14.4,58.1,13.8,1187.8,11.66,226.9,0.0553,0.0325,0.492,0.441,3,7,3,0,0,0.1826
1.39,2.21,4.24,7.19,8.4,11.49,19.57,1.8,10.7,17.9,82.8,4.0,379.6,14.11,5.2,0.0353,-0.0032,0.413,0.562,1,4,2,2,0,0.0776
0.73,1.28,1.6,1.8,2.45,5.82,9.78,0.76,4.76,21.7,51.3,2.7,405.5,29.52,305.3,0.0325,-0.0203,0.326,0.916,2,1,2,2,0,0.0598
12.36,33.52,54.33,78.95,95.75,137.74,246.65,12.45,129.61,23.8,95.8,10.8,3760.9,33.36,260.3,0.0492,0.0144,0.95,0.47,2,6,3,1,1,1.0
0.89,2.24,4.5,7.78,9.16,15.21,19.49,0.95,11.88,6.6,62.2,16.5,846.2,24.75,191.2,-0.0498,0.0411,0.387,0.55,4,3,2,1,0,0.1443
0.91,2.04,4.45,5.81,8.94,15.64,17.38,1.21,11.39,13.1,78.3,19.9,1392.0,32.91,263.0,0.0097,0.0002,0.402,0.726,0,0,4,2,0,0.1026
3.32,7.5,14.24,16.4,23.73,54.99,85.26,4.1,43.37,25.8,68.6,29.2,990.6,11.27,34.0,0.0192,0.0605,0.623,0.751,3,0,2,1,0,0.3822
0.17,0.31,0.47,0.64,0.91,1.79,2.21,0.17,1.32,14.7,48.4,9.9,1523.2,31.28,190.3,-0.02,-0.0108,0.316,0.419,3,1,2,0,0,0.0941
2.12,4.08,6.04,9.67,13.4,26.49,29.81,2.8,18.77,17.9,90.6,4.7,338.1,27.56,104.9,0.0232,-0.049,0.435,0.829,2,4,4,0,1,0.0574
4.78,7.98,14.25,25.42,37.11,81.7,123.64,5.8,64.32,12.6,80.8,9.9,2204.1,9.53,350.1,0.0616,-0.0005,0.667,0.364,6,3,1,1,1,0.9382
1.75,4.73,10.08,15.07,22.32,55.75,95.39,2.31,45.6,24.5,97.6,26.4,330.6,15.39,308.6,-0.0211,0.0053,0.609,0.458,3,2,4,3,0,0.5804
3.36,7.9,11.28,19.76,25.4,62.33,98.73,4.67,49.15,14.2,51.5,3.5,3371.5,4.37,264.0,-0.0027,-0.0041,0.577,0.798,3,0,5,1,0,0.1167
4.25,7.86,11.24,19.73,25.58,35.04,39.55,4.3,27.6,24.0,26.5,15.0,1019.9,19.97,336.1,-0.041,0.064,0.333,0.851,2,2,2,0,1,0.1378
2.41,5.85,10.01,16.72,20.04,49.7,63.36,2.48,35.28,25.7,93.9,4.4,2291.0,30.99,124.9,-0.0893,0.0403,0.572,0.805,3,0,5,2,0,0.3525
2.88,7.52,13.36,18.86,28.88,61.85,91.94,3.96,48.55,-0.9,73.0,4.9,3702.3,13.69,324.3,0.0389,-0.0715,0.584,0.57,0,2,3,1,0,0.5106
60.16,145.06,309.97,499.43,583.01,1181.85,2168.31,61.74,1041.59,27.1,90.5,11.0,2751.1,10.22,117.1,-0.0013,0.0767,0.95,0.791,5,7,2,0,1,1.0
0.25,0.47,0.72,1.25,1.72,2.95,4.04,0.32,2.35,24.7,39.3,14.6,2261.8,9.79,263.8,0.0024,-0.1371,0.325,0.805,0,5,2,0,0,0.0067
3.59,6.41,10.43,17.69,19.72,49.1,91.8,5.03,42.13,28.5,37.7,29.1,1396.0,18.33,265.1,-0.0493,0.1076,0.434,0.579,3,1,4,0,1,0.247
4.25,6.96,10.84,16.21,21.95,35.34,65.5,4.38,32.89,11.8,65.8,12.0,1432.0,24.64,6.6,-0.0093,-0.0144,0.437,0.832,3,2,3,2,1,0.3771
0.76,1.53,2.96,5.08,7.77,18.9,31.41,1.01,15.3,19.0,47.8,35.1,2828.4,40.29,130.0,0.0548,-0.0095,0.392,0.737,1,2,2,0,0,0.3539
0.09,0.26,0.4,0.67,1.05,1.75,3.25,0.1,1.62,17.5,82.4,26.5,4175.7,4.1,7.0,0.0,-0.003,0.387,0.609,0,0,2,2,0,0.0115
4.31,7.58,12.39,14.75,22.44,31.07,52.52,5.83,28.75,14.3,83.1,24.0,2796.6,37.74,359.0,0.0015,0.0193,0.485,0.438,0,7,3,0,1,0.8577
2.81,5.97,9.34,12.11,17.95,36.23,46.02,3.92,26.84,28.5,40.4,11.5,2364.8,20.56,44.0,0.0104,-0.0,0.368,0.663,1,2,2,1,0,0.2335
5.75,8.7,10.69,18.05,21.28,49.85,55.36,6.07,33.75,23.8,79.0,15.3,3082.2,30.22,195.4,-0.0618,-0.0067,0.564,0.835,5,2,2,1,1,0.7184
6.09,15.81,27.54,45.04,63.0,153.22,250.75,8.77,123.04,21.8,48.0,10.7,1980.6,26.71,284.6,0.0312,0.0654,0.858,0.533,5,3,3,0,1,0.9999
2.31,5.33,8.49,11.62,13.49,30.56,39.26,3.17,22.18,15.5,65.8,5.8,299.6,18.96,72.5,-0.0628,0.0283,0.419,0.754,0,0,3,1,0,0.0883
0.07,0.13,0.17,0.25,0.28,0.49,0.8,0.08,0.42,33.1,84.8,15.6,2383.5,18.56,174.6,-0.047,-0.0479,0.528,0.122,1,0,1,0,0,0.2932
0.91,1.51,2.72,4.86,5.38,11.87,15.38,0.92,8.69,14.0,73.7,23.6,4024.1,22.8,218.7,-0.0525,0.037,0.392,0.797,5,0,3,0,0,0.0235
0.62,1.44,2.73,3.73,4.52,5.56,6.75,0.67,4.66,15.8,64.4,9.8,777.5,16.07,57.7,-0.0088,0.0262,0.354,0.513,1,1,2,1,0,0.0368
2.04,4.48,7.67,9.63,14.16,20.38,30.13,2.44,17.58,12.6,65.5,16.8,2913.5,16.8,280.3,-0.0176,-0.0273,0.421,0.637,8,0,4,0,0,0.0337
1.45,4.02,5.82,9.17,12.29,23.92,42.43,1.82,20.89,0.9,46.4,11.8,883.9,1.0,107.8,-0.0001,0.0396,0.27,0.371,1,6,2,1,0,0.0433
2.27,4.8,8.32,10.17,12.03,18.87,24.77,3.13,15.12,19.1,73.6,16.5,2273.7,25.28,76.0,-0.0453,-0.0079,0.422,0.923,3,3,3,1,0,0.0695
1.15,1.97,2.91,3.4,4.17,8.65,16.04,1.54,7.63,21.9,66.9,18.0,451.2,11.63,201.0,0.0503,-0.0111,0.335,0.593,2,5,3,0,0,0.0128
0.08,0.21,0.28,0.48,0.6,1.25,2.38,0.12,1.12,20.1,56.4,30.2,1919.0,31.72,147.7,0.0417,-0.0124,0.29,0.754,0,4,1,0,0,0.0603
3.13,8.33,10.8,18.53,28.0,56.02,74.54,4.08,42.44,25.9,57.6,11.4,3188.1,30.35,331.3,-0.0087,-0.1214,0.44,0.486,1,3,3,1,1,0.7822
29.14,47.61,65.17,106.75,132.33,280.29,373.73,35.96,209.82,4.2,96.1,14.9,1492.4,14.15,316.8,-0.0239,-0.0263,0.95,0.917,3,0,4,2,1,1.0
1.95,5.03,10.76,11.97,14.44,23.16,32.91,2.46,19.07,24.1,39.3,11.7,2809.4,25.41,174.0,-0.029,0.0357,0.458,0.821,1,3,4,2,0,0.106
0.43,0.8,1.19,1.48,1.95,2.88,5.02,0.48,2.66,23.6,58.1,21.0,3351.1,23.72,129.3,-0.0155,-0.0011,0.386,0.719,3,0,3,1,0,0.0261
0.45,0.98,1.81,2.99,4.61,5.6,6.77,0.6,4.71,21.7,66.0,35.8,3897.8,13.31,117.2,-0.07,-0.0643,0.435,0.642,1,0,5,0,0,0.0054
0.68,1.55,3.04,5.07,7.46,15.34,27.84,0.82,13.41,17.1,77.7,20.0,1023.8,26.4,96.3,-0.048,0.0482,0.434,0.556,2,3,3,2,1,0.1708
0.63,1.68,2.97,4.28,6.14,12.03,18.83,0.9,9.86,24.5,29.8,33.8,1707.2,39.16,196.0,0.043,-0.0149,0.272,0.409,2,3,2,0,0,0.3091
0.49,0.84,1.43,2.41,3.76,6.14,10.06,0.55,5.37,26.1,42.6,20.2,682.5,32.28,289.8,0.0151,-0.0611,0.208,0.627,2,0,3,1,0,0.0433
24.09,36.75,56.92,96.65,144.83,239.15,438.32,30.82,220.06,24.8,86.8,5.3,4168.8,7.58,111.9,0.0817,0.1103,0.95,0.138,0,1,5,0,1,1.0
0.23,0.51,0.72,1.21,1.53,2.25,2.68,0.25,1.77,16.0,71.1,2.6,3897.1,24.16,68.4,-0.015,-0.0527,0.4,0.626,2,0,2,1,0,0.0542
0.02,0.05,0.09,0.15,0.17,0.29,0.54,0.03,0.27,27.2,57.9,21.1,2290.8,29.61,171.2,-0.0181,0.044,0.275,0.861,3,3,2,0,0,0.0197
5.62,15.47,27.83,46.66,53.58,85.37,166.37,7.92,81.69,16.7,70.9,31.1,3544.4,12.81,24.9,-0.0204,-0.0385,0.726,0.768,7,7,5,1,1,0.8968
0.12,0.19,0.25,0.3,0.39,0.96,1.64,0.14,0.78,21.2,52.3,9.2,2212.0,31.72,252.5,-0.016,0.0068,0.289,0.337,4,3,4,1,0,0.0459
1.81,3.68,7.17,10.49,13.4,24.82,44.48,2.12,22.02,30.8,91.9,5.7,2637.9,11.97,186.6,-0.033,-0.0451,0.505,0.252,0,4,1,2,1,0.4339
2.71,6.56,8.5,11.96,18.19,35.59,43.25,3.93,26.08,23.9,51.3,7.4,419.9,15.98,178.7,0.0135,-0.062,0.396,0.727,1,2,3,0,0,0.0744
0.01,0.01,0.02,0.03,0.04,0.05,0.08,0.01,0.05,18.8,76.9,9.1,3184.4,12.25,108.2,0.0015,0.0261,0.313,0.702,0,0,2,1,0,0.011
2.27,6.22,7.85,14.07,22.21,50.55,66.92,2.51,37.14,15.4,79.2,12.0,580.0,11.09,325.7,-0.0255,0.0203,0.466,0.587,0,3,2,0,0,0.1875
0.82,1.32,2.21,3.26,4.65,10.16,18.42,0.89,8.77,24.3,66.5,19.8,3478.2,22.78,32.6,0.0626,0.0572,0.375,0.59,1,1,1,1,0,0.1385
1.51,2.55,4.44,7.47,9.73,18.16,32.96,1.66,16.18,21.7,91.9,29.0,3295.4,8.02,313.1,0.0948,-0.0017,0.485,0.524,0,1,2,1,0,0.0532
0.25,0.56,0.96,1.34,1.73,3.82,5.5,0.28,2.93,26.4,96.1,29.7,2991.3,16.48,135.6,0.0583,0.111,0.365,0.631,1,3,3,0,0,0.0114
2.7,6.26,10.26,13.58,15.1,21.34,37.17,2.88,19.91,11.4,76.3,10.7,200.1,22.78,317.0,0.0279,0.0134,0.405,0.605,1,6,1,1,0,0.3579
20.93,44.07,63.64,93.01,142.74,254.36,399.01,28.19,213.3,21.1,84.5,28.0,1308.0,12.35,262.4,0.0381,0.0283,0.95,0.264,1,2,4,2,1,1.0
60.56,149.11,192.58,231.4,358.93,542.67,847.43,74.95,473.15,21.1,100.0,8.8,1141.9,34.56,37.5,0.0928,-0.0679,0.95,0.927,0,7,4,2,1,1.0
0.66,1.29,2.35,2.89,3.47,6.84,11.64,0.89,5.84,24.5,77.2,11.7,1544.6,17.22,299.4,0.038,-0.0307,0.395,0.598,1,2,2,0,0,0.0292
3.03,5.63,7.63,8.7,11.1,22.3,36.3,3.51,18.54,25.7,58.0,22.7,413.7,42.39,245.6,-0.0293,0.026,0.401,0.64,3,0,1,1,1,0.8787
11.16,19.47,30.78,52.35,73.79,183.07,228.8,13.5,128.79,21.9,82.7,13.8,3938.4,7.45,11.6,0.0196,-0.0042,0.874,0.834,1,2,5,1,1,0.9935
6.18,14.14,27.38,40.53,50.55,61.92,102.79,7.86,58.87,22.2,55.1,11.7,2348.3,23.26,48.1,0.0313,0.0094,0.548,0.679,0,5,3,2,1,0.9406
0.03,0.07,0.13,0.24,0.3,0.51,0.75,0.04,0.42,21.4,63.7,4.7,1317.9,20.83,228.8,-0.0497,-0.0408,0.322,0.547,0,2,2,2,0,0.0451
0.33,0.51,1.06,1.78,2.37,5.78,8.69,0.35,4.45,8.8,57.0,13.0,1697.5,15.0,238.5,-0.0142,0.0061,0.274,0.745,2,3,1,0,0,0.0179
0.96,1.64,3.09,4.6,5.89,14.49,26.35,1.07,12.27,21.8,61.0,19.6,1905.9,19.02,268.8,0.055,0.0059,0.386,0.669,4,2,2,1,0,0.0644
0.29,0.75,1.61,2.36,2.72,5.29,9.39,0.36,4.62,25.1,59.7,18.4,2542.5,25.11,259.3,-0.0912,-0.059,0.388,0.471,0,2,4,0,0,0.0255
0.43,0.66,0.93,1.35,1.97,3.82,6.67,0.63,3.31,6.7,33.2,23.1,2190.1,27.63,237.4,-0.0625,0.0321,0.318,0.902,2,1,3,1,0,0.0207
6.54,10.19,12.65,14.41,17.01,29.78,55.19,7.49,27.19,22.0,50.4,10.3,3865.5,17.54,275.8,-0.0088,-0.085,0.37,0.734,3,0,5,1,0,0.079
1.42,3.08,3.94,4.49,6.86,10.13,12.96,1.77,8.17,25.4,49.2,20.1,2112.4,23.42,207.0,0.0177,0.0092,0.338,0.351,2,1,5,0,0,0.0236
0.07,0.14,0.19,0.28,0.35,0.46,0.71,0.08,0.41,23.2,66.0,20.4,4167.5,11.6,93.9,-0.0679,0.0883,0.315,0.389,5,2,2,1,0,0.0193
0.97,2.43,3.04,5.26,6.45,10.96,21.54,1.17,10.38,19.0,66.2,29.3,3583.4,27.91,328.5,-0.0063,0.034,0.351,0.642,5,4,5,0,0,0.021
1.31,3.07,4.49,6.99,10.17,16.77,19.97,1.38,12.74,19.8,46.6,7.2,915.3,38.07,6.6,0.0577,0.0337,0.38,0.552,0,4,5,1,0,0.1135
0.6,1.05,2.15,3.16,4.69,9.01,17.51,0.7,8.27,8.2,71.7,12.5,3912.0,29.03,132.0,0.0034,-0.0449,0.397,0.918,2,0,4,0,0,0.0186
3.28,6.36,9.3,14.24,17.88,29.53,36.33,3.5,22.73,18.8,61.6,17.7,532.9,12.26,262.4,0.047,0.0885,0.407,0.945,3,2,2,1,0,0.0641
2.49,4.02,8.1,10.69,16.57,29.16,33.15,2.66,21.38,12.2,68.1,22.0,3442.4,10.51,153.8,-0.0296,0.0688,0.361,0.778,7,2,2,1,0,0.0575
0.78,1.26,1.91,2.57,3.68,7.32,9.32,0.82,5.45,16.6,66.5,6.1,1629.6,56.04,8.9,-0.0405,-0.0422,0.349,0.541,4,2,1,0,1,0.9704
13.41,37.22,60.96,98.64,114.84,243.19,366.22,18.32,192.55,10.0,84.9,14.0,3693.6,36.77,23.8,0.0424,-0.0237,0.95,0.608,0,3,1,0,1,1.0
1.13,1.75,3.59,4.48,5.25,6.39,8.59,1.38,5.58,16.7,59.5,10.2,3652.4,27.68,233.5,0.0185,0.0627,0.296,0.419,1,1,4,2,0,0.0632
2.52,4.37,7.4,9.02,10.94,16.13,24.31,2.72,13.94,15.4,71.1,35.4,3394.6,39.38,347.4,-0.0593,0.0898,0.44,0.722,4,6,5,1,0,0.1358
1.0,2.03,2.68,3.92,5.85,8.45,12.88,1.48,7.38,15.0,63.8,7.1,3328.6,18.68,198.7,-0.04,-0.0632,0.337,0.771,2,6,4,0,0,0.0104
0.18,0.4,0.63,1.02,1.59,2.78,5.53,0.23,2.63,10.5,64.0,6.5,1314.4,27.41,182.4,0.0782,-0.0502,0.424,0.944,2,0,4,0,0,0.0104
0.56,1.53,3.07,4.04,6.01,7.83,12.52,0.71,7.19,25.3,61.6,12.1,385.8,34.37,114.6,-0.0462,-0.0072,0.364,0.655,3,3,2,0,0,0.138
1.47,2.94,3.74,5.2,5.78,13.72,24.58,1.86,11.6,25.3,48.8,7.3,1722.4,16.06,92.4,0.0467,-0.1086,0.376,0.804,0,0,3,1,0,0.0251
21.49,37.41,72.52,107.67,126.42,221.34,262.06,25.64,165.1,22.5,81.9,2.2,770.1,24.15,7.6,-0.0239,0.001,0.95,0.505,5,0,3,2,1,1.0
22.7,48.5,93.95,161.76,220.83,503.87,827.45,24.33,410.12,17.7,91.0,9.6,2934.0,32.41,98.3,-0.0002,0.0593,0.95,0.712,5,7,2,1,1,1.0
2.79,6.99,11.5,17.69,24.56,58.92,79.5,3.36,43.2,15.8,76.1,12.9,1486.3,10.07,161.7,0.0147,-0.0719,0.524,0.316,2,3,3,2,1,0.4585
1.19,2.18,2.66,4.52,6.86,10.05,13.44,1.47,8.28,14.9,40.0,13.0,4098.8,15.17,71.3,-0.105,0.0064,0.336,0.679,3,1,1,3,0,0.098
0.31,0.53,0.77,1.06,1.35,2.5,4.98,0.43,2.34,13.9,66.4,26.3,2710.0,32.03,31.4,-0.0731,-0.0291,0.365,0.721,3,3,2,1,0,0.0847
0.03,0.07,0.1,0.15,0.23,0.56,0.77,0.04,0.41,17.6,62.8,28.8,3463.3,21.14,258.4,0.0043,0.082,0.352,0.786,0,4,3,0,0,0.0095
0.65,1.42,2.78,4.32,5.1,11.56,21.78,0.88,10.12,16.9,72.0,6.1,600.0,19.64,322.1,-0.0362,-0.0285,0.421,0.798,0,5,3,0,0,0.0218
2.19,5.23,9.09,15.82,18.93,23.77,36.01,2.53,21.57,8.5,59.5,9.7,3627.4,18.39,337.2,0.0498,0.0759,0.422,0.504,0,0,3,0,0,0.1097
15.23,30.07,46.18,76.88,95.57,235.01,339.14,22.0,176.99,34.4,95.3,28.4,3879.4,33.76,222.5,-0.0803,-0.0299,0.95,0.618,6,4,3,0,1,1.0
0.52,1.32,2.4,2.89,3.53,4.35,5.33,0.68,3.66,21.9,63.0,14.5,2071.3,10.74,19.0,0.0283,0.0386,0.423,0.459,1,5,1,0,0,0.0296
7.05,14.47,18.89,29.66,44.25,55.05,93.4,7.17,52.6,14.3,94.2,25.6,2565.9,14.59,266.7,-0.0688,0.0126,0.574,0.445,0,2,5,1,0,0.6135
1.85,4.36,9.58,10.88,13.82,28.17,44.53,2.44,23.01,8.9,86.2,13.9,3224.0,7.98,39.6,-0.0176,-0.0069,0.457,0.81,2,2,4,1,0,0.0265
0.51,1.01,1.29,2.32,2.68,5.43,8.99,0.68,4.54,2.3,64.7,8.9,775.6,15.79,241.1,-0.0532,-0.0395,0.355,0.524,0,0,4,0,0,0.01
1.49,3.33,6.73,9.33,12.68,28.84,53.36,2.13,24.99,23.9,90.4,43.6,2135.6,20.58,280.6,0.0951,0.0162,0.566,0.597,0,0,4,0,0,0.1079
1.11,2.49,4.09,6.41,7.45,11.89,21.59,1.6,10.98,20.9,72.2,23.0,1704.5,5.38,261.3,-0.067,-0.022,0.409,0.538,2,2,2,0,0,0.0178
7.37,18.7,39.04,48.07,72.67,132.9,158.28,8.61,98.23,16.7,62.5,13.7,657.5,11.71,342.7,-0.0061,-0.0345,0.756,0.625,2,5,5,1,1,0.9701
4.39,7.14,9.99,16.45,20.83,48.15,55.02,4.47,33.09,19.3,51.8,14.0,1575.3,21.12,265.7,-0.0863,0.0736,0.483,0.611,2,4,5,0,0,0.1137
9.26,16.61,29.08,46.13,62.15,135.62,213.33,11.17,108.99,21.1,92.3,9.5,332.9,23.95,249.6,0.08,0.0274,0.927,0.457,3,2,1,1,1,1.0
2.43,4.57,8.2,11.03,17.01,29.81,36.13,3.19,22.44,13.1,50.1,21.9,157.1,43.97,94.2,0.0201,0.0322,0.329,0.635,3,4,1,0,1,0.8127
0.78,1.69,2.82,3.81,4.95,11.43,22.58,0.95,10.24,27.1,38.5,7.4,610.9,25.85,332.9,0.0068,-0.0196,0.263,0.792,2,4,5,0,0,0.0103
0.47,1.26,1.87,2.95,3.39,6.19,10.52,0.55,5.36,19.8,55.3,22.8,4046.9,17.16,64.6,0.0737,-0.0093,0.302,0.756,3,2,2,2,0,0.0314
0.02,0.06,0.11,0.15,0.23,0.44,0.84,0.03,0.4,21.9,58.8,22.0,2330.5,20.28,325.8,0.0074,-0.0124,0.311,0.929,1,0,4,1,0,0.0058
1.9,4.93,6.93,12.23,14.29,28.04,31.53,2.47,19.9,17.9,57.8,20.5,4058.2,20.66,112.6,0.011,0.0169,0.447,0.321,2,1,1,1,0,0.5309
4.46,8.69,12.7,16.85,24.87,41.9,63.36,6.16,35.02,21.1,89.9,30.2,1844.9,14.6,46.9,0.0066,0.0321,0.556,0.814,2,0,3,0,0,0.1815
0.98,1.9,3.07,3.95,5.21,8.2,12.42,0.99,6.98,23.8,73.0,10.6,1344.0,21.61,297.6,0.0282,-0.0015,0.353,0.243,1,0,3,0,0,0.0597
0.27,0.65,1.32,2.16,3.21,6.69,8.82,0.36,5.0,13.4,30.4,13.1,2150.5,14.2,0.9,-0.0246,-0.0396,0.288,0.504,1,0,5,1,0,0.0081
0.1,0.26,0.32,0.37,0.43,0.61,0.71,0.11,0.48,25.4,51.7,4.7,1874.0,22.19,299.6,-0.0107,0.038,0.244,0.315,0,4,3,0,0,0.021
25.29,69.45,145.44,217.3,319.75,591.84,799.42,36.04,459.73,23.8,80.5,7.2,488.5,18.38,94.4,0.0405,0.0017,0.95,0.376,2,0,1,2,1,1.0
19.63,38.71,67.52,103.74,145.66,235.12,402.97,25.08,210.5,21.0,95.8,19.1,2709.4,16.74,318.5,0.0139,-0.072,0.95,0.389,2,1,2,0,1,1.0
0.44,1.02,1.32,1.74,2.11,3.58,4.05,0.53,2.65,24.4,60.5,1.4,946.6,17.01,248.9,-0.0057,-0.1068,0.3,0.246,1,7,2,2,0,0.0709
0.45,1.09,1.54,2.73,3.59,6.46,10.01,0.63,5.38,21.1,58.4,10.5,2621.3,28.11,239.8,-0.07,0.0149,0.343,0.629,7,4,3,3,0,0.0963
0.17,0.44,0.56,0.78,1.19,1.75,2.62,0.23,1.51,13.0,70.1,13.7,2748.3,26.71,131.5,0.0749,-0.0415,0.285,0.574,2,4,2,1,0,0.0496
0.05,0.12,0.2,0.25,0.35,0.64,0.86,0.07,0.5,27.0,29.9,26.7,680.9,16.26,21.4,-0.0331,0.0216,0.321,0.611,5,1,2,0,0,0.0135
0.31,0.63,0.77,1.22,1.42,3.07,4.2,0.42,2.32,17.2,23.5,10.5,304.6,27.54,298.8,0.0494,-0.0388,0.213,0.728,2,3,3,1,0,0.0198
0.6,1.49,2.79,4.48,6.63,9.97,12.92,0.65,8.04,32.2,87.2,7.4,3290.2,18.18,61.5,0.0088,0.0067,0.384,0.612,0,2,2,1,0,0.0499
5.94,12.37,16.31,22.81,26.51,61.2,103.01,8.52,50.33,17.3,70.9,7.5,1958.2,18.34,134.0,-0.0647,-0.0189,0.684,0.798,7,3,4,2,1,0.6666
1.08,3.02,4.25,5.21,6.65,11.73,17.88,1.14,9.73,22.9,63.9,21.1,291.4,14.61,216.1,0.0626,0.0876,0.298,0.894,5,2,2,0,0,0.015
2.46,4.85,5.89,9.09,10.47,22.71,40.83,3.44,19.55,27.9,45.3,21.2,4178.7,41.59,173.6,0.0127,0.0475,0.393,0.553,2,2,3,1,0,0.6113
0.44,0.7,1.01,1.29,1.67,3.49,6.04,0.65,2.97,16.5,46.9,45.9,289.8,39.33,71.5,0.0668,0.0674,0.306,0.737,1,7,4,0,0,0.0314
16.17,39.18,48.49,60.89,93.06,160.93,257.0,23.85,137.05,12.0,78.5,16.4,2934.4,12.87,50.6,-0.0091,0.0012,0.95,0.531,1,1,4,1,1,0.9999
3.33,6.28,8.14,12.24,18.23,41.1,81.12,4.45,36.94,15.3,52.3,4.9,4132.3,15.72,44.4,0.0352,0.0411,0.492,0.579,4,0,3,0,0,0.2402
1.44,3.48,7.53,13.48,20.95,25.96,37.72,2.09,23.25,20.6,73.5,10.7,1042.6,23.11,310.7,-0.0881,0.0046,0.392,0.427,0,2,2,1,1,0.3812
29.05,46.44,59.91,94.95,130.08,200.19,377.95,43.06,190.06,25.7,88.9,7.4,640.3,25.39,11.4,-0.025,0.0735,0.95,0.774,3,2,3,0,1,1.0
0.16,0.44,0.88,1.46,2.08,2.53,3.87,0.22,2.33,18.8,73.0,3.3,553.7,10.19,351.7,-0.0636,-0.0036,0.386,0.907,3,0,4,1,0,0.0043
0.66,1.68,3.1,4.96,7.02,15.66,20.36,0.78,11.46,16.8,56.9,8.3,1308.6,11.25,71.5,-0.0187,-0.0699,0.408,0.541,0,4,2,0,0,0.0281
0.05,0.11,0.17,0.23,0.26,0.35,0.59,0.05,0.33,23.3,51.5,23.0,469.3,1.92,39.7,0.0236,-0.0999,0.265,0.704,3,2,1,1,0,0.007
0.27,0.64,1.31,2.28,3.19,5.53,8.55,0.31,4.64,6.5,70.5,7.4,2922.5,25.43,207.7,-0.0302,0.0834,0.361,0.981,3,2,3,4,0,0.0503
0.53,0.89,1.49,2.49,3.32,6.63,9.31,0.65,5.15,26.1,39.5,16.0,308.5,7.54,28.8,0.0432,0.0239,0.316,0.229,2,3,3,0,0,0.0129
31.16,52.6,78.64,124.54,159.43,392.42,731.1,41.57,336.68,14.9,100.0,21.6,2164.1,12.93,216.9,-0.0428,0.0272,0.95,0.627,2,4,2,0,1,1.0
0.06,0.1,0.2,0.29,0.35,0.87,1.0,0.06,0.59,17.1,53.1,8.2,4186.3,29.74,306.2,0.0443,0.0745,0.347,0.66,4,7,2,1,0,0.0623
34.85,86.86,164.68,222.85,259.09,603.92,839.89,46.9,451.63,24.8,90.1,18.5,3428.0,29.03,17.2,0.0655,-0.0826,0.95,0.361,2,0,1,2,1,1.0
10.21,24.79,31.74,44.9,60.78,115.41,202.85,11.88,100.84,12.8,75.5,14.0,2603.2,40.41,288.0,0.0507,-0.0179,0.87,0.583,3,1,1,1,1,1.0
1.06,2.79,4.26,5.61,6.64,9.12,11.51,1.25,7.48,8.8,55.3,5.4,1321.0,47.41,142.0,-0.0172,-0.0118,0.32,0.951,2,0,4,0,0,0.0613
1.32,3.1,5.79,10.1,14.89,24.86,38.44,1.47,21.04,23.7,57.3,5.6,2639.2,67.92,57.4,-0.1063,0.0371,0.407,0.477,0,5,2,4,1,1.0
4.36,8.78,12.78,17.0,25.27,58.74,83.78,4.65,44.47,10.7,83.0,14.2,2237.2,15.46,63.4,0.0291,-0.0346,0.606,0.827,8,2,1,0,0,0.5394
1.58,4.22,7.66,13.45,16.74,40.9,57.1,2.12,30.36,21.1,79.9,22.3,1818.2,13.44,330.8,-0.0063,-0.0601,0.495,0.55,2,5,5,2,0,0.0941
2.13,4.89,7.35,10.36,14.6,29.99,44.19,2.28,23.66,16.1,62.0,15.3,592.4,23.59,39.8,-0.0489,-0.0605,0.463,0.544,1,7,2,1,0,0.3607
0.08,0.12,0.16,0.28,0.31,0.71,1.12,0.1,0.57,15.7,91.7,14.0,3729.4,8.1,312.0,-0.0278,0.0575,0.419,0.816,3,2,2,1,0,0.0078
2.38,6.35,9.88,12.6,19.58,43.83,60.31,3.42,32.89,24.5,66.9,2.9,1916.6,16.56,195.9,0.0717,-0.0371,0.486,0.556,3,0,5,0,0,0.0837
0.82,2.17,3.38,6.01,8.49,20.81,30.44,1.17,15.78,22.0,67.7,11.5,857.7,20.55,14.1,-0.0569,-0.0276,0.296,0.501,1,1,1,0,0,0.1215
0.03,0.07,0.14,0.24,0.31,0.69,1.14,0.04,0.57,9.1,58.4,18.0,1576.2,24.54,167.2,0.0234,0.0317,0.355,0.876,5,0,5,0,0,0.0044
2.84,7.69,13.77,21.89,30.12,50.37,70.43,3.89,40.74,15.9,89.3,4.6,1768.6,25.95,294.3,0.0109,-0.0349,0.567,0.826,0,4,3,1,1,0.5786
4.71,9.5,15.52,27.07,34.5,62.79,118.2,6.1,57.32,24.8,64.3,13.0,3484.3,16.28,261.4,-0.0179,-0.0852,0.566,0.582,3,0,2,1,1,0.8644
1.39,3.6,7.02,10.77,12.28,18.64,33.98,1.52,17.45,21.5,37.7,4.7,3094.5,8.89,176.0,0.0322,-0.0791,0.329,0.818,2,2,3,2,0,0.0323
3.3,8.94,18.45,20.48,25.22,35.37,43.43,3.74,28.53,12.0,59.9,7.6,3242.6,10.11,309.6,0.0816,-0.0028,0.374,0.765,1,0,3,1,0,0.0829
0.32,0.82,1.05,1.34,1.48,2.46,4.59,0.4,2.28,35.3,64.3,6.1,95.8,4.92,43.3,-0.0148,0.0249,0.313,0.596,4,0,4,2,0,0.0067
1.39,3.4,6.26,7.27,10.81,22.43,28.32,2.03,16.47,21.7,58.4,5.5,1777.0,13.72,327.6,-0.0122,-0.0101,0.406,0.751,3,1,1,1,0,0.0816
0.9,1.76,3.36,3.85,6.1,12.03,14.49,1.18,8.76,6.2,69.5,5.7,2047.6,7.98,304.7,0.0311,0.0215,0.348,0.874,4,2,4,1,0,0.0066
0.06,0.11,0.18,0.25,0.32,0.69,1.37,0.07,0.63,20.6,60.6,10.4,129.6,14.27,255.0,0.0459,-0.0806,0.379,0.631,2,0,5,0,0,0.0037
1.48,3.95,4.97,8.86,12.92,30.53,48.7,1.96,24.33,20.1,76.5,3.2,1128.2,23.46,294.4,-0.0064,-0.0773,0.541,0.389,7,3,2,1,1,0.5823
3.34,5.79,9.48,13.04,17.76,22.48,42.31,3.59,22.42,23.3,92.0,19.0,3205.2,9.02,195.8,-0.0153,0.1127,0.427,0.534,1,3,1,0,0,0.1181
0.07,0.11,0.22,0.39,0.44,0.67,0.88,0.07,0.54,4.5,39.4,14.6,619.0,19.93,243.1,-0.1109,0.0616,0.239,0.535,2,7,1,1,0,0.0393
0.35,0.82,1.11,1.91,3.04,6.72,13.11,0.52,6.02,23.1,45.3,17.8,2271.5,16.18,201.8,-0.0389,0.0384,0.235,0.637,6,5,2,0,0,0.0168
0.51,0.99,1.56,1.9,3.01,7.22,13.79,0.73,6.3,26.8,68.1,9.0,943.1,22.81,128.0,-0.057,-0.033,0.302,0.872,0,2,1,3,0,0.089
0.33,0.8,1.55,2.66,4.11,9.92,15.72,0.41,7.85,2.9,50.8,4.2,100.3,25.69,204.8,0.0342,-0.0119,0.285,0.297,0,4,2,2,1,0.1845
1.58,4.41,9.14,11.71,14.72,21.2,39.4,1.94,20.3,32.0,73.9,7.4,1051.0,15.62,92.7,-0.0122,-0.0001,0.434,0.85,8,1,3,1,0,0.0533
4.87,8.67,18.34,20.85,24.33,32.41,46.86,5.7,28.33,10.9,85.0,20.2,4099.9,19.02,158.5,-0.0142,0.0657,0.487,0.691,7,2,2,0,0,0.285
0.69,1.32,2.6,3.08,3.87,9.34,15.33,0.87,7.52,19.1,59.2,27.6,3376.4,16.22,101.1,-0.0005,0.0201,0.403,0.492,4,2,5,0,0,0.01
10.42,23.72,42.55,62.19,91.33,117.48,199.58,15.41,111.23,19.3,89.2,15.0,4032.2,14.52,44.2,-0.0435,0.0263,0.82,0.486,2,1,2,1,1,0.9998
5.08,12.01,18.61,28.6,38.3,78.92,146.95,5.25,69.87,13.7,56.2,21.2,2074.6,12.55,115.9,0.0777,-0.0084,0.639,0.626,2,3,1,1,1,0.9463
0.18,0.5,0.84,0.94,1.46,2.51,4.23,0.23,2.2,8.6,40.5,19.3,505.4,24.44,306.7,0.0649,0.0396,0.254,0.863,1,1,1,1,0,0.0331
0.31,0.67,0.81,1.28,1.42,2.22,4.41,0.46,2.16,16.2,42.3,3.9,2324.0,36.71,137.2,0.0809,0.0151,0.378,0.524,2,1,3,1,0,0.1409
11.87,21.18,32.83,37.81,59.77,92.97,103.29,16.44,69.99,9.0,90.2,12.5,1935.7,34.45,269.3,0.0342,0.0022,0.645,0.547,2,1,3,2,1,0.9991
5.7,15.1,29.07,45.21,71.38,118.97,220.24,7.95,109.79,19.7,41.6,12.1,3554.1,8.49,63.1,-0.0015,-0.0372,0.812,0.572,0,5,3,1,1,0.9951
2.02,4.88,9.06,10.34,15.44,25.8,35.32,2.66,20.68,23.3,69.5,35.6,457.0,36.36,152.8,0.0807,-0.0057,0.391,0.836,2,0,2,2,1,0.4744
2.58,5.94,7.18,9.4,12.72,28.74,34.52,3.77,20.27,10.4,62.7,18.5,2076.2,10.87,41.3,-0.034,-0.054,0.449,0.414,2,1,5,0,0,0.0269
1.98,5.19,9.08,15.6,19.96,37.74,48.82,2.9,28.62,23.9,54.0,45.3,672.7,20.56,49.9,-0.0436,-0.002,0.482,0.267,3,5,1,0,1,0.7176
0.12,0.2,0.24,0.42,0.66,1.6,2.9,0.15,1.36,25.1,49.4,29.4,1397.4,22.55,222.3,-0.0301,0.0044,0.283,0.543,2,0,1,3,0,0.1145
0.52,1.09,1.7,1.94,2.8,5.68,8.29,0.72,4.47,10.9,73.3,7.8,3110.0,7.15,218.7,0.0261,-0.1202,0.451,0.427,5,6,3,0,0,0.0099
31.17,82.8,181.37,304.03,450.64,779.96,1323.73,46.58,683.64,12.6,91.8,15.8,2025.5,17.2,76.8,-0.0381,-0.0115,0.95,0.269,2,5,3,0,1,1.0
5.71,9.17,14.76,22.45,33.77,63.89,108.12,6.99,54.82,20.6,97.4,19.0,1609.9,37.54,170.8,-0.0078,-0.0588,0.708,0.575,2,2,2,1,1,0.9992
0.76,1.71,3.59,6.29,9.62,23.3,32.92,0.9,17.42,11.5,60.6,12.7,1687.1,3.79,310.8,-0.0801,0.0249,0.475,0.487,2,3,1,0,0,0.0349
0.35,0.67,0.82,1.12,1.52,3.47,5.47,0.37,2.77,19.4,56.3,7.1,1956.7,58.29,62.7,0.0241,0.0319,0.359,0.53,1,7,1,1,1,0.9909
1.58,3.54,6.79,10.73,16.94,40.69,63.34,2.11,31.94,22.5,57.3,26.2,3307.8,4.76,6.9,-0.0759,-0.0213,0.408,0.504,2,2,1,1,0,0.1494
0.16,0.25,0.42,0.49,0.61,1.28,1.91,0.17,1.01,1.2,99.9,4.3,3752.2,22.24,234.7,-0.0466,0.0275,0.395,0.47,3,0,3,1,0,0.0351
2.32,5.1,8.92,11.7,17.49,35.38,46.79,2.96,26.66,16.2,69.3,4.3,4014.6,7.38,19.3,0.0609,0.0296,0.471,0.412,2,5,3,0,1,0.067
1.27,2.75,6.02,8.59,9.99,15.18,22.99,1.31,13.04,19.3,80.9,12.0,3315.6,24.16,352.8,0.059,-0.0115,0.463,0.514,6,0,3,1,0,0.1317
0.7,1.11,1.67,2.34,3.01,4.99,5.82,1.05,3.76,15.2,56.6,16.9,1358.9,33.66,219.5,0.0187,0.0767,0.347,0.76,3,1,4,1,0,0.0336
0.23,0.41,0.84,1.38,1.83,2.33,4.05,0.3,2.24,3.3,22.0,4.7,2905.8,28.96,169.3,0.0138,-0.0363,0.242,0.761,0,5,1,2,0,0.081
1.67,2.8,5.92,6.91,9.52,18.55,28.62,1.72,15.13,13.2,56.3,31.3,1866.1,7.54,154.8,-0.0265,0.0736,0.378,0.541,2,1,3,0,0,0.0194
2.74,5.8,8.68,9.91,11.28,22.91,41.67,3.72,20.09,16.2,61.7,29.8,1106.9,31.47,206.3,-0.0386,-0.0113,0.461,0.438,4,3,2,3,1,0.8146
2.83,5.28,6.59,7.63,9.91,21.56,27.98,3.69,15.85,6.4,55.2,23.4,3539.6,16.26,32.6,-0.0181,-0.0422,0.436,0.613,3,2,3,0,0,0.047
0.21,0.45,0.9,0.99,1.24,2.87,4.19,0.28,2.2,18.3,63.8,5.2,209.5,7.69,334.8,-0.0757,-0.0176,0.355,0.638,5,4,3,1,0,0.0075
5.89,13.15,28.05,36.64,48.76,77.23,148.82,8.28,73.58,21.3,59.9,19.9,3792.3,37.4,225.2,0.0126,-0.055,0.655,0.564,3,0,3,1,1,0.999
0.58,0.88,1.47,2.56,3.75,5.37,8.43,0.79,4.76,19.3,59.2,8.8,1965.1,51.39,66.2,0.0024,0.0392,0.426,0.445,0,2,2,2,1,0.9743
0.41,1.09,2.26,3.58,4.21,5.7,10.95,0.45,5.64,11.5,74.4,16.5,2694.4,19.99,202.5,-0.0467,-0.0801,0.369,0.717,0,1,2,0,0,0.0264
0.69,1.18,1.67,2.23,3.21,6.12,8.93,0.79,4.89,20.4,67.7,2.5,2786.3,15.22,48.0,0.0784,0.0695,0.329,0.489,3,0,5,1,0,0.0097
0.83,2.16,4.23,5.27,6.73,10.42,20.18,0.91,10.01,10.8,51.7,17.2,3764.7,11.83,6.3,0.0303,-0.0468,0.294,0.675,1,1,4,0,0,0.0087
1.32,2.91,5.55,8.93,11.19,16.29,25.15,1.79,14.28,16.5,98.5,34.2,2692.2,27.98,227.0,0.0346,0.0418,0.473,0.573,2,1,2,2,0,0.4073
1.2,2.15,3.72,5.9,7.67,14.76,18.84,1.44,11.09,22.5,75.7,40.5,2597.8,32.26,233.5,-0.0244,0.0012,0.497,0.509,4,7,3,2,1,0.3793
0.28,0.69,1.05,1.6,2.45,4.85,7.56,0.28,3.96,17.5,77.4,9.9,326.6,15.22,210.1,-0.0001,0.0135,0.376,0.829,2,2,1,0,0,0.0187
0.49,1.15,1.67,2.85,3.23,4.47,7.6,0.61,4.15,14.9,57.3,9.3,2201.4,41.67,66.1,0.0314,-0.0295,0.363,0.734,2,2,3,1,0,0.1408
2.03,4.77,9.16,14.0,19.42,36.54,63.35,2.49,31.77,16.6,75.2,20.3,673.2,26.75,217.2,0.0076,0.0176,0.571,0.577,3,2,3,0,0,0.4858
6.76,12.88,22.81,30.88,45.31,59.91,93.63,8.67,54.24,25.4,85.1,20.8,3110.4,19.87,20.3,0.0801,0.0067,0.605,0.406,0,7,2,0,1,0.9521
1.77,3.59,7.4,11.95,16.87,37.53,58.33,2.58,29.87,17.2,52.4,9.0,2175.7,22.64,219.3,-0.0102,-0.0729,0.415,0.833,3,3,2,1,0,0.2417
13.22,29.04,58.68,74.29,101.61,199.46,261.87,18.57,150.9,20.9,88.9,7.0,2872.9,10.28,199.4,-0.0252,-0.0481,0.95,0.157,3,3,4,0,1,1.0
2.1,4.16,5.72,8.76,12.36,24.43,28.56,2.9,17.57,13.6,51.6,23.2,222.9,27.81,235.9,0.0317,-0.027,0.355,0.355,2,1,2,1,0,0.3967
4.15,8.2,11.59,13.06,16.68,35.55,40.94,4.58,24.96,9.4,85.2,13.3,401.9,10.71,322.4,-0.0632,-0.0377,0.481,0.925,1,2,4,1,0,0.0366
0.45,1.17,2.51,3.51,4.61,6.82,9.85,0.66,5.78,2.5,61.0,8.9,3022.7,14.11,306.1,0.0462,0.0626,0.405,0.737,4,0,2,1,0,0.0236
0.82,2.26,3.56,4.12,5.33,7.7,10.4,0.97,6.39,12.9,54.9,29.6,349.1,18.23,353.0,-0.065,0.0004,0.357,0.667,2,3,4,0,0,0.0112
0.95,2.02,3.53,6.26,8.7,13.97,26.62,1.16,13.19,6.9,56.7,6.0,345.7,47.15,351.4,0.0319,-0.0389,0.391,0.369,0,1,1,0,1,0.9807
4.42,11.61,18.84,22.7,35.01,68.39,77.64,4.5,48.76,16.8,70.2,8.3,100.3,21.66,278.0,-0.0324,-0.0245,0.552,0.796,6,3,2,0,1,0.652
0.6,1.52,2.68,3.52,4.7,10.69,19.64,0.79,9.23,14.4,40.9,9.6,4019.5,11.36,344.3,0.0238,-0.0252,0.31,0.86,4,0,1,2,0,0.0342
4.18,8.91,16.71,21.46,27.96,69.53,108.47,6.14,54.28,23.5,49.9,8.3,3110.7,22.68,312.2,0.0454,-0.0144,0.469,0.481,2,2,4,0,0,0.6405
3.1,7.32,11.45,15.12,21.75,49.33,89.51,3.5,42.32,12.2,75.0,31.4,1516.0,25.9,261.9,0.0077,-0.0538,0.631,0.478,2,2,2,0,1,0.9027
2.17,3.44,5.27,7.44,8.92,16.42,20.31,2.41,12.3,10.4,63.7,12.6,1280.6,35.06,27.1,-0.06,-0.0407,0.445,0.715,7,0,3,2,0,0.283
4.9,11.43,23.38,30.06,46.47,90.57,172.97,5.37,82.15,26.5,89.5,10.7,1501.3,18.74,17.7,-0.0448,0.0383,0.833,0.178,4,0,2,3,1,0.9998
36.73,66.74,121.31,165.42,244.57,383.53,542.5,42.37,317.11,25.6,85.1,9.7,3264.8,12.4,301.5,-0.0364,0.0093,0.95,0.523,2,1,1,5,1,1.0
0.19,0.51,1.06,1.36,1.73,2.58,5.11,0.26,2.53,21.1,74.5,17.0,2794.7,53.71,176.3,-0.0948,-0.0076,0.426,0.635,3,2,3,1,1,0.7416
10.19,24.13,49.91,89.02,107.2,148.46,265.51,14.48,141.01,20.9,93.7,26.9,818.6,22.71,293.3,0.0564,0.0001,0.95,0.717,1,3,2,1,1,1.0
0.04,0.08,0.11,0.15,0.21,0.4,0.74,0.05,0.36,21.4,44.3,6.5,772.6,11.41,112.7,0.0055,-0.0023,0.227,0.416,0,2,5,0,0,0.0036
1.26,3.38,6.77,8.88,14.03,20.06,22.67,1.46,15.59,16.0,81.2,37.8,458.3,18.65,143.2,-0.0568,-0.0105,0.44,0.321,1,2,2,0,0,0.1648
1.5,3.7,7.77,10.56,16.24,20.62,22.83,1.99,16.55,2.6,49.9,31.8,2790.3,14.11,252.1,0.0728,0.0259,0.335,0.491,1,2,1,1,1,0.1349
0.77,1.58,2.59,3.99,4.54,6.51,8.25,1.01,5.28,9.3,62.7,8.9,3222.1,36.17,329.5,-0.0351,0.0222,0.416,0.809,3,2,1,0,0,0.2302
0.2,0.51,0.87,1.54,1.91,3.25,5.62,0.25,2.89,28.5,78.2,27.1,1149.9,25.77,31.6,0.0125,-0.0786,0.361,0.912,0,0,2,1,0,0.0303
1.79,4.84,7.63,11.53,16.65,24.87,41.03,2.25,22.3,25.9,78.0,23.0,136.9,15.85,310.1,-0.0413,-0.0066,0.505,0.664,4,2,2,3,1,0.2778
2.77,7.55,10.2,18.24,25.02,37.19,67.44,3.5,34.91,22.7,60.3,18.7,391.0,32.27,285.5,-0.1009,-0.0753,0.441,0.693,2,0,2,1,1,0.7485
1.54,2.81,4.87,6.53,7.82,11.9,21.65,1.68,11.13,16.6,58.9,9.7,4066.6,17.81,113.6,-0.0682,0.0318,0.222,0.71,2,2,2,3,0,0.074
1.3,2.88,4.6,8.02,12.29,28.89,53.26,1.9,24.84,12.2,72.8,5.6,1276.1,18.41,127.9,-0.0224,0.0384,0.424,0.452,1,4,4,1,0,0.1101
0.83,2.09,4.23,5.81,9.2,12.02,23.99,1.1,12.22,8.8,55.4,7.2,3242.3,12.2,16.7,0.0449,-0.0305,0.331,0.647,2,2,1,2,1,0.0773
1.67,4.64,7.82,12.04,15.58,25.23,42.37,2.42,22.35,30.4,57.0,5.7,2642.4,12.14,5.7,0.0173,-0.0058,0.484,0.285,1,0,4,1,0,0.0948
3.79,6.12,13.19,14.99,20.94,35.87,55.78,4.37,30.24,26.7,82.7,14.9,1635.0,51.83,171.7,0.007,-0.1056,0.512,0.228,2,0,2,0,1,1.0
1.3,3.25,6.3,6.95,8.87,13.89,19.99,1.57,11.57,32.7,79.6,10.5,903.6,31.47,34.4,-0.1005,0.0486,0.323,0.618,3,0,5,0,0,0.0305
0.61,1.27,1.82,2.29,2.75,4.67,9.19,0.71,4.43,18.6,56.1,12.6,553.8,5.48,69.8,0.0635,0.0355,0.318,0.398,3,2,3,0,0,0.008
1.44,3.74,5.99,6.76,10.47,21.12,35.59,2.05,17.84,24.9,54.0,8.1,2602.3,10.55,304.8,0.0112,0.0575,0.403,0.674,3,2,1,0,0,0.0567
0.94,2.34,4.23,5.91,7.75,10.71,18.62,1.22,10.04,9.8,67.0,9.6,3264.7,9.23,205.6,-0.006,0.0743,0.395,0.382,3,0,5,1,0,0.0136
54.17,113.01,150.83,213.07,237.3,395.83,696.59,60.47,356.16,32.7,85.8,26.5,2722.2,19.65,228.1,0.0566,-0.0612,0.95,0.434,4,4,1,1,1,1.0
0.47,1.28,2.19,3.87,4.88,6.73,9.12,0.59,5.67,17.7,59.9,21.8,2250.8,14.91,67.5,0.0624,0.0444,0.239,0.703,1,1,2,0,0,0.0138
1.95,3.86,7.98,9.74,12.64,27.18,47.54,2.49,23.11,28.2,68.5,8.2,224.1,39.97,298.3,0.0577,0.074,0.539,0.773,8,3,5,2,0,0.3918
3.63,7.3,10.04,14.22,16.85,39.11,51.14,5.18,28.46,12.5,85.2,4.5,4069.2,15.72,312.5,-0.0124,-0.0747,0.539,0.399,2,3,2,0,0,0.3392
0.51,1.28,1.64,2.16,3.17,6.09,9.55,0.58,5.02,24.6,46.1,6.5,3364.7,49.06,188.4,-0.0502,-0.0086,0.381,0.309,3,3,3,0,1,0.7825
1.93,3.55,6.03,6.89,8.19,10.46,12.78,2.19,8.68,15.5,54.1,9.7,1265.2,18.12,328.5,0.0494,-0.0182,0.309,0.684,3,6,5,1,0,0.0129
0.04,0.11,0.22,0.26,0.4,0.71,1.11,0.05,0.59,18.7,50.6,3.4,4116.9,54.66,304.1,-0.0683,0.0428,0.37,0.761,2,0,3,0,1,0.344
0.0,0.01,0.02,0.03,0.05,0.08,0.15,0.0,0.07,21.0,77.7,13.4,2547.8,16.92,263.3,0.0974,-0.1197,0.384,0.943,8,0,3,3,0,0.0151
0.75,1.84,3.26,4.49,6.72,15.04,21.56,0.79,11.5,13.8,69.8,27.7,2467.1,17.11,264.3,0.0014,0.0908,0.409,0.856,1,3,3,0,0,0.0168
4.47,8.89,12.22,19.99,28.8,36.67,55.11,4.52,33.02,12.7,71.3,18.7,3154.5,31.1,37.9,-0.053,-0.0056,0.36,0.699,2,1,3,2,1,0.5686
0.07,0.15,0.3,0.42,0.62,1.54,2.55,0.08,1.24,13.1,58.8,22.9,3418.8,28.73,97.5,-0.0616,0.0458,0.372,0.883,0,7,5,1,0,0.0089
2.96,6.57,12.32,21.42,28.03,41.41,82.79,3.34,40.86,21.1,82.2,5.8,2774.4,8.27,24.1,-0.0639,-0.003,0.606,0.901,0,0,3,0,0,0.1288
1.24,2.07,4.47,7.12,9.94,22.54,43.5,1.6,19.99,18.0,61.3,7.0,581.6,19.91,3.1,0.007,0.0246,0.439,0.406,3,0,3,0,0,0.1166
0.16,0.31,0.41,0.55,0.71,1.57,2.31,0.18,1.22,30.6,36.3,2.8,1453.8,14.83,57.0,-0.0003,-0.1161,0.278,0.633,0,2,3,1,0,0.0105
13.35,22.86,34.98,59.61,87.03,191.24,379.62,19.53,173.17,23.6,90.7,30.4,3901.5,14.24,317.0,-0.0618,-0.0192,0.95,0.937,5,1,3,0,1,1.0
22.38,41.61,70.05,81.32,102.07,139.53,247.21,22.88,132.41,21.0,86.8,4.3,982.2,19.86,86.4,-0.0178,0.0424,0.926,0.621,3,1,4,2,1,1.0
1.08,2.88,5.3,6.11,7.75,10.13,12.11,1.31,8.27,20.3,32.8,9.2,1594.5,16.09,349.3,-0.0684,0.0144,0.367,0.551,2,6,1,2,0,0.1088
1.45,2.27,3.8,5.65,8.56,15.24,30.27,1.57,14.37,20.8,79.5,2.8,1843.1,21.02,215.0,0.0295,-0.0818,0.431,0.818,1,0,2,2,0,0.1113
1.7,3.78,6.0,9.68,11.52,24.89,43.11,1.74,21.03,22.3,79.1,2.4,1873.5,10.26,85.4,-0.0027,0.0031,0.353,0.264,0,2,3,0,0,0.0578
0.4,0.83,1.31,1.99,2.58,5.39,9.03,0.48,4.51,25.9,60.6,3.6,2593.7,7.05,179.0,-0.0189,-0.0409,0.41,0.522,6,1,1,2,1,0.0337
3.39,8.03,10.4,16.26,22.55,49.81,98.13,4.53,44.88,14.4,97.6,10.2,3963.8,31.74,78.9,-0.0644,-0.0453,0.638,0.641,3,1,5,1,1,0.7148
2.83,7.79,12.54,16.08,18.76,25.41,39.58,4.11,22.81,25.9,73.0,16.3,1048.9,34.34,354.2,-0.015,-0.076,0.531,0.786,1,0,4,1,0,0.3364
3.63,7.61,11.05,18.94,26.64,46.74,59.34,3.69,35.84,8.6,90.3,21.0,554.2,30.7,305.0,-0.0207,0.0309,0.475,0.614,0,0,2,2,1,0.8448
1.12,2.43,3.62,6.44,8.29,14.94,20.26,1.58,11.7,24.6,53.9,5.3,869.5,19.37,9.4,0.0159,0.0557,0.394,0.608,1,0,2,1,0,0.0801
31.76,52.58,63.27,86.8,104.77,158.81,258.02,34.16,140.88,17.7,85.9,9.3,3730.7,15.39,341.2,0.0084,0.106,0.95,0.548,0,7,3,0,1,1.0
0.3,0.8,0.99,1.37,1.55,3.02,3.93,0.35,2.28,17.2,46.2,7.0,2730.1,13.13,259.6,0.0396,-0.0737,0.341,0.493,4,3,2,1,0,0.0224
0.78,1.57,2.33,3.3,4.56,5.72,7.72,1.04,4.96,14.9,73.7,7.8,1236.5,11.71,29.7,-0.0242,0.0384,0.387,0.257,3,4,4,0,0,0.0138
0.07,0.1,0.14,0.18,0.28,0.62,1.2,0.08,0.56,12.8,68.0,6.4,3436.2,18.13,241.4,-0.093,0.0417,0.343,0.63,2,0,2,2,0,0.0319
41.67,91.2,160.33,192.19,285.71,423.04,620.19,60.62,360.81,12.0,94.5,24.9,3624.7,33.9,232.9,0.0496,-0.029,0.95,0.461,5,0,4,0,1,1.0
2.68,6.97,11.93,19.61,25.46,55.08,99.71,3.4,47.61,15.7,70.4,30.7,3563.0,12.48,78.8,-0.0468,-0.0459,0.619,0.265,0,3,2,3,1,0.8747
3.88,8.8,18.09,27.57,32.94,42.67,64.51,5.09,38.33,15.8,56.1,12.0,3863.5,33.93,273.0,-0.0553,-0.0543,0.556,0.738,2,3,2,0,1,0.8895
2.57,5.86,7.4,8.91,13.15,24.28,40.06,2.81,20.69,23.3,93.4,3.6,1096.8,7.29,31.3,-0.0022,-0.0264,0.474,0.608,3,1,1,1,0,0.0946
0.58,0.89,1.68,2.42,3.71,5.53,10.92,0.71,5.41,36.2,63.1,14.8,3183.4,21.62,176.2,0.0151,0.0101,0.306,0.585,0,1,5,0,0,0.0089
4.11,11.36,23.96,43.05,54.79,93.56,104.31,4.12,68.64,9.0,69.9,9.5,1961.2,24.1,3.6,-0.0265,0.068,0.527,0.56,2,1,2,0,1,0.9598
13.67,27.71,50.4,74.02,83.73,196.8,229.18,17.11,135.8,19.9,89.3,12.4,3544.3,13.96,348.7,-0.0269,0.0553,0.95,0.504,2,0,2,0,1,0.9999
0.02,0.03,0.06,0.11,0.16,0.28,0.38,0.02,0.22,16.9,45.4,13.8,3073.2,9.85,270.6,-0.0196,-0.0808,0.301,0.382,2,4,1,2,0,0.0342
0.17,0.29,0.51,0.86,0.99,1.53,2.38,0.2,1.33,18.0,75.3,3.5,3272.3,29.54,57.2,0.0708,-0.0394,0.405,0.677,2,0,2,1,0,0.0814
2.0,4.75,9.39,11.05,13.12,20.92,41.13,2.6,20.1,31.5,50.8,21.8,2773.1,19.45,123.0,-0.0001,0.065,0.366,0.739,3,1,1,2,0,0.2397
1.71,3.52,4.46,6.17,6.81,13.78,19.87,2.35,10.8,13.0,90.4,9.4,786.3,63.35,57.8,-0.0484,-0.0366,0.427,0.7,2,3,2,0,1,0.9947
10.49,16.47,22.5,33.56,41.3,89.19,132.14,10.78,69.79,10.2,81.2,4.7,2311.9,34.17,276.0,-0.0479,-0.0028,0.748,0.692,0,0,5,1,1,0.9846
2.12,3.42,4.41,6.86,10.16,12.73,21.45,2.41,12.1,23.7,75.3,2.9,4136.4,34.31,21.2,-0.0125,-0.0853,0.43,0.647,0,4,2,1,1,0.3837
9.55,19.61,41.41,54.01,81.57,150.68,298.87,10.27,140.94,8.8,77.4,11.4,3940.2,3.18,302.5,0.0119,0.0577,0.95,0.362,2,5,1,0,1,0.9998
1.17,2.98,5.27,5.82,9.16,16.01,21.44,1.33,12.57,19.8,55.4,23.0,229.2,12.63,339.2,0.0242,-0.0956,0.371,0.507,0,0,2,0,0,0.0378
0.46,0.77,1.19,1.57,2.37,4.04,6.73,0.49,3.52,28.0,61.2,9.2,734.0,9.13,243.6,0.0062,-0.0821,0.264,0.345,5,2,1,0,0,0.0219
5.79,9.55,16.54,24.75,29.84,51.66,92.74,8.12,46.54,10.9,85.9,5.0,596.7,4.73,76.7,-0.0421,0.0525,0.612,0.787,4,2,4,0,0,0.1633
0.01,0.01,0.02,0.02,0.03,0.07,0.09,0.01,0.05,10.5,53.9,8.4,3062.8,18.59,129.6,-0.0212,0.096,0.307,0.451,1,0,2,0,0,0.0214
0.2,0.44,0.83,1.13,1.57,3.93,5.06,0.21,2.8,24.8,44.7,11.7,3443.8,29.15,171.8,0.0367,-0.0145,0.316,0.875,4,3,1,3,0,0.1158
1.37,2.97,4.35,7.33,8.53,21.06,34.76,1.78,16.94,19.0,75.5,7.9,936.1,10.46,217.7,-0.0573,-0.0023,0.432,0.837,2,3,5,2,0,0.0168
0.78,1.68,2.43,3.39,4.46,9.45,17.02,1.17,8.18,20.6,69.4,15.0,2149.3,4.94,240.7,-0.0233,0.0454,0.391,0.466,0,3,2,1,0,0.02
2.36,6.26,9.04,16.08,20.14,30.51,43.68,3.44,25.6,23.5,32.8,5.7,3538.9,11.0,199.5,0.0299,0.0145,0.429,0.6,3,4,2,0,0,0.1005
0.6,1.2,1.81,2.2,3.25,3.93,7.35,0.78,3.96,19.8,66.8,17.3,3091.1,17.34,126.5,0.0438,-0.0187,0.381,0.728,3,1,5,0,0,0.0054
3.77,5.81,10.84,12.6,14.37,31.75,47.75,4.52,24.9,15.2,85.3,5.4,2300.3,16.63,320.7,-0.0096,-0.0243,0.516,0.423,0,3,3,0,0,0.1725
1.44,2.18,3.97,4.96,6.14,11.2,17.18,1.72,9.24,16.6,87.7,5.7,2499.9,19.11,29.3,-0.0206,-0.0783,0.483,0.909,1,3,2,1,0,0.0441
4.16,8.42,15.11,17.55,20.21,31.61,44.81,5.96,26.18,9.9,63.6,15.5,2159.7,23.83,167.9,-0.0661,0.0116,0.404,0.832,0,0,4,0,0,0.0961
1.34,3.57,5.37,6.84,9.11,15.91,20.81,1.36,12.37,20.4,64.7,29.7,1284.8,18.85,279.2,0.0263,-0.0046,0.402,0.776,1,7,2,1,0,0.0567
0.39,0.95,1.86,2.75,3.29,7.14,9.42,0.45,5.29,11.1,89.0,23.4,2394.8,30.02,21.9,0.0659,-0.0219,0.374,0.619,1,1,2,0,0,0.0838
32.22,72.21,157.6,201.91,232.7,293.38,508.18,34.49,281.84,9.1,82.0,14.3,2908.9,10.58,253.9,0.1283,-0.0501,0.95,0.375,3,3,4,2,1,1.0
3.85,9.28,16.96,28.38,40.55,75.53,111.84,4.24,61.04,27.0,63.3,6.1,3674.3,16.23,295.1,0.0193,-0.045,0.688,0.463,0,4,5,0,1,0.6407
27.01,46.39,80.46,108.72,165.53,280.31,378.98,28.08,222.76,20.3,79.4,38.3,2690.6,25.96,237.9,-0.0025,0.0309,0.95,0.68,0,2,3,0,1,1.0
35.13,66.36,91.19,126.09,151.4,222.41,346.15,39.66,195.13,1.7,83.9,16.7,3208.7,22.16,4.7,-0.046,0.0441,0.95,0.957,1,0,3,1,1,1.0
11.32,28.63,36.61,42.5,49.34,116.58,131.79,12.69,79.36,15.0,99.6,30.4,714.3,46.05,64.8,-0.0939,-0.0164,0.733,0.588,4,1,1,0,1,1.0
1.39,2.1,3.0,3.87,5.53,11.83,18.46,1.57,9.51,9.2,53.4,6.8,1965.5,10.86,123.2,0.0088,-0.0216,0.333,0.453,2,0,3,1,0,0.0249
16.49,31.26,52.72,62.44,70.03,152.72,249.74,18.34,125.13,21.5,83.1,24.9,88.7,26.21,84.1,0.1175,-0.0427,0.95,0.82,2,2,2,1,1,1.0
0.19,0.53,0.78,0.99,1.2,2.51,4.88,0.21,2.27,16.0,48.6,24.9,1073.7,13.04,346.6,0.0635,0.0468,0.289,0.366,2,1,3,0,0,0.0118
1.09,2.49,5.44,8.49,10.64,17.02,29.29,1.53,15.3,21.5,81.0,11.7,3064.8,12.19,234.6,0.0558,0.0015,0.38,0.835,4,2,3,1,0,0.0247
1.24,3.04,5.52,7.55,11.78,14.58,22.02,1.69,13.27,24.3,57.6,18.6,4166.0,33.09,106.9,0.0123,0.0184,0.325,0.41,2,1,3,1,0,0.2436
0.19,0.39,0.6,0.67,0.85,1.69,2.7,0.26,1.39,23.4,51.1,15.6,461.6,18.73,334.7,0.018,0.0179,0.275,0.699,0,0,1,0,1,0.0212
0.87,1.42,2.75,3.54,4.84,7.89,15.64,0.97,7.57,22.1,57.4,2.9,1716.2,21.96,266.6,-0.1212,-0.0154,0.375,0.494,1,1,2,1,0,0.0898
0.0,0.01,0.02,0.03,0.04,0.06,0.08,0.01,0.05,22.4,96.9,4.2,3370.3,13.64,102.5,0.0381,-0.0583,0.413,0.803,0,3,1,2,0,0.0265
1.8,3.7,7.81,10.65,16.22,33.76,57.22,2.48,28.42,22.2,78.0,10.2,896.7,14.11,136.4,-0.029,-0.0498,0.518,0.838,2,4,1,2,1,0.2766
0.12,0.2,0.34,0.51,0.58,0.97,1.71,0.13,0.87,29.4,21.8,3.1,2353.6,6.95,71.8,-0.0351,0.0564,0.236,0.935,0,0,2,1,0,0.0052
0.24,0.63,1.08,1.55,2.29,5.66,8.22,0.29,4.27,11.7,59.4,36.0,3092.2,21.01,349.6,-0.0162,-0.0363,0.3,0.675,1,1,5,0,0,0.0061
2.36,4.31,6.14,10.95,16.17,38.43,51.58,3.03,28.16,18.2,31.5,6.0,2606.3,9.95,186.2,-0.0179,-0.0205,0.396,0.759,3,7,3,1,0,0.0635
0.8,1.56,1.9,2.47,3.8,4.78,6.53,0.9,4.15,8.2,66.3,2.7,830.3,17.53,322.6,-0.0359,-0.0567,0.306,0.55,2,1,5,0,0,0.0068
15.33,27.16,59.51,94.91,140.73,187.96,269.28,20.92,163.57,17.4,97.1,5.7,1524.8,30.0,124.7,0.0007,-0.0608,0.95,0.689,3,4,3,0,1,1.0
1.59,3.2,6.25,9.48,11.05,21.19,27.55,2.06,16.05,14.3,58.4,52.2,3302.7,5.68,309.9,-0.0279,-0.0385,0.475,0.635,2,2,1,1,0,0.0497
6.91,15.85,31.46,48.26,60.34,74.54,108.16,7.96,66.79,12.2,85.8,16.9,2350.0,72.22,19.4,0.005,0.0844,0.759,0.547,7,0,1,2,1,1.0
0.28,0.49,0.75,1.25,1.64,2.92,5.21,0.33,2.61,6.3,74.7,27.4,71.7,12.04,353.6,-0.0744,0.0329,0.32,0.674,7,3,1,2,0,0.0306
1.61,3.18,5.71,6.94,8.03,13.86,22.7,1.91,11.95,27.3,23.3,10.6,3208.1,17.81,328.3,-0.0107,-0.0263,0.319,0.551,4,7,4,0,0,0.0208
0.41,0.62,0.98,1.66,1.92,3.95,7.0,0.5,3.41,9.6,71.3,21.3,196.5,21.94,130.8,-0.0548,0.0541,0.378,0.734,7,5,2,1,0,0.036
0.87,1.49,1.81,2.13,3.18,5.63,11.02,1.11,5.28,13.5,49.5,8.5,3144.8,11.8,278.9,-0.0321,-0.0076,0.354,0.78,1,3,1,1,0,0.0244
2.58,6.92,13.83,21.64,25.65,35.79,47.3,3.2,29.75,28.4,71.2,2.8,890.3,14.4,270.8,0.0072,0.0677,0.436,0.692,4,2,4,1,0,0.1003
0.48,1.12,1.35,1.68,2.61,3.73,5.22,0.52,3.15,17.0,69.9,3.9,4026.0,33.66,324.5,-0.0802,0.1106,0.484,0.677,1,1,2,0,0,0.1688
0.63,1.36,2.36,3.65,4.41,7.48,10.38,0.84,6.01,11.0,40.5,2.8,1577.0,28.28,110.6,-0.0411,0.0514,0.233,0.452,3,1,3,0,0,0.0397
0.56,1.22,2.1,2.48,3.34,5.09,8.69,0.59,4.61,15.7,39.6,9.6,1406.8,16.43,167.6,0.0284,0.0047,0.271,0.82,2,1,2,1,0,0.0169
2.06,4.8,7.46,11.92,14.37,32.96,48.33,2.23,25.35,27.0,63.5,16.4,667.9,18.98,311.4,-0.0707,0.035,0.458,0.59,1,6,4,1,1,0.1003
0.58,1.03,1.25,1.66,2.61,6.53,8.82,0.77,4.75,20.1,45.4,3.6,1318.3,20.53,280.3,0.0889,0.0008,0.325,0.556,7,0,3,0,0,0.0198
0.72,1.12,2.05,3.2,4.39,9.77,16.29,0.89,8.05,14.2,42.8,14.3,3688.1,25.59,141.6,0.0602,-0.0918,0.307,0.496,1,1,2,1,0,0.0976
1.22,2.47,4.72,7.0,9.66,15.74,30.2,1.56,14.87,18.7,59.7,1.3,4184.8,26.58,304.5,-0.0247,-0.0327,0.273,0.879,4,2,4,1,0,0.0315
1.07,2.88,3.48,4.38,6.72,12.13,16.67,1.22,9.55,7.6,54.6,14.2,1578.5,26.21,16.9,-0.0394,-0.0476,0.281,0.816,3,2,3,1,0,0.0341
7.88,17.05,26.0,38.28,44.97,80.42,139.58,8.15,70.74,18.7,95.7,7.6,1911.7,14.95,281.5,0.0101,-0.0338,0.793,0.369,1,0,4,3,1,0.9772
1.24,3.29,5.7,6.9,7.89,18.91,27.84,1.82,14.45,3.7,87.7,1.5,3046.6,20.17,74.4,-0.0724,0.0897,0.56,0.845,2,1,5,3,0,0.0476
0.66,1.09,2.37,4.26,6.76,13.4,25.47,0.83,12.08,17.2,67.1,11.8,3727.7,31.78,103.0,-0.1001,0.0561,0.305,0.338,0,2,2,0,0,0.2491
10.77,19.98,35.01,53.13,82.84,176.43,285.9,13.24,144.58,13.2,90.4,25.9,2511.1,53.64,177.6,-0.023,0.022,0.95,0.262,6,4,2,1,1,1.0
0.71,1.66,3.36,4.9,6.01,9.67,14.06,1.04,8.04,11.1,92.8,6.5,1674.8,19.86,161.9,-0.0067,0.0406,0.383,0.228,7,2,3,1,0,0.0859
2.3,3.52,5.78,10.07,14.06,17.69,32.17,3.44,17.39,20.3,55.7,13.0,1762.4,13.79,187.4,0.0047,-0.0946,0.382,0.694,3,1,3,1,0,0.0524
1.17,1.98,2.43,3.19,4.61,6.86,10.74,1.2,6.01,13.4,49.5,7.4,2936.8,11.66,196.1,-0.0307,0.0364,0.285,0.903,4,3,4,0,0,0.0044
6.58,10.82,16.5,20.79,32.5,45.23,77.01,7.64,41.93,15.2,48.1,11.6,63.4,26.32,119.3,0.0637,0.047,0.617,0.725,0,3,1,1,1,0.9544
56.62,122.99,201.01,310.68,374.4,669.67,1157.23,74.66,587.77,16.0,86.8,30.8,2621.3,6.74,63.1,-0.0748,-0.112,0.95,0.557,2,0,2,0,1,1.0
3.32,8.79,14.99,26.01,38.87,74.83,145.31,4.8,68.64,0.1,86.1,4.5,1525.3,26.46,276.7,-0.0569,0.0383,0.73,0.627,1,0,3,0,1,0.9772
19.63,29.53,43.11,67.03,79.72,114.59,133.12,25.37,89.83,19.7,86.5,4.6,3345.9,26.71,144.0,0.0243,-0.0712,0.712,0.596,2,4,2,0,1,0.9998
3.36,5.28,8.65,9.65,13.31,22.94,34.96,5.01,19.13,14.0,60.6,13.1,435.9,14.09,182.1,-0.0581,-0.0985,0.438,0.61,0,2,1,3,0,0.321
11.06,26.14,41.59,70.85,85.04,159.52,256.75,14.84,133.83,8.0,77.4,4.8,2491.0,21.68,232.1,-0.06,0.0663,0.95,0.918,2,0,1,1,1,1.0
0.19,0.38,0.52,0.67,0.84,1.32,2.54,0.19,1.26,15.0,36.3,8.4,2046.0,16.74,327.5,0.0062,-0.0504,0.29,0.871,3,1,1,1,0,0.0184
0.15,0.39,0.76,1.29,1.76,3.07,3.67,0.18,2.3,15.8,69.2,0.7,2715.7,8.03,254.7,-0.0527,-0.0358,0.358,0.45,0,4,3,0,0,0.0075
2.17,4.77,7.3,13.05,16.44,20.04,26.32,3.2,17.34,24.6,46.5,12.9,319.1,25.43,16.4,-0.0067,0.0495,0.342,0.448,0,3,2,0,0,0.2237
1.73,2.72,4.13,6.42,10.26,17.65,34.29,1.88,16.58,16.8,48.5,19.5,2456.9,24.21,301.9,-0.035,-0.0153,0.374,0.647,0,6,1,0,0,0.1919
0.9,1.36,1.73,2.24,3.19,6.46,9.91,1.32,5.21,27.5,77.6,5.3,2380.2,14.74,356.2,-0.0431,-0.009,0.391,0.464,4,2,3,0,0,0.0189
0.84,1.74,3.7,4.66,7.07,12.87,21.82,0.95,11.14,32.5,59.3,15.1,2376.7,53.2,170.1,-0.1051,-0.0101,0.385,0.899,1,0,4,1,0,0.3026
1.62,3.27,6.11,9.73,11.66,22.58,36.1,2.36,18.75,14.0,85.8,3.9,2554.5,19.07,349.1,0.007,0.0174,0.45,0.623,1,3,2,0,0,0.1124
1.22,2.58,5.02,5.71,6.65,14.7,28.06,1.59,13.02,31.6,23.2,19.3,2857.3,5.31,197.0,-0.0624,-0.0113,0.275,0.945,4,1,3,0,0,0.0069
0.34,0.7,1.33,2.07,2.56,6.4,7.56,0.4,4.39,14.9,57.0,12.8,3390.7,32.65,165.5,-0.0084,0.0057,0.296,0.151,0,1,1,1,1,0.5712
18.14,41.4,56.26,74.07,111.64,194.69,223.16,26.39,143.54,24.2,79.6,18.9,1169.8,28.72,119.3,-0.0256,-0.0252,0.903,0.713,2,0,4,1,1,1.0
8.52,22.75,30.24,33.32,39.96,56.86,85.99,8.89,49.7,10.0,82.8,4.7,3474.0,30.53,236.7,-0.0103,0.0176,0.497,0.734,3,1,5,0,0,0.6455
1.58,3.93,8.42,13.0,15.9,39.29,75.02,2.17,34.14,12.8,82.4,5.9,2117.8,10.29,82.7,-0.0075,0.0157,0.615,0.639,2,4,1,1,0,0.328
0.97,2.12,2.58,3.89,5.73,9.0,14.76,1.26,7.94,16.2,45.0,47.1,369.8,21.36,37.8,0.0097,0.0949,0.324,0.897,2,2,4,1,0,0.0138
4.37,9.55,19.9,29.25,43.89,67.62,117.01,5.19,61.52,13.8,67.5,19.1,293.0,18.89,9.8,-0.0364,-0.0191,0.638,0.583,0,0,1,3,1,0.9879
0.02,0.05,0.1,0.12,0.17,0.39,0.75,0.02,0.34,21.4,79.1,12.9,1437.1,17.2,105.3,0.0621,-0.0092,0.459,0.575,0,2,5,3,0,0.0157
1.8,4.9,8.59,14.95,17.52,41.37,50.91,2.48,29.2,22.0,49.1,18.8,3307.3,37.18,142.5,-0.0924,0.0119,0.474,0.381,2,3,2,0,0,0.9144
6.08,10.37,16.31,18.3,27.77,45.5,75.65,6.44,40.01,19.2,29.9,1.4,2986.9,19.21,198.7,-0.0113,0.0482,0.466,0.562,0,5,3,1,0,0.5191
1.34,3.12,5.6,6.59,9.16,18.71,23.61,1.52,13.79,23.7,57.4,22.2,3322.8,15.04,105.4,0.0418,-0.0546,0.336,0.861,5,5,4,0,0,0.011
1.35,2.57,4.48,6.15,9.63,20.19,36.5,1.61,17.54,13.2,60.4,33.0,2196.7,14.96,354.3,0.0238,0.0052,0.432,0.409,2,0,2,1,0,0.1312
2.37,4.17,9.07,12.45,14.98,28.15,50.42,3.24,24.88,11.8,88.5,16.9,1876.8,9.81,105.0,-0.0487,-0.1254,0.484,0.657,2,5,2,1,0,0.1072
0.04,0.1,0.15,0.18,0.21,0.42,0.5,0.05,0.3,30.8,81.4,20.9,661.9,20.25,158.8,-0.0404,-0.0136,0.407,0.482,1,0,1,1,0,0.0832
0.18,0.3,0.53,0.95,1.16,1.93,3.76,0.27,1.82,17.8,69.0,23.7,1412.0,38.68,37.2,-0.0503,0.0536,0.29,0.983,5,0,3,1,0,0.0315
2.8,4.3,7.42,13.29,15.89,33.66,49.04,3.34,26.24,24.2,55.7,13.2,1851.2,15.75,93.8,0.03,-0.0363,0.439,0.528,3,0,4,0,0,0.0723
1.6,3.39,4.64,7.62,11.45,27.01,32.64,1.97,18.92,23.3,37.2,15.6,417.7,22.02,17.4,-0.037,0.0088,0.306,0.702,2,0,4,1,0,0.0446
6.08,13.36,27.72,36.4,41.77,97.1,127.53,8.84,70.78,16.5,62.7,8.8,965.5,17.05,201.4,0.0128,-0.0264,0.633,0.541,2,4,3,0,1,0.9132
0.78,1.29,1.81,2.42,3.65,8.24,15.79,0.81,7.29,11.7,65.0,6.3,2532.6,18.09,270.4,0.0132,-0.043,0.31,0.71,2,3,4,1,0,0.0136
0.89,2.43,4.38,7.55,10.75,15.07,23.22,1.21,13.34,11.5,71.2,7.5,3103.0,29.4,70.5,0.1184,0.0486,0.358,0.773,2,3,1,1,0,0.2249
1.64,2.65,4.12,4.55,7.1,15.56,26.57,2.12,13.02,21.1,79.4,14.7,4193.1,9.73,132.4,0.0157,-0.0523,0.442,0.785,2,6,3,0,0,0.0143
0.3,0.73,1.49,1.8,2.4,3.4,5.12,0.33,2.97,3.1,62.4,18.5,3922.4,7.19,6.0,-0.0406,0.0146,0.35,0.869,2,1,1,1,0,0.011
0.51,1.01,2.06,2.67,3.3,7.38,8.78,0.71,5.19,18.7,90.3,12.7,2716.6,32.68,302.2,-0.073,0.0154,0.4,0.626,1,0,1,1,0,0.3045
34.21,63.01,84.56,152.13,235.97,382.22,643.88,35.49,339.11,23.4,89.5,16.3,1798.2,13.87,280.8,-0.0138,-0.0426,0.95,0.76,0,3,3,1,1,1.0
48.74,86.48,186.17,210.7,232.52,320.64,640.92,51.8,321.77,18.2,93.7,10.4,2690.1,15.15,22.8,-0.006,0.0078,0.95,0.584,0,5,2,1,1,1.0
1.27,2.19,2.95,4.59,7.15,15.35,24.04,1.62,12.35,29.7,36.1,3.2,3310.5,59.22,131.4,-0.1105,-0.0467,0.262,0.652,0,7,2,1,1,0.8578
4.31,9.42,15.59,25.99,36.7,66.23,86.05,4.97,50.92,26.1,89.5,5.9,541.1,28.63,343.9,-0.0357,0.0261,0.585,0.748,1,1,4,0,1,0.6928
1.52,2.36,4.49,5.26,6.21,11.91,16.02,1.6,9.16,18.4,71.8,4.3,1751.1,11.19,141.1,0.0149,-0.0657,0.384,0.789,5,4,3,1,0,0.015
0.28,0.71,1.14,1.35,1.69,3.91,5.18,0.38,2.86,14.3,77.8,3.6,3535.2,33.89,189.4,-0.0266,-0.017,0.398,0.612,3,4,2,1,0,0.1678
0.85,1.54,2.69,3.49,4.87,8.17,15.93,0.92,7.73,21.0,83.2,22.6,1642.9,28.98,127.9,0.0484,-0.0126,0.415,0.577,7,0,2,1,0,0.1746
1.05,2.17,4.76,7.19,8.25,12.9,25.25,1.56,12.43,13.3,56.0,7.4,2423.3,1.72,214.6,-0.0779,0.0556,0.305,0.426,1,3,4,1,0,0.0123
0.93,1.49,2.17,2.76,3.12,5.35,7.27,1.36,4.25,11.5,57.9,14.7,2489.2,20.67,352.1,0.0338,0.007,0.324,0.459,2,0,2,0,0,0.0416
3.04,6.41,12.59,18.3,24.88,50.3,55.65,3.66,35.19,21.2,79.3,36.9,815.6,10.03,359.1,0.0457,0.0478,0.469,0.603,3,2,4,1,0,0.1117
0.71,1.64,3.04,3.75,4.18,6.24,8.64,0.97,5.18,26.3,51.8,13.2,1553.3,18.07,278.9,0.0478,0.0277,0.32,0.703,2,5,2,0,0,0.0204
1.29,2.03,4.35,7.07,10.5,23.46,37.81,1.82,18.99,7.7,60.3,12.4,1438.2,53.73,145.6,-0.0783,0.0274,0.411,0.783,2,4,3,0,1,0.7437
60.15,158.13,205.63,284.43,411.98,967.21,1776.79,76.96,830.19,10.0,86.6,23.0,158.7,30.06,178.0,0.0157,-0.0166,0.95,0.724,2,2,2,2,1,1.0
1.34,2.52,3.7,4.61,7.22,17.2,25.39,1.88,13.17,13.7,45.5,37.9,150.4,32.22,128.4,-0.0334,0.051,0.406,0.842,2,4,3,1,0,0.1028
1.1,2.14,4.2,6.97,10.55,21.1,32.4,1.54,17.07,17.4,34.0,14.8,3501.5,17.07,354.8,-0.0703,-0.0178,0.299,0.818,4,0,3,1,0,0.0341
0.65,1.12,2.26,2.87,3.25,7.86,9.54,0.98,5.49,8.5,44.1,22.8,1183.2,32.3,254.8,-0.0207,-0.0865,0.376,0.74,3,0,3,0,0,0.0461
2.3,6.1,11.69,17.12,20.56,28.3,45.72,2.64,25.7,8.1,62.7,5.6,2200.0,12.29,161.6,-0.0452,-0.0107,0.451,0.724,7,0,3,2,0,0.1171
0.07,0.13,0.17,0.19,0.23,0.45,0.75,0.09,0.38,10.0,55.0,2.7,1289.7,20.52,4.4,0.046,0.0227,0.286,0.513,7,4,2,0,0,0.0215
0.47,0.89,1.36,1.79,2.37,4.22,5.17,0.63,3.17,18.1,54.7,9.1,3953.8,29.33,187.4,0.0257,-0.0803,0.348,0.29,2,5,5,0,0,0.0276
1.03,2.5,3.56,4.35,5.97,14.77,20.47,1.12,10.9,21.2,43.8,22.1,1126.1,28.86,354.2,-0.0576,-0.0443,0.307,0.79,0,2,2,3,0,0.1483
3.66,6.99,13.73,17.56,23.39,30.81,41.79,3.95,26.34,27.5,68.6,5.3,1833.1,7.49,188.3,-0.0362,-0.0615,0.423,0.681,0,7,2,0,0,0.0744
32.17,67.56,141.45,253.22,307.29,528.64,1002.1,44.84,490.24,18.7,83.1,15.6,3671.8,47.59,65.7,-0.019,0.0393,0.95,0.749,0,3,2,0,1,1.0
1.31,3.68,6.67,9.07,14.12,19.95,32.22,1.58,17.99,14.1,38.1,32.9,3544.0,10.9,8.0,-0.0036,0.0836,0.394,0.618,0,2,2,1,0,0.0623
0.28,0.6,0.81,0.98,1.09,1.81,3.15,0.4,1.62,18.1,61.5,1.5,822.3,64.83,127.7,0.0503,-0.0105,0.286,0.601,2,3,2,1,1,0.9565
0.02,0.04,0.08,0.14,0.16,0.37,0.55,0.02,0.29,23.1,59.7,8.3,3381.0,29.8,330.6,0.0345,0.0266,0.418,0.262,0,4,3,1,0,0.1439
3.02,7.67,12.55,16.44,24.32,36.31,52.74,3.49,30.77,24.2,43.9,15.6,1951.5,28.45,358.8,0.0026,0.0253,0.444,0.547,3,0,3,0,0,0.4313
3.14,4.88,6.71,10.86,13.5,24.87,34.33,4.48,19.53,13.5,42.9,21.2,2054.3,11.48,340.3,-0.013,0.0777,0.297,0.841,0,0,2,0,0,0.0371
0.48,0.96,1.75,3.0,4.42,6.47,8.58,0.7,5.31,17.0,60.5,30.5,603.9,14.21,262.6,-0.0887,-0.0326,0.35,0.539,2,1,5,0,0,0.0064
2.96,7.13,9.15,12.32,15.39,38.07,74.91,3.66,33.63,26.3,63.6,28.9,384.5,45.57,200.9,0.0646,-0.011,0.518,0.12,0,5,2,2,1,0.9999
0.71,1.91,3.43,5.33,7.36,9.57,14.27,0.88,8.54,21.6,59.6,13.3,3070.9,42.47,212.6,-0.0224,-0.017,0.321,0.868,4,6,4,0,0,0.0518
0.07,0.17,0.37,0.42,0.64,1.48,2.09,0.11,1.12,18.4,81.9,19.7,2110.3,17.34,194.0,0.0777,0.0038,0.387,0.372,4,1,2,0,0,0.0315
0.38,0.83,1.5,2.06,2.46,5.92,8.43,0.45,4.45,8.4,45.2,38.6,1862.9,16.52,254.5,0.0098,0.1252,0.3,0.557,2,6,2,0,0,0.0202
1.58,3.31,6.81,11.76,17.16,37.94,54.12,2.08,29.02,2.8,40.9,14.6,3077.5,16.79,150.8,0.1013,0.0015,0.433,0.411,6,2,3,1,0,0.2097
0.35,0.74,1.52,2.52,3.8,6.38,8.04,0.35,4.93,21.8,49.4,8.0,3226.9,34.01,240.9,0.0303,-0.0427,0.481,0.335,0,2,3,0,0,0.2867
1.29,2.73,3.73,4.74,7.52,12.9,16.57,1.94,10.0,34.9,83.7,24.2,709.5,32.28,43.8,-0.0716,-0.0577,0.499,0.433,4,4,3,0,0,0.285
0.3,0.82,1.54,1.71,2.05,2.54,4.31,0.32,2.43,8.0,82.9,17.9,2582.4,23.45,95.7,-0.0307,0.0626,0.364,0.335,2,2,4,1,1,0.0334
0.35,0.89,1.55,2.38,3.21,4.67,5.2,0.38,3.59,19.0,49.5,15.2,611.7,20.63,301.0,-0.0085,-0.043,0.316,0.609,1,2,3,0,0,0.016
1.69,3.24,4.04,4.78,5.97,14.38,25.26,1.82,12.0,13.5,36.0,6.1,3168.2,17.23,325.3,-0.0437,0.0332,0.315,0.491,0,0,5,1,0,0.0199
3.06,4.83,6.7,11.18,14.74,31.63,39.71,3.13,22.99,14.1,70.6,6.8,2776.4,62.09,194.0,-0.0189,-0.034,0.357,0.425,0,0,2,1,1,0.9995
2.07,4.94,6.77,9.66,10.94,20.97,37.92,2.87,18.55,-1.4,55.1,14.0,4020.0,8.04,11.4,-0.0683,-0.0633,0.371,0.512,5,3,1,1,0,0.0896
0.09,0.22,0.4,0.55,0.85,2.12,2.98,0.11,1.57,11.7,75.9,45.0,336.2,15.26,333.7,0.0003,0.0303,0.336,0.594,3,0,5,0,0,0.0042
3.85,9.63,13.07,16.64,20.98,45.92,56.14,4.74,32.86,6.2,64.7,13.6,286.8,22.58,252.7,0.0119,-0.0315,0.488,0.802,1,3,2,0,1,0.3165
0.26,0.47,0.71,1.06,1.68,3.36,6.0,0.39,2.93,31.2,54.8,17.5,1221.1,7.02,149.1,-0.0502,0.0213,0.303,0.601,2,3,1,0,0,0.0114
1.95,4.54,5.94,9.94,13.12,24.57,37.14,2.16,20.02,19.0,59.7,22.8,1136.1,13.65,215.4,0.097,0.025,0.408,0.877,0,2,2,0,0,0.0411
10.55,24.59,31.01,44.35,56.64,102.24,128.53,10.85,77.52,18.4,100.0,15.2,1075.0,53.36,154.7,0.0032,0.0273,0.696,0.513,0,3,3,0,1,1.0
0.9,1.48,3.25,3.8,5.14,11.89,19.6,1.17,9.67,17.9,49.9,20.5,3811.0,31.14,167.5,-0.0408,-0.0134,0.326,0.492,6,7,3,0,0,0.0866
1.25,3.12,4.98,7.42,8.68,15.87,26.07,1.52,13.52,6.9,64.6,20.3,1085.6,13.59,319.3,-0.0815,0.0343,0.304,0.571,2,0,2,0,0,0.0349
0.15,0.34,0.58,0.78,1.18,2.09,3.47,0.17,1.8,14.9,55.9,20.5,1178.6,13.35,58.0,0.003,-0.0461,0.31,0.539,2,2,1,0,0,0.0206
5.41,11.61,14.36,20.99,31.56,47.35,63.93,6.69,38.87,25.3,46.0,19.6,3201.5,8.08,37.3,-0.013,-0.1227,0.455,0.262,7,4,2,0,0,0.3955
50.48,78.33,106.55,123.62,186.88,379.15,418.29,55.22,264.77,13.8,95.0,4.8,1916.4,14.72,1.0,0.0392,0.0353,0.95,0.827,2,0,1,1,1,1.0
3.61,7.57,13.62,15.7,20.52,25.45,45.26,5.34,24.86,-2.1,65.4,10.5,3273.3,25.74,113.0,-0.0072,0.0083,0.398,0.738,1,0,1,0,0,0.4177
0.43,1.12,1.79,2.89,3.7,5.66,6.3,0.62,4.29,16.7,46.6,9.5,321.3,23.39,53.1,-0.0597,-0.0305,0.375,0.536,1,2,3,1,0,0.0423
10.54,20.91,37.88,54.63,86.28,162.49,223.49,13.29,126.69,21.5,91.0,22.2,2073.4,15.17,79.2,0.0835,-0.0736,0.918,0.432,2,2,2,1,1,1.0
2.13,5.9,8.91,12.34,17.08,27.37,37.81,2.61,22.27,19.2,75.6,24.7,189.5,10.8,4.0,0.0218,-0.1018,0.473,0.666,2,0,1,0,0,0.1025
18.38,46.38,78.46,138.7,214.21,400.17,523.57,20.97,305.91,19.8,90.5,11.6,310.0,17.1,81.8,-0.0127,0.0026,0.95,0.738,0,2,2,1,1,1.0
1.78,4.58,9.67,11.95,14.69,22.15,31.66,2.43,18.6,30.8,39.0,6.5,3811.7,16.89,119.8,0.0082,0.0824,0.374,0.745,3,2,5,0,0,0.0186
40.63,92.01,167.17,289.89,397.81,921.56,1650.16,43.43,782.16,27.2,82.0,7.8,627.9,29.02,11.4,0.0237,-0.0069,0.95,0.487,4,2,2,2,1,1.0
0.65,1.21,2.32,3.91,5.62,7.55,13.58,0.89,7.25,14.4,58.0,16.0,2259.5,21.57,218.8,-0.0714,-0.0181,0.313,0.476,3,3,2,1,0,0.0724
1.41,2.86,6.07,8.94,10.27,15.27,18.54,1.73,12.05,25.9,64.1,16.7,1756.0,20.01,204.8,0.0079,-0.0012,0.371,0.629,5,4,2,0,0,0.0589
6.44,14.84,28.42,40.26,62.07,111.86,203.72,8.26,100.62,14.5,61.7,22.1,1491.5,35.6,34.9,-0.0225,0.109,0.862,0.804,1,2,1,0,1,1.0
0.78,2.07,3.82,4.53,5.98,10.59,12.86,1.05,7.96,16.7,66.0,12.2,3784.3,42.26,214.2,0.0254,0.0376,0.411,0.603,0,2,3,2,0,0.4383
12.1,29.59,60.76,82.61,123.78,256.62,466.34,16.52,224.07,22.7,89.9,34.1,140.6,23.23,359.5,-0.037,-0.0467,0.95,0.768,3,3,4,0,1,1.0
24.41,48.05,90.94,134.49,201.67,427.29,594.03,32.71,325.91,7.1,74.8,19.2,2804.7,23.55,340.0,-0.0302,0.0014,0.95,0.8,0,2,1,0,1,1.0
2.89,5.3,9.55,12.86,18.53,38.04,43.87,3.33,26.96,15.3,56.6,5.4,4048.1,17.78,1.0,0.0831,0.0166,0.473,0.56,0,5,3,2,1,0.2434
13.83,32.14,46.29,80.66,104.04,211.15,410.7,14.86,191.88,10.6,84.5,10.9,2374.7,11.39,286.3,0.0615,-0.0528,0.95,0.523,0,2,4,0,1,1.0
1.55,2.49,3.05,3.46,4.77,8.52,14.53,1.78,7.43,5.0,63.9,9.1,3937.8,30.26,127.3,-0.1648,0.038,0.426,0.569,4,2,5,0,0,0.0317
2.83,5.62,9.11,11.95,17.96,31.97,47.81,3.08,26.23,17.2,49.0,6.0,266.9,27.18,22.9,0.0578,-0.0409,0.423,0.836,0,0,3,1,0,0.2013
2.88,5.26,10.62,18.59,21.41,28.16,34.25,4.12,23.09,19.2,57.7,24.5,1788.0,18.6,106.6,-0.0037,-0.0755,0.458,0.592,1,4,1,0,0,0.3104
0.21,0.55,0.95,1.1,1.66,1.99,2.3,0.22,1.65,13.8,74.9,11.4,1129.7,21.61,115.8,-0.0354,0.0038,0.354,0.561,0,2,3,0,0,0.018
2.36,5.56,7.14,10.19,12.67,29.27,51.44,3.04,24.61,26.8,48.7,29.8,3082.9,34.35,188.4,-0.0504,-0.0041,0.526,0.493,4,3,3,1,1,0.7117
20.24,33.55,55.04,89.36,115.18,139.78,272.18,29.58,143.3,8.8,87.2,14.0,4122.4,37.41,238.0,-0.0475,-0.0001,0.95,0.91,2,2,4,1,1,1.0
9.56,20.68,37.33,49.9,61.96,147.38,279.38,14.21,128.37,9.5,86.3,10.7,1114.6,3.28,269.7,-0.034,-0.0382,0.95,0.886,1,0,5,2,1,0.9945
1.81,4.58,6.59,10.98,17.47,25.71,39.49,2.62,22.41,23.3,75.9,13.7,2764.8,13.06,88.5,-0.0564,-0.0313,0.449,0.44,4,2,3,1,0,0.1145
42.07,69.11,88.74,106.88,155.67,300.31,410.4,52.6,232.16,16.5,82.4,19.5,872.1,18.57,115.8,-0.0677,0.0564,0.95,0.505,4,0,2,1,1,1.0
2.19,4.91,8.63,15.46,24.72,59.58,73.18,2.86,41.84,20.7,51.3,17.4,2396.1,9.8,111.0,-0.052,0.0221,0.486,0.632,2,1,3,0,1,0.15
1.29,3.2,4.12,6.39,7.34,12.44,17.32,1.38,10.01,21.8,46.0,13.2,1975.3,21.92,130.6,0.0162,-0.0478,0.345,0.855,1,1,2,3,0,0.087
0.79,1.39,1.69,2.2,3.49,7.83,14.35,0.87,6.76,19.1,52.5,9.7,4083.8,13.47,359.9,0.0025,-0.0975,0.338,0.636,2,0,1,0,0,0.028
3.08,8.34,16.19,18.61,22.57,44.06,77.19,3.42,38.21,11.1,90.9,37.0,2575.4,22.33,280.1,0.0278,-0.0457,0.564,0.747,6,0,3,0,0,0.3632
1.59,3.54,5.86,8.74,9.69,17.05,33.15,2.02,15.94,19.4,79.6,5.3,1500.5,13.71,351.0,-0.0033,0.0079,0.448,0.948,0,3,1,2,0,0.0852
1.23,2.85,3.54,5.35,6.47,9.11,11.59,1.57,7.44,29.6,39.3,15.7,523.5,14.06,249.5,-0.0653,-0.0316,0.249,0.604,1,4,1,1,0,0.0423
1.66,3.25,5.84,8.23,9.81,13.94,17.42,1.84,11.27,23.3,38.3,6.0,677.7,22.24,146.3,0.0247,-0.0355,0.367,0.408,1,1,2,0,0,0.1142
6.0,15.04,18.25,32.06,47.24,75.81,123.66,6.57,66.4,12.8,64.8,15.1,985.1,30.96,140.3,-0.0502,-0.0295,0.536,0.432,3,2,5,0,1,0.9347
0.45,1.03,1.58,2.09,3.0,7.1,12.28,0.62,5.9,6.1,57.8,3.7,1091.5,26.33,175.9,0.0323,-0.0036,0.344,0.657,3,2,2,2,0,0.0948
8.19,22.06,30.25,45.54,58.2,83.8,118.99,9.2,71.07,22.3,35.2,15.5,3580.1,18.66,150.1,-0.0583,0.0392,0.669,0.74,1,1,2,0,1,0.9665
4.54,9.66,15.41,17.69,21.1,46.82,77.97,5.86,38.58,29.3,87.6,24.8,2379.1,5.63,298.2,-0.0344,-0.0,0.579,0.477,1,1,4,1,0,0.1567
1.4,3.21,3.9,5.54,7.09,9.52,17.06,1.55,9.13,31.2,66.2,12.8,2222.1,13.86,167.4,-0.0181,0.0031,0.377,0.479,6,0,3,0,0,0.0239
25.74,57.85,125.63,207.23,328.01,740.35,1289.58,32.29,622.28,20.7,80.5,11.3,526.3,12.98,106.4,0.0337,-0.0112,0.95,0.153,4,5,2,2,1,1.0
23.24,52.32,70.54,114.5,143.22,184.77,238.52,30.45,155.95,18.0,98.7,8.9,3619.6,28.06,278.9,0.0088,-0.025,0.95,0.733,6,4,3,0,1,1.0
8.5,20.63,44.53,63.88,92.22,137.36,222.83,12.64,122.32,9.8,90.0,31.0,3049.7,20.73,307.6,0.001,0.0447,0.95,0.716,4,2,2,0,1,1.0
18.1,29.63,50.55,85.92,108.92,163.38,260.31,19.17,144.05,7.5,87.6,11.4,330.8,21.16,151.4,0.0943,0.0371,0.95,0.654,2,3,3,2,1,1.0
3.89,8.88,11.26,19.87,29.86,67.82,111.73,5.26,55.34,26.6,89.1,24.4,2987.5,11.71,240.4,-0.0918,0.1023,0.562,0.744,0,2,2,0,0,0.5347
1.12,2.3,4.77,6.7,9.3,18.26,27.43,1.54,14.68,18.8,61.9,20.4,2305.7,38.2,21.2,-0.0519,0.0305,0.409,0.561,3,0,1,0,1,0.7079
0.95,1.98,3.2,4.3,6.17,12.51,20.22,1.06,10.34,30.1,93.0,10.9,389.2,21.08,190.6,-0.0541,-0.0249,0.439,0.253,2,4,2,0,0,0.1672
7.63,15.75,21.22,32.75,36.65,83.01,121.53,9.18,63.96,17.5,83.9,32.9,1951.9,11.28,16.2,-0.0885,-0.0452,0.719,0.596,2,0,2,0,1,0.8585
0.1,0.16,0.24,0.44,0.64,1.4,2.61,0.14,1.23,15.6,37.1,19.4,2061.5,11.78,10.5,-0.036,0.0476,0.359,0.419,2,3,3,0,0,0.0099
1.33,2.02,3.02,3.4,4.2,5.13,6.84,1.8,4.46,24.5,71.6,3.2,738.0,22.77,220.7,0.0344,-0.0407,0.391,0.805,6,2,4,1,0,0.017
25.21,41.31,74.72,101.36,144.12,232.21,275.08,31.52,177.27,19.3,85.5,14.4,3974.6,11.03,109.2,-0.0296,0.0405,0.945,0.53,0,3,5,1,1,1.0
0.37,0.77,1.68,2.42,3.17,4.98,6.33,0.5,3.94,21.8,40.1,9.0,3577.4,13.08,267.3,-0.0167,-0.038,0.338,0.545,0,2,4,0,0,0.0074
1.01,2.01,2.78,4.97,6.26,14.02,24.13,1.28,11.73,15.1,67.4,2.5,2826.4,9.5,322.6,-0.0861,0.0175,0.395,0.844,3,3,2,1,0,0.0207
7.64,12.86,18.17,30.49,38.88,47.15,64.78,8.08,41.59,17.8,81.1,16.4,1968.5,27.94,50.2,-0.0398,-0.053,0.458,0.662,5,0,3,1,1,0.7674
3.41,8.31,18.03,23.58,27.32,33.4,44.54,4.73,29.05,27.3,61.9,18.5,1758.8,11.18,260.8,-0.0231,0.039,0.502,0.627,6,0,3,2,1,0.2089
0.2,0.49,0.7,1.15,1.34,1.95,2.62,0.23,1.61,14.3,25.0,17.9,2751.5,41.53,185.2,0.0321,-0.0617,0.259,0.494,2,5,5,0,0,0.03
0.88,2.35,3.37,4.19,4.86,7.3,8.49,1.3,5.65,28.3,89.5,20.1,2313.5,24.33,40.4,-0.0837,0.0136,0.382,0.394,0,3,3,0,0,0.0558
42.3,110.09,241.27,365.07,524.63,742.71,1453.43,59.33,732.66,34.3,93.4,5.7,308.4,9.48,234.6,-0.0228,-0.0099,0.95,0.652,2,4,1,1,1,1.0
17.97,46.3,85.87,96.86,120.14,157.56,222.25,24.78,137.0,22.5,91.9,7.1,2176.9,26.2,219.4,0.0543,0.0051,0.886,0.387,6,2,1,0,1,1.0
9.92,25.22,38.02,53.12,83.92,172.78,290.3,13.86,145.14,14.0,80.5,20.2,3396.6,38.24,185.6,-0.0223,-0.0198,0.95,0.32,2,2,3,1,1,1.0
0.08,0.21,0.3,0.5,0.75,1.05,1.84,0.09,0.99,14.4,51.2,10.0,1955.8,18.2,333.5,-0.1058,-0.021,0.286,0.482,3,2,2,1,0,0.028
5.01,10.86,18.22,23.7,30.16,61.14,87.97,5.18,47.84,21.3,80.9,34.7,265.6,40.6,187.6,0.064,0.0077,0.623,0.788,1,0,1,0,1,0.9958
1.23,1.97,3.0,4.83,6.56,11.78,22.22,1.48,10.79,11.7,65.7,8.0,3313.1,24.58,356.6,0.0367,-0.0501,0.45,0.559,0,3,4,0,0,0.0433
1.48,3.32,4.01,5.33,7.95,18.43,32.11,1.72,15.42,25.2,66.3,14.8,885.7,13.48,183.3,0.0435,-0.0504,0.421,0.661,2,4,2,1,0,0.0574
2.87,7.46,9.47,10.9,12.78,19.81,22.86,3.18,15.14,19.9,65.4,10.0,1123.3,53.8,41.7,-0.0872,-0.0179,0.39,0.738,4,6,1,0,1,0.9516
0.21,0.34,0.6,1.04,1.24,3.07,5.64,0.25,2.61,9.7,81.2,9.2,733.5,7.94,169.4,0.0756,-0.0199,0.313,0.776,8,2,2,0,0,0.0061
0.35,0.89,1.3,1.81,2.34,4.49,5.83,0.46,3.4,17.0,45.5,7.2,1420.4,15.77,65.6,-0.0387,-0.0503,0.316,0.655,4,2,3,0,0,0.0099
0.82,1.38,2.95,4.77,6.49,15.94,23.22,0.85,12.06,19.2,10.8,14.6,3190.5,18.66,215.0,-0.0255,0.0462,0.262,0.179,2,4,3,0,0,0.0537
0.66,1.01,1.9,2.89,3.36,6.87,13.68,0.76,6.31,10.3,36.9,3.0,2205.5,49.03,249.5,-0.0351,-0.0167,0.249,0.621,3,4,2,0,0,0.3131
4.49,10.84,23.6,37.1,49.46,74.69,99.65,5.15,60.9,6.0,78.6,2.0,900.3,28.29,168.6,0.0473,-0.0113,0.646,0.813,4,5,2,0,1,0.9623
0.57,1.34,2.69,3.98,4.77,7.58,14.7,0.63,7.24,23.4,78.9,5.9,3693.0,25.77,35.2,-0.009,-0.0664,0.317,0.883,0,3,1,3,0,0.1253
3.44,9.1,13.77,20.43,31.46,44.22,79.56,4.99,41.96,22.1,77.2,38.8,3700.3,12.27,168.7,0.0241,0.1036,0.578,0.486,7,5,5,0,0,0.2052
1.14,2.69,5.23,8.93,14.0,24.57,43.05,1.63,21.8,8.7,97.5,34.7,3662.9,17.82,29.3,0.0038,0.1214,0.562,0.567,2,0,2,2,1,0.3168
0.15,0.28,0.47,0.7,1.02,1.66,3.31,0.2,1.6,15.8,69.1,5.0,1041.0,13.67,245.6,-0.0048,-0.039,0.295,0.623,7,3,5,2,0,0.007
1.68,4.52,7.75,12.91,15.09,23.01,43.87,2.35,22.0,39.3,77.5,28.2,1922.6,25.31,284.5,-0.0473,0.0613,0.434,0.751,4,0,4,0,0,0.0753
100.41,268.44,464.34,656.07,947.25,1383.7,2581.44,135.97,1322.82,24.3,81.6,13.5,4137.7,35.05,346.5,0.0906,-0.0046,0.95,0.539,0,3,2,1,1,1.0
1.1,2.99,5.63,10.03,13.74,31.42,36.07,1.13,21.68,12.3,89.7,11.6,3253.9,60.27,53.6,-0.0732,0.0802,0.434,0.341,0,3,3,1,1,0.9997
0.99,2.43,3.79,4.34,6.61,15.15,21.84,1.39,11.56,22.7,96.7,8.7,162.7,14.57,191.7,0.0206,0.0168,0.483,0.449,2,0,2,0,0,0.0609
0.24,0.63,1.26,1.72,2.21,4.22,5.91,0.3,3.31,12.1,38.1,17.0,320.6,7.79,204.3,0.0188,0.005,0.329,0.541,1,2,5,1,0,0.0047
0.29,0.53,0.73,0.89,1.42,2.82,3.28,0.37,2.02,25.1,67.9,12.6,1975.3,15.92,332.1,0.0577,-0.125,0.322,0.396,2,0,3,0,0,0.0149
1.74,3.95,6.14,8.04,12.06,21.05,25.35,2.6,15.82,16.1,59.2,25.9,3823.3,32.53,225.8,0.0694,-0.0439,0.427,0.444,3,0,3,0,0,0.2947
1.03,1.9,3.55,4.21,5.06,10.19,17.49,1.51,8.69,13.6,64.1,8.6,2285.6,11.38,52.4,-0.0069,0.001,0.395,0.642,2,0,3,2,0,0.027
0.05,0.09,0.19,0.28,0.4,0.89,1.62,0.06,0.77,13.1,66.2,26.4,2115.9,19.03,157.1,0.0265,0.0099,0.303,0.442,0,2,2,1,0,0.0335
31.85,82.03,168.68,187.12,254.37,467.22,773.2,37.78,399.13,26.9,83.6,11.3,487.7,25.95,235.7,0.0882,-0.0607,0.95,0.764,7,0,2,1,1,1.0
1.76,4.26,6.55,9.89,14.51,32.35,58.31,1.78,27.74,4.9,60.9,3.2,2775.6,14.75,252.1,-0.0033,-0.0364,0.467,0.634,2,0,3,0,0,0.0853
0.08,0.22,0.36,0.63,0.81,1.91,3.14,0.1,1.55,10.7,44.5,21.9,3461.7,21.58,310.7,-0.0533,0.0277,0.324,0.572,5,1,1,0,0,0.043
1.91,4.81,7.03,8.53,9.44,23.49,40.95,2.19,19.42,16.3,55.7,12.1,1628.7,10.72,65.0,-0.0192,-0.0692,0.392,0.583,0,0,2,1,0,0.0671
2.73,5.12,9.32,14.55,18.82,46.18,80.88,2.79,38.35,16.1,66.3,32.7,3268.8,36.34,342.6,-0.0652,0.0067,0.599,0.747,4,1,3,0,1,0.8008
0.78,2.07,3.25,4.17,5.96,9.07,16.59,0.91,8.5,22.0,63.2,32.6,4052.6,16.61,21.3,0.0186,0.0619,0.375,0.796,0,3,5,0,1,0.0065
2.11,3.37,7.17,8.61,10.05,20.05,27.68,2.73,15.45,13.6,64.4,16.7,895.6,21.24,354.2,0.0532,0.0193,0.4,0.497,3,3,5,0,0,0.0313
0.51,0.82,1.28,2.16,3.38,5.63,10.2,0.61,5.14,10.9,59.9,17.3,2221.8,5.8,308.8,-0.0061,0.0168,0.458,0.752,3,7,4,2,0,0.0078
3.07,5.7,10.7,15.31,19.42,40.98,63.53,3.43,32.93,19.1,76.5,20.4,1241.6,9.81,237.7,-0.081,-0.101,0.527,0.608,6,0,3,0,1,0.1046
5.29,13.47,25.14,28.83,40.22,58.71,115.41,5.49,57.61,18.2,65.4,7.9,3340.3,31.96,264.6,0.0511,-0.0411,0.654,0.324,1,5,4,0,1,0.9823
0.01,0.02,0.03,0.04,0.05,0.08,0.1,0.01,0.06,4.9,52.1,27.1,2447.0,14.63,26.2,-0.0888,0.1027,0.298,0.329,0,1,3,1,0,0.0171
1.11,2.6,3.18,5.67,6.31,15.52,30.85,1.23,13.8,15.6,59.9,7.1,2683.5,11.05,14.9,-0.0773,-0.03,0.388,0.873,5,1,2,0,0,0.0182
0.15,0.42,0.63,1.04,1.42,2.82,3.34,0.22,2.04,20.5,44.8,31.4,3361.3,7.38,36.6,-0.0089,0.0632,0.219,0.669,1,1,2,2,0,0.0123
1.36,3.1,5.92,8.82,11.78,17.2,28.18,1.61,15.47,19.3,59.0,27.4,1693.3,35.98,31.4,0.0126,-0.0305,0.444,0.739,1,0,5,2,0,0.135
0.01,0.02,0.03,0.05,0.08,0.15,0.25,0.01,0.13,17.9,55.9,34.8,3847.6,27.63,197.1,0.0211,-0.0139,0.343,0.514,2,2,3,2,1,0.0565
19.38,39.76,50.47,83.86,126.81,211.17,403.39,28.99,198.02,15.6,93.0,15.8,2262.1,26.67,77.6,-0.0033,0.0258,0.95,0.613,0,4,3,2,1,1.0
1.83,5.07,10.63,15.02,21.8,32.75,58.41,2.34,30.42,13.6,56.4,4.9,705.5,43.5,309.7,0.088,0.005,0.483,0.884,1,5,1,1,1,0.9372
2.49,4.41,7.88,11.26,15.99,20.43,24.23,3.15,16.76,20.4,47.5,13.7,2938.0,15.78,160.5,0.0033,0.0191,0.387,0.982,2,7,2,1,0,0.0504
2.37,4.27,5.48,9.58,15.07,37.26,61.67,2.8,30.01,15.7,40.6,13.8,3342.0,7.85,250.4,0.0517,-0.0409,0.369,0.78,1,4,5,0,0,0.0214
0.78,1.43,1.78,2.01,3.11,5.23,9.06,1.14,4.66,19.8,95.4,17.9,1364.6,19.66,235.0,0.0393,-0.0568,0.408,0.412,2,3,4,1,0,0.0288
0.01,0.01,0.02,0.02,0.03,0.05,0.07,0.01,0.04,15.3,74.6,10.6,3607.3,47.88,115.1,-0.0646,-0.0443,0.276,0.793,2,2,4,1,0,0.0553
2.07,4.48,9.85,13.87,17.43,30.08,50.89,2.69,26.34,26.0,83.5,16.8,3810.5,19.88,87.5,-0.0085,-0.0266,0.55,0.645,4,5,2,1,0,0.3434
3.96,8.74,12.96,16.08,19.42,41.2,48.71,5.2,29.28,17.7,82.3,8.8,1199.2,34.57,123.3,0.1062,-0.0115,0.495,0.748,6,3,1,1,1,0.873
0.58,1.45,2.75,3.37,4.84,10.5,12.88,0.85,7.54,18.3,65.5,3.6,4131.6,8.05,286.8,-0.0252,0.0519,0.358,0.436,0,0,2,1,0,0.0248
0.48,0.91,1.25,1.81,2.77,6.56,9.35,0.58,4.95,26.2,68.1,18.3,634.0,12.13,211.1,-0.0337,0.0044,0.459,0.694,4,3,2,2,0,0.0301
4.02,10.8,15.78,23.83,37.51,60.61,77.37,4.56,47.62,10.2,69.8,10.7,888.4,30.95,91.3,0.0085,0.0242,0.585,0.373,6,2,2,1,1,0.9881
3.14,8.12,9.8,13.94,22.27,55.1,60.78,3.72,36.76,10.5,60.1,3.6,814.5,21.0,294.4,-0.0234,0.0071,0.524,0.604,3,2,3,2,1,0.4857
0.91,2.24,4.61,6.39,9.78,21.87,36.29,1.22,17.97,17.6,88.4,16.9,3760.1,18.01,19.7,-0.0397,-0.0558,0.507,0.55,8,5,1,0,1,0.205
2.36,6.54,14.34,22.86,29.03,42.03,63.74,2.63,36.6,0.3,52.9,41.9,2765.3,34.32,251.7,-0.0242,0.0009,0.48,0.427,1,3,5,0,1,0.5309
21.49,32.97,52.03,84.22,101.13,187.41,243.77,26.81,143.19,4.9,82.8,36.9,681.2,30.73,158.1,0.0716,0.0065,0.95,0.269,4,6,5,1,1,1.0
0.95,2.65,3.75,4.58,5.66,9.3,12.01,0.97,7.31,19.4,81.5,5.6,1877.3,21.31,263.3,-0.0068,0.038,0.349,0.614,3,5,2,0,0,0.0413
0.15,0.27,0.37,0.43,0.62,1.15,1.89,0.2,0.98,26.5,72.6,16.4,2603.5,3.32,333.9,-0.0664,-0.0534,0.305,0.471,1,0,3,1,0,0.0062
8.26,12.84,18.75,21.48,30.58,49.04,58.69,10.31,37.64,19.7,95.6,6.4,396.4,19.2,270.0,-0.0756,-0.102,0.511,0.651,3,0,3,0,0,0.4509
1.7,3.54,5.6,9.05,13.75,20.84,27.58,2.09,16.92,24.3,39.1,14.6,3712.0,24.17,159.1,0.1103,0.0088,0.318,0.866,2,1,2,1,0,0.0889
0.26,0.61,1.17,1.3,1.61,3.48,3.96,0.28,2.42,8.3,37.3,32.5,3385.0,5.91,54.4,-0.0112,0.0177,0.158,0.693,0,5,4,0,0,0.0028
1.0,1.88,3.6,6.41,8.86,16.58,29.67,1.35,14.66,6.3,61.2,9.4,2146.6,23.73,290.3,0.0217,-0.009,0.413,0.565,0,0,2,1,0,0.17
2.38,4.95,8.48,13.53,21.01,40.23,79.59,3.45,37.31,19.9,44.5,2.6,4063.6,35.14,165.9,-0.0386,0.0014,0.515,0.281,3,3,3,0,1,0.9349
2.19,3.97,6.33,9.6,10.9,19.1,25.58,2.53,14.98,21.4,61.0,19.0,1783.7,19.18,27.1,0.016,0.0439,0.403,0.679,3,2,2,2,0,0.1304
17.62,26.45,45.25,50.78,65.02,155.08,235.42,26.31,120.38,19.0,71.7,4.2,4134.1,10.29,258.9,0.073,-0.0229,0.95,0.755,2,3,4,0,1,0.9985
1.4,3.74,6.59,7.4,8.43,10.64,15.89,1.48,9.58,13.6,85.9,15.4,2821.9,3.66,105.1,-0.0326,-0.0139,0.413,0.448,2,0,3,1,0,0.0161
2.63,5.18,9.39,13.33,19.67,43.65,69.3,2.99,35.12,9.9,50.3,11.1,2683.9,23.98,17.6,0.0229,0.004,0.522,0.584,0,0,4,2,1,0.4211
0.01,0.02,0.03,0.05,0.05,0.12,0.17,0.01,0.09,20.7,50.7,8.3,738.7,6.43,325.0,-0.0703,-0.061,0.342,0.82,2,0,2,0,0,0.0042
1.54,3.09,5.7,7.42,11.68,19.96,24.33,2.07,15.16,25.7,55.9,2.6,3710.0,26.55,173.9,0.1011,-0.0076,0.315,0.718,5,2,1,1,0,0.1956
0.49,0.74,1.05,1.25,1.9,2.44,3.24,0.51,2.08,23.3,56.9,9.5,1824.1,46.66,101.1,0.0134,-0.0032,0.334,0.868,5,1,2,2,0,0.2654
0.25,0.41,0.69,0.89,1.0,2.22,4.04,0.33,1.92,32.2,72.8,19.2,723.3,12.47,257.9,-0.0206,0.0819,0.344,0.738,3,4,4,1,0,0.006
0.07,0.16,0.24,0.38,0.57,1.02,1.67,0.11,0.87,15.2,96.3,3.4,102.3,16.85,318.9,-0.0149,-0.0149,0.448,0.801,8,1,2,1,0,0.0189
0.7,1.25,2.24,3.09,3.57,7.15,8.31,1.02,5.11,15.9,57.1,14.1,2373.0,48.07,0.1,-0.0255,0.01,0.326,0.649,5,3,2,1,0,0.4825
1.03,2.43,4.13,5.44,7.9,17.73,22.96,1.55,12.94,18.5,97.2,29.2,2238.7,20.49,247.6,-0.0229,0.0459,0.372,0.756,0,6,2,0,1,0.0458
2.66,5.56,7.78,13.6,19.69,27.89,40.72,3.78,24.04,8.0,69.9,8.8,3035.3,14.71,276.1,-0.1224,-0.0419,0.449,0.373,2,3,2,1,1,0.2751
1.16,1.84,3.46,4.62,7.3,12.24,20.58,1.31,10.76,21.0,55.8,30.8,3744.6,32.53,75.6,-0.0049,0.0688,0.399,0.253,0,0,4,0,0,0.1672
1.94,4.23,5.16,8.97,11.92,25.04,45.23,2.1,21.74,20.5,82.3,11.4,379.5,15.19,176.3,-0.007,0.0882,0.435,0.816,2,4,2,1,0,0.0846
1.8,4.18,6.33,7.32,10.81,17.78,28.9,1.85,15.45,16.3,78.5,21.3,3085.7,11.97,32.1,0.0244,-0.0014,0.406,0.708,4,0,3,1,0,0.0324
8.31,18.49,36.69,61.58,85.17,143.11,273.27,9.68,133.91,9.6,58.1,4.2,827.8,26.33,268.8,-0.0262,-0.027,0.95,0.565,0,1,2,0,1,1.0
0.2,0.37,0.73,1.07,1.7,3.68,6.72,0.3,3.19,14.4,55.8,19.0,3611.4,33.92,305.1,-0.0386,0.0814,0.28,0.858,5,1,2,0,0,0.0364
0.47,0.73,1.57,2.28,3.08,6.69,10.23,0.61,5.31,15.8,61.3,5.9,3449.1,11.92,38.9,-0.0004,0.0398,0.356,0.662,2,0,2,0,0,0.0137
4.08,8.35,14.92,22.64,35.55,70.41,123.66,4.78,60.96,8.9,64.9,23.5,2294.3,21.43,293.9,-0.0806,0.0041,0.699,0.704,3,3,3,2,1,0.9287
7.89,18.61,31.25,48.89,63.73,110.58,137.73,7.92,84.38,14.3,44.9,18.8,2997.5,17.27,277.8,0.0072,0.0713,0.612,0.769,0,2,2,0,1,0.9729
14.15,22.52,42.04,70.32,83.97,143.15,202.27,18.23,115.74,1.8,97.4,8.5,1354.6,18.87,124.9,-0.0931,0.066,0.896,0.892,0,2,2,0,1,0.9997
0.03,0.07,0.14,0.16,0.21,0.33,0.37,0.04,0.25,8.4,56.8,10.8,2005.3,10.35,248.5,0.056,-0.0168,0.301,0.876,3,1,1,0,0,0.0073
2.66,5.17,9.31,12.28,16.26,21.1,37.31,3.98,20.29,21.3,51.0,8.7,3459.8,27.41,0.0,0.0342,0.0124,0.406,0.464,4,2,4,1,0,0.2103
1.49,2.91,5.66,8.07,11.52,14.51,28.12,1.9,14.69,18.8,51.7,19.2,1956.0,41.44,335.4,-0.0463,0.0288,0.353,0.7,5,1,1,0,1,0.5911
1.12,2.16,3.27,5.81,8.18,19.62,28.25,1.58,14.83,22.0,75.6,22.8,1534.9,11.75,198.1,0.0331,0.0014,0.361,0.545,3,0,4,1,0,0.0234
5.05,13.48,20.59,23.53,28.08,38.35,52.85,5.35,32.63,15.6,55.0,13.7,2101.0,27.4,223.3,0.0056,-0.0695,0.452,0.235,1,1,1,0,1,0.9463
0.21,0.58,0.74,1.02,1.19,2.38,3.18,0.32,1.81,19.3,44.2,8.2,3487.2,32.13,239.3,-0.0505,-0.0469,0.368,0.567,0,3,4,0,0,0.029
0.63,1.69,2.48,4.08,5.55,8.62,9.49,0.8,6.47,14.3,48.4,14.5,1441.1,21.35,202.1,-0.1011,-0.0679,0.281,0.637,5,3,3,0,1,0.019
1.48,3.73,6.3,11.04,12.47,25.28,34.8,1.76,19.38,12.4,64.4,4.6,771.1,26.78,308.4,0.0158,0.0246,0.378,0.285,0,1,3,0,1,0.2319
0.01,0.01,0.02,0.04,0.06,0.12,0.13,0.01,0.08,20.1,59.4,17.1,3004.9,12.59,219.5,-0.0397,-0.0592,0.414,0.952,3,6,1,2,0,0.018
3.01,7.41,12.94,23.09,32.48,72.12,115.74,4.23,58.33,10.7,74.0,4.8,3477.8,40.21,326.8,0.0547,0.0096,0.578,0.81,2,1,2,1,1,0.9897
2.15,4.05,7.77,11.41,13.7,18.06,30.99,3.16,17.05,19.6,34.9,8.0,467.6,34.06,209.6,0.0007,0.0916,0.35,0.894,2,3,3,1,1,0.1405
1.86,3.7,6.12,9.85,15.49,20.67,29.4,2.76,17.94,17.7,78.9,7.1,1045.5,36.12,61.6,-0.035,0.0714,0.454,0.228,2,0,3,1,1,0.8002
0.55,0.93,1.6,2.74,3.8,8.55,12.5,0.72,6.59,22.0,58.8,9.0,639.2,9.27,328.9,0.0899,-0.0919,0.322,0.936,7,3,3,1,0,0.0073
0.55,1.2,1.99,2.77,4.43,10.7,14.82,0.69,7.93,17.8,55.3,9.6,1494.0,24.97,245.4,0.0288,-0.0639,0.239,0.883,5,2,1,0,0,0.035
2.96,7.55,13.6,15.73,17.64,27.09,36.29,3.4,22.02,27.7,59.2,18.1,1919.0,13.15,251.7,-0.1828,-0.0388,0.351,0.627,5,2,2,1,0,0.1052
11.33,26.99,41.54,47.3,69.95,111.92,155.75,15.26,91.4,16.8,84.7,14.8,3157.6,42.02,354.8,-0.0243,-0.0585,0.775,0.82,2,0,3,1,1,0.9999
0.49,0.98,1.77,3.1,3.8,9.11,14.62,0.53,7.26,17.0,82.3,38.9,2752.3,11.9,27.1,-0.0692,-0.0827,0.377,0.312,0,2,1,2,0,0.0992
2.02,4.79,7.69,8.47,11.51,25.66,41.2,3.02,20.74,21.5,78.2,6.3,2626.9,21.82,154.3,-0.04,-0.0005,0.574,0.742,8,4,5,1,0,0.0634
1.3,3.01,5.42,7.17,8.26,12.47,21.97,1.87,11.5,16.8,65.8,14.5,1512.4,4.77,86.1,-0.0072,0.0353,0.412,0.533,0,4,4,2,0,0.0184
0.67,1.47,2.27,3.85,4.52,8.85,10.8,0.87,6.49,17.3,90.2,9.7,3542.0,21.76,227.0,0.0177,0.0477,0.361,0.331,2,0,2,1,0,0.111
1.29,2.38,3.24,4.47,5.63,9.05,17.77,1.56,8.67,16.0,46.9,8.8,2005.8,9.34,290.5,0.0131,-0.0237,0.31,0.565,1,1,3,1,0,0.0174
3.78,5.81,8.1,10.03,14.94,26.52,41.65,5.39,22.27,34.9,43.7,14.6,4113.3,25.67,347.9,0.0539,-0.0136,0.421,0.626,2,0,3,2,0,0.3182
0.9,1.39,1.87,2.23,3.37,7.13,13.28,1.17,6.28,36.8,87.2,19.3,2681.7,17.57,163.7,0.0318,0.0178,0.512,0.455,1,0,1,1,0,0.1629
0.01,0.02,0.03,0.03,0.04,0.05,0.06,0.01,0.04,14.6,43.6,5.2,574.0,15.45,283.0,0.0287,-0.0054,0.292,0.593,5,0,2,2,0,0.0234
1.99,5.22,9.49,14.74,17.18,22.28,31.75,2.35,19.52,8.5,70.4,22.5,2856.1,42.58,330.1,0.0101,0.0405,0.452,0.925,7,1,2,1,1,0.5974
17.24,31.18,64.81,86.06,135.42,337.34,592.27,24.6,279.8,18.2,75.6,14.4,1399.2,55.79,246.0,0.0643,0.0215,0.95,0.401,2,4,2,1,1,1.0
0.08,0.14,0.29,0.33,0.48,0.84,0.99,0.08,0.63,23.3,64.2,18.8,2898.3,7.63,87.4,-0.0158,-0.0188,0.266,0.587,0,2,5,1,0,0.0033
5.06,9.59,18.5,21.43,25.06,53.87,67.4,5.53,39.09,22.3,81.9,11.0,339.0,15.74,218.8,-0.0145,-0.0928,0.553,0.681,3,4,3,1,0,0.3422
0.76,1.71,2.98,5.06,5.77,14.41,23.31,1.06,11.45,27.9,43.1,32.5,775.8,29.74,349.2,-0.0953,0.075,0.28,0.479,2,4,1,0,0,0.2109
1.25,1.9,3.16,3.74,4.84,6.05,9.32,1.73,5.54,24.7,83.2,35.0,3601.3,23.41,355.5,0.0528,-0.0343,0.402,0.687,8,2,3,1,0,0.0406
0.55,1.47,1.95,2.82,3.26,5.8,8.44,0.68,4.7,13.3,70.6,11.6,992.8,28.87,231.2,-0.0038,0.0179,0.334,0.891,0,2,5,0,0,0.0079
2.1,5.26,7.36,9.89,14.39,17.63,22.0,2.28,14.94,23.3,54.6,16.3,3523.7,18.29,319.3,0.1467,-0.0958,0.281,0.717,0,6,1,6,1,0.3887
0.15,0.32,0.69,0.85,1.02,2.08,2.31,0.15,1.45,17.5,31.2,14.0,1209.0,34.81,72.1,-0.0203,-0.0006,0.306,0.769,3,2,3,0,0,0.0282
0.14,0.37,0.56,0.67,0.9,1.28,1.41,0.16,0.99,6.6,74.3,11.0,2718.0,21.3,88.6,0.0044,0.005,0.437,0.667,4,2,4,0,0,0.0103
1.85,4.1,7.34,11.36,14.57,35.3,58.21,2.45,28.48,25.2,93.3,15.3,2930.7,24.17,343.0,0.0273,0.0074,0.471,0.462,2,5,4,0,0,0.1889
0.58,0.94,1.7,2.92,4.12,9.63,14.3,0.69,7.42,20.0,63.4,27.2,2177.5,9.35,48.7,-0.0551,0.1507,0.381,0.924,1,0,3,1,0,0.0083
6.16,13.7,19.42,29.54,46.18,94.66,170.81,8.81,82.53,24.3,80.0,8.5,1317.0,20.12,68.8,0.0179,-0.0316,0.797,0.924,1,3,5,0,1,0.9102
0.32,0.68,1.33,1.82,2.38,3.36,4.72,0.34,2.85,28.6,66.5,7.5,932.5,29.91,151.4,0.0017,0.041,0.376,0.473,1,0,1,2,0,0.3447
5.67,13.63,17.66,23.22,31.1,51.26,56.38,6.3,37.79,12.5,89.0,12.8,187.7,22.71,212.3,-0.0152,0.0262,0.536,0.443,1,4,1,0,1,0.8867
5.51,10.75,15.78,21.37,32.76,81.04,126.22,7.53,63.28,11.1,60.6,10.0,1311.4,50.11,217.4,0.0586,-0.0339,0.613,0.594,5,4,1,3,1,1.0
0.59,1.17,2.05,2.78,3.94,6.35,9.55,0.79,5.36,12.9,67.0,5.9,2760.6,20.61,105.1,-0.0452,0.0403,0.348,0.77,0,2,1,0,0,0.038
1.66,4.53,7.63,11.12,12.53,31.22,39.84,2.04,22.15,24.4,91.0,21.0,3944.0,24.99,331.4,0.0137,-0.0082,0.548,0.708,2,3,1,1,1,0.5176
15.57,41.95,81.09,110.07,122.65,278.44,555.61,22.79,251.44,14.6,86.6,7.2,3665.5,21.24,329.4,0.0727,0.0438,0.95,0.74,3,4,4,0,1,1.0
1.21,3.24,6.99,10.55,16.52,31.25,37.57,1.24,22.99,5.4,60.2,12.3,3229.2,18.63,141.1,-0.0353,0.098,0.523,0.873,0,2,4,1,0,0.0533
0.0,0.0,0.0,0.0,0.0,0.0,0.01,0.0,0.0,11.6,64.5,9.0,3322.1,30.4,156.3,-0.0148,0.0075,0.377,0.852,5,6,2,0,0,0.0314
13.96,34.54,42.66,55.14,85.78,211.53,333.36,14.14,166.25,7.1,84.3,8.1,2809.7,17.91,252.9,0.1173,-0.0141,0.95,0.553,3,2,5,1,1,1.0
0.08,0.22,0.34,0.54,0.71,1.13,1.58,0.11,0.93,21.5,53.9,12.7,1130.2,8.98,238.7,0.0237,0.0526,0.313,0.605,0,5,2,1,0,0.0109
0.05,0.13,0.25,0.41,0.55,0.74,1.06,0.05,0.64,16.2,51.5,7.8,3814.9,41.57,137.6,-0.0253,0.0698,0.369,0.461,5,2,1,1,1,0.6825
8.15,14.8,28.69,45.13,72.03,94.18,179.84,11.6,93.72,18.6,74.9,8.8,2833.5,13.39,149.1,0.0401,-0.0442,0.73,0.447,2,2,3,0,1,0.9945
2.17,3.86,6.62,8.86,12.03,23.97,35.17,2.78,19.0,16.4,64.9,11.1,2375.8,7.38,125.3,-0.0284,-0.0226,0.438,0.422,3,0,2,1,0,0.0734
4.3,9.23,15.25,21.53,34.17,55.45,83.84,4.67,46.78,2.8,87.5,12.6,510.6,26.66,84.7,-0.0782,0.0338,0.553,0.824,5,1,1,0,1,0.874
18.55,48.8,77.1,94.64,134.3,228.28,353.34,24.72,192.41,12.9,84.3,2.1,1905.3,44.37,164.9,0.0686,-0.0066,0.95,0.675,5,5,5,1,1,1.0
29.49,64.49,91.11,161.85,240.41,337.1,552.82,39.94,306.62,18.3,89.4,16.0,1960.5,27.0,247.1,-0.0552,-0.0477,0.95,0.479,2,2,3,1,1,1.0
3.75,9.48,14.62,24.98,28.3,37.11,53.37,5.51,32.52,15.3,84.6,13.4,3637.9,38.46,267.1,0.1226,0.027,0.49,0.769,1,2,3,0,0,0.7178
0.43,0.91,1.27,2.23,2.47,3.99,7.72,0.46,3.79,25.9,81.8,11.6,2318.6,11.11,280.4,-0.0245,0.0336,0.376,0.639,1,2,5,0,0,0.0039
1.08,2.67,3.38,5.06,7.39,10.55,12.36,1.22,8.31,22.2,74.0,19.4,1628.7,9.06,134.9,0.1067,-0.0167,0.353,0.572,4,1,4,0,0,0.0083
0.01,0.02,0.04,0.05,0.07,0.09,0.12,0.01,0.08,17.5,88.6,4.7,4103.7,15.71,275.3,-0.0684,0.0031,0.399,0.654,6,2,2,1,0,0.0191
17.31,44.51,64.26,109.77,164.59,205.87,404.39,23.53,210.17,25.1,87.3,11.7,509.5,33.45,2.3,0.0513,-0.0288,0.95,0.48,0,1,1,2,1,1.0
1.29,3.28,4.26,5.9,7.02,8.96,11.8,1.93,7.65,25.4,55.4,3.8,1803.6,25.71,171.7,0.025,-0.0548,0.442,0.842,0,6,2,0,0,0.0574
10.25,18.37,31.25,40.25,60.69,129.66,242.63,11.27,114.32,22.1,90.0,18.1,224.4,26.74,285.8,0.0419,-0.0249,0.95,0.296,4,2,2,0,1,1.0
1.94,5.11,7.42,10.77,15.42,30.75,53.27,2.81,26.4,18.5,51.0,17.6,3120.6,20.61,226.8,0.0484,0.0037,0.489,0.224,2,4,5,0,1,0.1428
0.72,1.19,1.91,2.33,2.86,6.0,11.02,1.0,5.25,16.2,57.1,14.0,3860.0,15.88,170.7,-0.0249,-0.0738,0.291,0.629,1,3,4,0,0,0.0082
0.26,0.64,1.38,2.26,3.51,7.95,13.53,0.27,6.6,18.3,88.1,12.5,1212.2,21.12,232.1,-0.0654,-0.0212,0.312,0.51,0,0,1,0,0,0.0672
30.14,78.53,108.93,153.49,243.25,488.52,720.53,40.16,387.4,21.1,92.7,7.3,3612.1,17.56,326.5,-0.0025,0.0044,0.95,0.672,1,5,5,0,1,1.0
1.97,5.09,7.68,11.97,15.91,29.01,57.46,2.09,27.19,20.3,68.6,9.9,1262.7,15.25,203.9,0.0112,0.0597,0.486,0.733,7,0,2,1,0,0.1669
7.71,14.02,24.03,36.25,48.06,108.72,120.3,9.19,74.08,9.3,50.3,12.2,3829.7,23.76,287.9,-0.0236,-0.0156,0.54,0.684,7,2,4,0,1,0.897
0.89,1.44,2.33,3.52,4.88,9.84,15.68,1.24,8.09,19.6,61.8,13.2,3178.9,16.62,353.1,0.0139,-0.0623,0.3,0.694,1,0,1,0,0,0.0345
4.28,6.58,8.54,14.97,21.82,46.05,64.71,6.28,35.33,30.5,85.3,28.2,3390.4,22.3,254.0,0.0165,-0.0105,0.557,0.501,7,2,2,0,0,0.6779
0.11,0.17,0.32,0.37,0.53,0.94,1.52,0.15,0.8,9.8,54.3,19.9,124.7,5.16,206.4,-0.0455,-0.0283,0.223,0.799,1,1,3,0,0,0.0029
0.98,2.13,3.56,5.45,7.44,13.28,25.8,1.1,12.37,20.3,44.6,19.9,4045.7,21.3,13.5,0.0197,0.0276,0.392,0.764,5,3,3,1,0,0.0436
3.0,5.27,7.69,9.87,15.4,27.43,54.01,4.17,25.75,24.5,83.4,6.1,3065.7,16.56,134.8,-0.0134,-0.0169,0.493,0.703,1,6,2,1,0,0.2138
1.38,3.64,7.17,8.51,10.06,15.81,21.88,1.78,12.94,18.4,53.9,18.4,1314.7,39.55,203.6,-0.035,-0.1355,0.406,0.311,4,3,4,1,0,0.4503
14.6,25.02,39.59,45.06,54.05,108.28,210.49,17.79,98.61,30.4,84.3,2.9,3492.0,7.16,287.0,0.0394,0.1846,0.864,0.729,2,1,5,2,1,0.9841
1.35,3.21,4.88,8.2,11.97,21.22,42.19,1.5,20.04,7.8,89.5,21.2,1218.3,20.43,157.7,-0.0388,0.0071,0.506,0.811,0,3,1,2,0,0.3003
1.18,3.17,6.18,8.53,12.54,15.83,24.24,1.61,14.41,18.9,63.3,24.1,3671.9,30.1,345.6,-0.0228,0.0045,0.402,0.759,6,5,3,0,0,0.0894
3.39,9.35,12.26,19.48,25.26,53.28,64.96,4.13,38.4,6.3,93.1,22.4,517.2,17.96,97.8,0.0036,-0.0771,0.5,0.622,1,1,1,3,0,0.7753
0.79,2.07,4.36,7.63,9.54,17.68,34.91,0.9,16.49,1.7,70.5,11.5,2970.3,16.24,268.0,0.0687,-0.0732,0.415,0.604,8,0,2,2,0,0.1178
3.13,5.52,6.88,11.69,13.12,18.98,36.2,3.35,18.39,13.7,70.4,18.2,2293.9,30.05,150.9,0.0096,-0.0046,0.415,0.389,0,0,4,0,0,0.1982
3.58,7.84,10.5,13.34,17.25,21.98,37.18,4.71,20.83,19.2,96.5,1.9,450.6,25.38,175.0,0.0264,0.0168,0.536,0.428,0,2,2,1,0,0.6537
13.68,23.8,34.08,52.64,64.43,93.36,105.04,17.78,72.15,19.2,98.6,12.2,1053.9,26.41,288.9,-0.0149,0.0351,0.622,0.919,5,3,5,0,1,0.9415
3.34,7.6,14.26,18.66,28.31,52.76,75.01,4.97,41.85,23.7,78.3,26.5,101.5,15.27,106.6,-0.0039,0.0119,0.531,0.948,2,3,2,0,0,0.2808
0.77,1.4,2.65,3.0,4.04,5.19,6.43,1.05,4.32,9.9,89.8,31.7,1995.4,14.17,34.9,-0.0024,-0.0593,0.421,0.88,2,2,2,0,0,0.0122
2.97,5.73,12.59,21.85,30.2,60.43,76.78,3.75,44.87,15.6,77.3,21.5,1300.3,22.32,187.3,0.0147,-0.1252,0.576,0.725,0,3,5,0,0,0.2634
1.43,3.18,5.55,8.84,13.01,20.21,34.72,1.68,18.29,13.1,37.7,8.5,2533.2,31.37,190.4,-0.0148,-0.005,0.388,0.54,2,3,2,2,1,0.4969
62.24,103.25,209.44,352.81,440.68,1081.61,1570.48,84.47,817.26,5.9,91.2,18.7,1283.5,8.25,287.0,0.067,-0.0267,0.95,0.753,2,3,3,1,1,1.0
0.33,0.64,1.06,1.37,2.11,4.7,6.6,0.38,3.56,23.1,68.3,3.7,1294.7,18.32,348.6,-0.0187,-0.0631,0.369,0.842,2,0,3,1,0,0.0132
0.63,1.23,2.26,2.93,3.8,5.11,7.77,0.72,4.55,19.2,62.5,7.7,3134.3,14.54,19.9,-0.0854,0.0414,0.31,0.559,3,1,2,1,0,0.0263
19.84,44.86,56.56,70.31,81.12,172.6,214.7,27.83,125.22,23.7,87.2,6.0,249.8,19.57,213.0,0.1371,-0.0788,0.95,0.545,3,1,3,1,1,1.0
14.21,31.9,64.5,83.81,128.12,292.23,436.77,16.23,227.09,13.9,79.5,21.8,3797.0,28.6,245.3,-0.0164,0.0308,0.95,0.491,7,4,1,2,1,1.0
0.98,1.97,3.64,4.28,6.67,15.54,30.18,1.05,13.77,31.3,59.9,14.8,3586.9,11.77,354.9,0.0657,-0.0705,0.326,0.562,3,4,3,0,0,0.0203
4.32,11.34,20.73,33.44,40.43,77.24,140.28,4.71,68.53,13.7,39.2,11.5,2821.4,26.91,339.3,0.0702,0.0067,0.768,0.139,1,1,3,2,1,0.9995
2.53,5.92,8.41,14.96,21.33,49.52,56.33,3.23,33.93,15.9,53.3,12.4,2511.9,15.56,256.5,0.0473,0.0467,0.45,0.593,1,0,1,0,0,0.3302
0.33,0.85,1.36,2.36,3.41,7.48,11.14,0.47,5.85,18.7,35.3,16.3,3753.1,33.99,187.8,-0.0099,-0.0169,0.321,0.282,2,4,4,0,0,0.0805
47.78,107.12,153.09,184.13,225.08,435.78,816.27,53.31,391.79,22.1,80.3,16.8,819.1,12.19,58.1,0.0143,0.0845,0.95,0.658,1,2,4,3,1,1.0
1.49,2.98,5.67,7.08,9.3,16.27,21.57,1.94,12.72,16.0,80.5,20.5,377.7,31.14,138.3,-0.0637,0.0959,0.462,0.327,2,0,3,1,1,0.4053
0.09,0.18,0.41,0.55,0.71,0.86,1.59,0.09,0.86,20.7,57.0,14.7,1044.0,8.83,210.6,0.0995,0.0119,0.268,0.397,4,0,2,1,0,0.0146
29.13,51.54,71.81,89.02,125.87,251.63,410.61,35.71,209.61,19.5,100.0,31.6,3347.5,21.51,261.1,-0.0426,0.0271,0.95,0.172,5,0,3,1,1,1.0
3.27,8.45,11.19,17.68,23.77,36.09,40.0,3.47,27.34,30.0,65.5,19.4,193.9,27.21,228.7,-0.0127,0.053,0.455,0.465,3,2,3,0,0,0.3952
2.09,5.43,8.35,13.56,19.49,29.16,55.25,3.12,27.93,24.8,93.4,26.1,2468.6,12.38,257.1,0.0049,0.0272,0.526,0.595,2,1,3,1,1,0.1444
6.05,9.94,16.95,27.62,31.64,43.84,83.61,7.34,42.94,24.1,53.0,4.7,4181.1,4.18,154.5,-0.0054,0.0219,0.51,0.653,2,3,3,0,0,0.1962
5.54,14.3,27.2,41.04,51.07,106.65,196.55,6.04,93.67,6.7,54.7,3.8,3601.1,14.82,261.9,-0.0328,-0.0262,0.854,0.759,3,7,3,2,1,0.9902
2.09,5.37,9.11,11.64,13.11,27.31,43.0,2.89,22.17,15.6,32.8,19.2,2214.0,19.68,51.7,0.0697,-0.0844,0.383,0.262,4,0,4,0,0,0.1075
1.0,2.28,4.99,5.91,8.13,14.17,24.88,1.1,12.61,21.9,51.1,6.1,314.1,16.2,58.5,0.0475,-0.0695,0.337,0.411,3,0,5,0,0,0.0162
1.47,3.62,7.03,10.14,13.28,24.03,29.23,1.48,17.97,23.4,44.7,14.5,3500.2,14.02,58.6,0.0161,0.1191,0.367,0.655,0,1,3,1,0,0.0446
2.37,6.39,8.86,15.26,24.17,52.91,99.19,2.82,46.48,10.2,57.0,13.1,2535.8,30.29,320.7,-0.02,0.0161,0.637,0.478,3,2,2,0,1,0.9702
0.52,1.11,1.65,2.14,2.68,3.75,7.32,0.68,3.7,15.6,64.9,12.9,527.0,35.82,27.4,0.0532,-0.0123,0.394,0.601,3,3,2,0,0,0.1733
0.92,2.31,4.63,6.14,7.61,11.4,15.92,1.05,9.49,16.9,63.4,9.1,439.5,34.71,288.5,-0.0232,0.0632,0.312,0.647,0,1,1,1,1,0.3032
1.65,4.53,9.42,15.1,19.28,46.75,62.42,2.0,34.04,10.7,74.8,5.1,3825.0,24.81,84.1,0.0785,-0.0375,0.493,0.358,0,0,1,0,1,0.8374
0.47,0.95,1.64,2.2,2.95,7.36,9.73,0.54,5.3,9.3,44.7,6.4,2827.2,26.62,168.6,0.0056,0.0292,0.395,0.518,4,3,2,3,1,0.2099
1.61,3.34,5.52,9.43,13.27,24.76,34.76,2.32,19.52,21.2,73.0,22.4,3491.5,11.17,329.7,0.0615,0.0039,0.434,0.718,2,4,5,1,0,0.0203
7.52,17.68,23.91,40.79,52.18,93.97,110.0,8.44,69.25,21.2,79.7,26.1,3697.8,18.68,210.9,-0.0057,0.023,0.697,0.323,4,0,4,1,1,0.9624
0.82,1.75,2.53,4.38,6.29,8.22,14.9,0.87,7.98,14.8,57.5,17.6,2422.9,20.58,75.6,0.0036,-0.0168,0.388,0.613,0,0,1,1,0,0.1095
0.16,0.3,0.56,0.93,1.35,2.8,3.89,0.19,2.15,15.2,62.5,27.6,2197.4,22.76,102.3,0.0613,-0.0482,0.285,0.406,0,2,2,1,0,0.0538
2.78,6.38,7.97,9.09,13.37,24.19,28.35,3.24,17.82,7.6,65.4,20.3,1836.3,22.54,331.4,0.1097,-0.0411,0.488,0.695,0,0,2,0,0,0.1534
0.54,1.35,2.43,3.57,5.44,10.34,20.57,0.7,9.63,23.2,46.9,32.7,1365.3,19.71,153.8,0.078,-0.0392,0.35,0.725,2,1,2,3,0,0.0879
3.91,5.89,8.41,12.05,14.18,34.2,44.22,5.36,24.57,17.8,39.4,18.8,1853.6,24.66,211.3,0.0439,-0.0001,0.441,0.614,2,4,3,0,0,0.198
2.33,4.1,5.83,8.29,12.22,29.28,53.77,3.31,25.04,15.2,48.5,6.6,3261.6,22.0,165.6,0.0295,-0.0778,0.431,0.664,5,0,3,0,0,0.1267
0.57,1.59,2.57,4.01,5.0,11.97,18.47,0.75,9.36,18.3,62.5,12.2,2548.0,21.97,136.2,-0.0253,-0.0624,0.294,0.701,3,4,4,0,0,0.014
1.39,3.63,6.0,9.76,14.28,18.96,27.27,2.08,16.56,20.9,58.9,27.1,3754.0,12.88,80.4,0.0148,0.0068,0.412,0.461,8,3,1,1,1,0.1521
0.87,2.43,4.5,6.66,7.42,12.61,21.45,1.13,11.11,19.2,72.8,7.3,1890.0,9.63,247.0,-0.0457,-0.0064,0.349,0.683,0,0,2,0,0,0.0181
9.29,21.67,29.24,47.6,57.44,118.51,222.28,9.37,105.3,28.1,98.2,16.7,2569.4,22.82,258.6,0.0188,0.0095,0.843,0.459,0,2,3,0,1,0.9996
1.74,3.75,5.79,7.36,9.86,13.61,15.66,1.88,10.77,13.2,49.6,6.9,2669.9,15.2,99.0,0.022,-0.0023,0.388,0.467,0,3,5,0,0,0.0143
1.59,2.45,3.34,5.17,7.22,17.49,19.94,1.87,11.89,21.5,71.2,13.9,2505.5,13.24,284.0,-0.098,0.1259,0.394,0.894,2,0,3,1,0,0.0178
1.94,3.79,6.55,10.01,15.75,30.7,60.98,2.26,28.43,25.3,47.7,4.0,2965.9,27.59,307.6,0.0019,0.0063,0.39,0.598,1,0,2,2,1,0.5419
0.82,1.67,2.33,3.11,3.8,7.51,10.07,0.95,5.72,21.9,35.5,3.3,1035.3,18.8,331.4,0.0207,-0.019,0.264,0.516,3,2,2,1,0,0.0393
0.8,1.34,2.79,4.05,5.52,7.53,8.65,1.07,5.98,11.7,72.7,22.6,2176.3,38.55,58.0,-0.0042,0.0051,0.348,0.735,0,3,2,0,0,0.1453
0.65,1.31,1.64,2.94,3.96,4.85,6.76,0.74,4.29,25.8,78.6,31.1,482.5,26.05,109.4,0.0179,0.051,0.345,0.631,0,2,5,2,0,0.0223
0.26,0.47,0.83,1.32,1.91,3.89,4.91,0.31,2.87,18.2,60.8,5.0,1645.7,12.41,309.7,-0.0671,-0.0025,0.375,0.919,2,0,3,3,0,0.0143
0.68,1.4,2.67,3.77,4.61,6.81,10.26,0.98,5.88,23.7,76.3,27.8,2073.8,27.77,71.5,-0.0388,0.0342,0.396,0.374,2,6,2,1,0,0.2157
1.5,3.4,7.13,11.38,17.8,40.31,76.33,2.21,35.39,24.6,74.1,21.3,2756.7,24.04,1.2,0.0517,0.0198,0.528,0.696,4,3,3,2,1,0.4883
0.57,1.34,1.94,2.65,4.23,5.35,10.2,0.57,5.37,22.1,52.7,22.9,3994.7,12.13,313.5,0.0,-0.0145,0.297,0.631,4,3,2,1,0,0.0197
0.32,0.71,1.34,1.77,2.72,3.88,5.35,0.4,3.26,12.9,100.0,13.3,2542.7,14.15,117.5,0.017,0.0055,0.379,0.21,0,3,3,1,0,0.0331
4.73,7.32,13.98,20.29,29.47,65.25,99.73,5.67,51.56,19.1,57.4,10.3,3135.9,27.08,149.2,-0.0273,0.0799,0.561,0.896,4,1,1,1,1,0.9164
1.31,3.52,6.25,8.84,12.7,15.48,24.57,1.63,14.46,26.5,57.0,20.0,2151.0,6.19,160.7,0.001,0.0122,0.361,0.7,2,7,4,0,0,0.0099
5.29,13.61,27.92,49.28,72.7,110.05,146.04,7.82,89.47,17.4,90.6,28.8,2681.5,4.64,305.4,-0.1151,-0.0493,0.776,0.91,2,0,5,1,1,0.856
2.28,5.21,8.63,15.41,21.26,45.55,56.98,3.1,33.08,18.2,17.4,15.0,344.4,21.31,121.6,0.0423,-0.016,0.324,0.56,0,3,4,0,0,0.1249
1.68,4.4,8.42,11.17,13.6,28.62,43.72,2.49,22.85,3.7,81.3,17.6,1105.7,20.45,321.2,0.0904,-0.1057,0.493,0.571,3,2,1,0,1,0.345
12.93,34.0,47.06,53.97,83.37,122.15,178.92,15.19,104.45,21.8,94.9,18.6,1551.7,22.34,222.1,-0.0533,0.0069,0.846,0.803,0,5,4,1,1,0.9988
1.79,3.22,6.99,8.67,12.39,27.62,52.72,1.93,24.42,14.6,40.7,46.1,2010.8,20.48,189.8,-0.047,0.0656,0.356,0.752,1,3,2,1,0,0.1434
3.69,6.81,12.36,21.61,24.62,42.98,80.03,4.9,39.37,22.5,55.9,26.0,239.4,24.49,117.2,0.022,-0.0671,0.462,0.566,0,2,5,1,0,0.3427
0.5,0.8,1.55,1.87,2.53,5.33,9.05,0.65,4.48,12.4,92.7,2.9,631.1,36.07,87.7,0.0737,0.0075,0.406,0.546,2,6,2,1,1,0.3006
12.74,28.28,42.44,65.04,86.11,155.31,210.51,18.17,121.59,22.0,84.8,36.8,1198.8,19.48,224.7,-0.0001,0.0493,0.805,0.312,3,6,1,2,1,1.0
2.21,5.38,8.75,9.86,11.32,13.72,19.69,3.18,12.31,19.3,45.0,15.7,4081.9,7.83,160.9,-0.0615,0.0546,0.305,0.824,5,0,4,0,0,0.0084
0.13,0.21,0.3,0.43,0.55,0.66,0.84,0.16,0.57,29.7,64.8,22.8,1425.1,5.68,327.8,-0.0104,0.064,0.291,0.779,3,0,1,2,0,0.0123
2.09,4.41,9.49,13.14,15.82,39.32,52.8,2.98,28.56,23.4,61.7,5.0,2050.5,15.97,177.0,-0.0515,-0.0934,0.371,0.633,7,3,3,2,0,0.159
2.16,5.54,11.67,18.64,20.92,30.62,60.79,2.51,30.17,12.9,51.4,13.4,863.8,16.2,184.2,-0.0334,0.0252,0.537,0.355,4,6,2,1,1,0.4955
1.21,2.85,3.86,5.62,6.25,14.46,23.07,1.33,11.57,9.5,56.2,14.7,2584.7,8.7,150.0,-0.0152,-0.0753,0.409,0.276,1,2,4,3,0,0.0474
2.3,5.14,7.43,10.7,13.26,19.85,36.44,2.84,18.71,16.2,56.1,16.4,1214.8,4.02,284.1,-0.0465,-0.0499,0.375,0.476,2,0,3,0,0,0.0252
1.66,3.64,6.31,9.69,11.11,19.85,26.74,2.36,15.54,31.5,48.8,19.3,909.0,15.31,152.9,-0.0389,0.0411,0.322,0.831,2,3,4,0,0,0.0146
0.59,1.17,1.54,2.45,3.72,9.22,13.56,0.73,7.0,20.3,86.6,5.8,2193.8,44.25,97.0,0.0037,0.0079,0.429,0.612,2,0,1,4,1,0.9384
0.24,0.49,0.88,1.36,2.16,2.97,4.86,0.29,2.71,18.6,47.4,16.6,72.8,23.96,310.3,0.0108,0.0363,0.339,0.69,2,2,4,1,0,0.0155
4.91,9.23,13.53,23.25,30.97,59.46,68.1,5.05,42.73,32.2,75.2,8.0,81.8,22.85,214.9,-0.0712,-0.0465,0.515,0.839,3,1,2,2,1,0.6919
1.29,3.06,5.63,6.64,9.26,15.46,29.52,1.36,14.49,21.3,43.2,4.6,959.1,17.66,212.9,0.0198,0.0737,0.286,0.6,0,2,2,0,0,0.0474
27.08,63.28,80.91,143.26,225.6,437.96,815.33,33.26,392.28,14.7,98.6,23.2,202.4,15.95,219.9,-0.0191,0.0344,0.95,0.394,3,6,2,1,1,1.0
1.17,2.06,2.81,4.42,6.51,12.26,24.31,1.45,11.42,11.6,73.5,4.5,498.3,25.25,258.8,0.036,0.0445,0.296,0.621,0,2,5,2,0,0.0343
2.04,3.77,6.51,8.06,10.92,14.96,21.64,2.14,12.97,27.7,50.7,12.3,1456.3,9.35,112.7,0.039,-0.054,0.321,0.694,0,0,1,0,0,0.0323
0.25,0.69,1.31,1.82,2.39,4.64,5.61,0.26,3.4,22.1,70.5,8.5,3380.7,50.28,12.2,-0.0272,0.0586,0.344,0.652,2,2,4,1,0,0.2133
0.38,0.61,1.1,1.44,2.13,3.55,6.08,0.49,3.15,9.5,57.8,31.4,2424.0,9.8,291.8,0.0307,-0.0158,0.303,0.641,2,1,5,0,0,0.0032
2.85,6.85,10.36,16.59,20.93,32.12,39.13,3.62,25.14,10.8,95.9,15.7,2177.6,26.46,46.4,-0.0418,-0.0306,0.476,0.77,0,4,2,1,0,0.3813
12.29,26.69,47.57,85.47,126.06,174.18,240.19,16.79,147.71,22.8,73.6,6.5,1268.0,10.36,259.9,0.0662,0.0313,0.928,0.624,2,2,4,1,1,0.9999
1.32,2.12,3.12,5.34,6.06,12.53,16.21,1.79,9.31,12.8,91.5,20.3,3916.8,20.76,29.6,-0.04,0.0292,0.438,0.364,2,3,1,1,0,0.2799
3.56,5.61,12.11,20.62,27.99,59.73,99.92,4.06,49.71,13.0,91.8,21.4,1697.6,27.97,135.1,0.0176,-0.0423,0.612,0.742,0,6,1,1,1,0.9629
1.26,3.21,4.37,6.07,7.23,16.35,27.51,1.68,13.49,25.5,61.3,30.8,411.4,6.86,22.7,-0.0094,0.1028,0.348,0.776,3,1,3,1,0,0.015
0.94,2.16,3.92,5.51,8.08,18.28,25.57,1.21,13.79,24.2,62.3,32.1,2610.8,11.07,188.0,-0.0508,0.0907,0.345,0.646,1,7,3,4,0,0.0661
10.06,15.67,26.02,32.33,51.23,127.76,226.02,10.11,106.38,28.2,89.7,8.6,522.4,11.52,235.1,0.045,0.0303,0.95,0.762,4,0,1,1,1,0.9987
0.55,1.04,1.6,2.18,3.11,4.71,8.49,0.67,4.39,20.8,60.8,54.2,1482.7,16.72,61.7,-0.0307,0.0215,0.276,0.515,1,3,3,1,0,0.0202
10.19,18.71,31.71,48.84,71.42,138.24,237.54,13.73,118.95,11.6,88.3,17.5,2155.8,22.17,133.8,-0.085,0.0165,0.95,0.536,2,0,2,1,1,1.0
0.4,0.89,1.18,1.99,2.35,4.57,5.26,0.58,3.28,18.0,81.5,15.6,3678.0,44.72,334.9,-0.1441,-0.0775,0.34,0.539,5,0,1,1,1,0.6951
0.16,0.3,0.48,0.55,0.75,1.43,1.76,0.17,1.06,23.3,83.0,21.8,2098.2,14.08,159.3,-0.0438,0.0056,0.433,0.744,4,3,3,1,0,0.0105
17.05,43.2,90.67,159.79,237.99,394.96,569.22,18.88,324.34,33.1,97.4,2.2,2964.4,43.24,288.9,0.0688,0.005,0.95,0.713,4,0,3,0,1,1.0
3.43,6.21,8.4,10.67,16.3,23.34,34.84,4.73,20.25,21.4,46.7,20.2,4170.2,23.51,333.8,0.0629,-0.0288,0.353,0.673,0,0,2,2,1,0.2791
27.18,56.7,99.86,123.84,196.64,383.11,534.36,28.43,298.19,23.6,90.2,25.8,595.7,9.59,350.8,-0.0359,-0.0155,0.95,0.441,0,1,3,1,1,1.0
1.16,2.37,4.69,6.47,9.54,13.29,21.27,1.17,11.98,21.8,45.6,9.7,1190.1,17.71,323.4,-0.0187,-0.1191,0.273,0.195,3,2,1,0,0,0.1465
2.03,3.23,6.52,10.07,13.97,16.98,23.29,2.36,14.96,14.4,51.5,9.3,1687.5,7.92,114.3,-0.0232,-0.0549,0.345,0.623,2,0,3,0,0,0.0196
3.0,6.01,8.25,12.37,18.64,38.38,56.65,3.47,30.28,17.0,45.8,18.2,1800.6,15.97,346.5,-0.0667,0.0461,0.397,0.522,6,2,2,0,0,0.2054
0.04,0.07,0.14,0.18,0.22,0.38,0.43,0.04,0.28,11.5,81.3,13.0,1755.7,15.35,292.5,-0.0474,0.0866,0.38,0.896,1,3,2,2,0,0.0158
0.2,0.34,0.66,1.17,1.8,4.41,6.25,0.22,3.29,23.4,58.1,7.5,3816.6,20.95,301.4,0.0491,-0.0472,0.394,0.745,2,2,4,1,0,0.0128
0.84,2.22,3.87,5.88,8.77,14.42,24.86,0.84,12.89,8.1,72.6,14.5,3013.2,26.51,5.5,0.0252,0.0091,0.437,0.828,2,0,3,0,0,0.0496
0.33,0.66,1.08,1.8,2.13,5.31,8.24,0.49,4.13,12.3,71.8,22.9,2572.8,18.48,343.5,0.0137,0.0549,0.346,0.553,4,3,1,1,0,0.0615
0.96,2.51,3.17,5.51,8.41,10.19,17.85,1.44,9.95,18.0,48.8,9.0,1333.9,10.28,280.1,-0.0668,-0.026,0.337,0.772,1,3,4,1,0,0.0108
31.34,70.74,85.48,117.98,178.79,228.18,376.12,46.9,213.65,16.3,75.0,5.8,3468.7,38.47,276.5,0.005,0.0338,0.95,0.925,7,2,2,0,1,1.0
1.01,1.53,2.73,3.44,5.37,11.08,21.98,1.5,10.14,19.9,66.7,9.5,4013.5,46.23,29.3,-0.1152,-0.0017,0.313,0.421,2,3,2,1,1,0.7411
26.05,62.18,97.08,150.28,233.0,471.93,633.69,36.69,357.96,-0.0,89.3,19.7,3458.0,17.49,83.7,0.0421,0.0595,0.95,0.857,4,0,3,3,1,1.0
0.03,0.06,0.09,0.12,0.15,0.28,0.33,0.04,0.21,12.5,72.6,8.8,56.5,22.96,346.4,0.0129,-0.0641,0.314,0.635,2,3,2,0,0,0.0217
8.24,20.21,26.56,36.37,49.31,71.53,87.32,10.41,56.97,22.7,87.0,5.2,2691.1,16.95,180.2,-0.0673,-0.0552,0.616,0.799,4,0,5,1,1,0.6394
1.91,4.57,9.76,11.67,17.54,23.21,31.15,1.97,19.73,32.1,69.2,11.0,262.2,21.04,143.2,0.0808,0.014,0.397,0.478,0,1,2,2,0,0.3054
6.98,17.17,23.74,39.74,59.01,75.4,121.98,10.05,70.0,17.0,82.6,3.1,1119.1,21.65,302.4,-0.0898,0.0048,0.681,0.325,4,0,2,0,1,0.9966
0.17,0.4,0.74,1.23,1.84,4.07,7.31,0.19,3.49,10.3,71.0,19.4,297.0,8.78,31.4,0.0265,-0.0028,0.324,0.489,2,4,1,0,0,0.0172
0.02,0.03,0.03,0.05,0.06,0.15,0.17,0.02,0.1,20.6,56.0,11.4,2555.8,16.14,150.1,0.0278,0.0288,0.344,0.742,2,2,4,0,0,0.0046
0.52,1.42,2.64,3.6,5.39,12.22,24.07,0.69,10.96,5.6,76.6,7.1,2899.3,32.57,135.3,-0.062,-0.0465,0.409,0.818,0,7,5,1,0,0.0338
0.6,1.26,2.33,4.15,4.77,6.65,9.44,0.82,5.69,14.2,45.9,12.1,525.1,31.1,125.9,-0.0019,-0.0685,0.354,0.868,3,6,4,0,0,0.0181
2.94,7.82,16.47,22.25,29.86,66.1,121.73,3.13,57.41,19.6,78.2,5.1,1642.9,15.97,110.8,-0.0818,-0.025,0.721,0.604,0,7,1,1,1,0.9414
0.43,0.75,1.34,2.05,2.31,5.72,9.74,0.53,4.67,15.5,69.5,5.0,1943.4,21.88,75.6,-0.1423,-0.0194,0.386,0.645,0,0,4,0,0,0.0134
0.42,0.83,1.02,1.23,1.63,3.26,5.32,0.57,2.72,18.7,60.5,1.9,1581.6,16.66,62.2,-0.0534,-0.0142,0.292,0.742,0,3,2,0,0,0.0125
3.07,8.48,18.3,21.94,26.82,45.56,53.65,3.09,34.19,25.7,69.3,5.2,552.3,27.05,230.5,-0.0308,0.0635,0.439,0.582,0,2,1,0,1,0.7246
0.84,2.22,2.88,5.09,6.93,9.16,17.45,1.02,9.08,29.9,67.8,7.2,1788.6,6.82,331.0,0.0322,0.0385,0.373,0.602,3,2,2,2,0,0.0293
1.61,4.08,5.88,9.46,13.77,21.94,31.6,1.87,18.21,31.9,52.5,24.7,3167.4,25.29,183.2,0.0034,0.0267,0.461,0.767,1,1,3,2,0,0.1655
0.35,0.66,1.28,1.43,1.59,3.12,5.94,0.49,2.82,20.2,52.8,16.5,344.7,39.81,107.3,0.0047,0.0111,0.317,0.74,0,0,1,0,0,0.1893
1.38,3.34,6.36,9.83,12.11,21.12,26.86,1.74,16.23,2.6,37.5,39.8,382.7,12.8,57.3,-0.0507,-0.0217,0.347,0.719,1,3,3,2,0,0.0449
1.74,3.16,6.07,6.88,8.09,15.1,29.75,2.24,14.04,25.8,90.6,4.7,1522.3,37.01,298.9,-0.0265,-0.0427,0.521,0.9,2,7,4,1,1,0.1537
1.97,4.68,7.58,12.28,14.64,30.58,50.76,2.05,25.46,13.4,32.8,21.9,3958.2,22.47,349.7,-0.0465,-0.0599,0.467,0.237,2,2,2,3,1,0.7524
0.23,0.62,0.98,1.12,1.56,2.74,5.08,0.24,2.5,11.3,76.2,21.7,2824.6,18.46,125.7,-0.0612,-0.0347,0.391,0.653,2,1,2,0,0,0.0212
0.21,0.41,0.74,1.01,1.14,1.65,2.57,0.29,1.45,10.5,62.2,25.2,2866.5,15.9,104.7,-0.0297,-0.0021,0.378,0.659,2,6,2,1,0,0.021
23.31,49.77,73.29,99.97,145.26,188.93,309.28,29.08,175.4,26.8,89.5,11.0,1552.0,37.69,216.5,0.0037,-0.0577,0.95,0.463,2,1,4,1,1,1.0
3.77,7.61,10.64,16.11,19.6,34.2,47.44,4.08,27.27,15.3,81.3,9.3,2513.7,16.69,279.1,-0.0286,0.0085,0.4,0.843,4,6,4,0,0,0.0507
1.41,2.3,3.13,3.9,6.17,14.46,25.57,1.41,12.17,0.6,67.4,6.1,92.0,42.93,163.9,-0.0162,-0.0097,0.404,0.86,0,5,4,0,1,0.1048
0.03,0.07,0.11,0.18,0.28,0.59,1.13,0.03,0.53,27.3,55.4,16.8,2689.8,40.37,226.8,0.0347,-0.0199,0.368,0.836,5,2,3,1,0,0.0689
2.74,5.48,11.49,16.95,24.85,37.41,65.29,3.19,34.37,21.5,69.7,7.2,3840.1,14.63,258.0,-0.025,0.0581,0.465,0.867,1,3,3,1,0,0.1557
0.59,1.63,3.46,4.62,6.9,12.77,19.46,0.71,10.48,22.8,68.7,2.9,2592.2,17.4,345.8,-0.0667,-0.123,0.423,0.547,3,3,3,0,0,0.031
1.69,4.12,8.62,14.16,20.66,30.63,56.73,1.71,29.07,19.2,81.8,5.9,3675.8,5.47,59.4,0.0282,-0.0192,0.508,0.848,2,3,2,3,0,0.1321
2.86,5.12,7.19,10.94,16.01,22.09,34.22,4.18,19.68,17.8,53.7,14.5,3054.5,18.79,359.1,0.0133,-0.1176,0.427,0.41,1,0,3,1,0,0.1805
2.1,4.82,8.64,14.93,17.77,39.33,58.82,2.53,30.76,15.2,70.6,12.2,550.3,20.11,141.2,0.0164,0.0119,0.54,0.522,3,3,4,0,1,0.1667
2.59,4.18,7.74,11.34,17.72,31.1,52.81,3.54,27.18,27.2,77.4,8.7,3795.2,34.39,260.4,0.0313,0.0381,0.575,0.629,4,0,3,1,1,0.7421
2.45,4.29,7.13,9.42,14.14,18.0,23.52,2.69,15.33,19.9,91.0,12.2,325.7,41.51,206.1,0.0228,-0.0676,0.464,0.577,2,3,5,0,0,0.229
0.24,0.4,0.7,0.78,1.08,2.43,3.72,0.24,1.91,27.2,72.8,15.2,2266.0,28.4,175.2,0.0014,-0.0612,0.347,0.72,2,2,1,2,0,0.1256
3.02,4.79,6.35,9.52,11.27,27.23,30.95,4.13,18.49,18.8,76.2,10.5,639.9,32.92,251.3,0.1196,-0.0849,0.405,0.69,0,1,2,0,0,0.3081
3.69,8.49,17.83,30.87,45.94,75.6,150.15,5.35,72.52,16.5,46.9,48.1,98.6,17.39,142.5,-0.0642,0.0032,0.593,0.593,6,4,2,1,1,0.9647
0.15,0.27,0.36,0.43,0.68,1.25,2.45,0.19,1.16,28.7,49.2,1.6,1801.4,9.14,45.4,-0.0293,-0.017,0.27,0.691,4,2,2,0,0,0.0066
5.62,13.97,28.42,50.71,67.74,148.11,294.32,6.1,134.32,13.1,46.8,16.1,1274.4,22.45,176.0,0.0484,-0.0139,0.95,0.52,2,2,4,0,1,0.9999
0.39,0.75,0.93,1.45,1.65,2.06,3.9,0.52,2.07,5.3,64.5,18.2,2066.9,34.08,187.9,0.0071,-0.0184,0.324,0.171,4,0,4,1,1,0.1205
1.44,3.8,6.09,7.74,12.26,29.32,56.04,2.12,25.63,16.3,48.3,7.3,2445.4,2.79,72.7,0.0379,-0.0487,0.416,0.154,1,2,1,0,0,0.1019
0.59,1.23,1.72,3.03,3.59,8.97,10.56,0.88,6.14,11.9,63.6,15.1,231.5,20.63,336.8,0.0085,0.0566,0.314,0.585,3,0,5,2,0,0.0174
6.09,11.92,16.19,29.03,43.46,80.71,104.22,7.67,61.44,14.1,68.9,28.5,560.5,6.01,81.9,0.0687,0.0136,0.618,0.733,2,1,4,1,1,0.4908
1.12,1.73,3.25,3.64,5.79,10.97,18.66,1.59,9.44,14.8,69.4,17.4,2368.4,12.19,147.3,-0.0504,-0.0592,0.424,0.341,2,1,5,1,0,0.0178
0.24,0.6,1.24,2.2,2.74,5.13,6.58,0.33,3.89,19.5,63.6,8.2,1474.1,21.09,55.8,0.0671,-0.035,0.41,0.738,0,0,2,1,0,0.0372
2.81,7.79,15.51,19.91,22.9,52.01,59.51,3.33,35.89,12.4,72.6,29.2,3076.1,41.86,192.9,0.0585,-0.0436,0.425,0.701,7,2,2,1,1,0.8921
0.77,1.42,2.11,3.41,5.13,9.66,14.18,0.93,7.76,17.8,56.2,26.8,2757.0,19.51,110.7,-0.0605,0.0703,0.513,0.33,4,2,1,1,0,0.3213
2.87,6.74,12.18,15.79,17.92,36.74,71.11,3.46,33.23,17.3,52.7,29.6,3559.3,27.42,176.1,0.0315,0.0356,0.503,0.615,4,2,2,0,1,0.6083
2.12,5.04,7.54,10.69,14.58,29.83,59.55,2.17,27.45,17.7,100.0,8.9,2923.8,22.33,80.9,-0.0022,-0.0063,0.661,0.429,1,2,1,1,1,0.9036
4.05,8.4,10.85,13.98,20.48,38.71,59.59,5.38,31.75,15.2,51.9,23.9,1834.2,12.63,19.4,-0.0303,0.0854,0.458,0.499,1,5,4,0,0,0.1114
0.09,0.17,0.22,0.35,0.5,1.2,1.98,0.11,0.97,16.5,64.1,14.8,2842.8,24.72,280.5,-0.0944,0.0726,0.312,0.349,2,0,3,1,0,0.0438
6.15,9.64,13.24,22.01,30.43,70.25,99.2,8.48,53.01,15.2,45.2,1.5,1192.8,8.98,230.8,-0.0505,-0.0115,0.546,0.886,4,3,1,5,1,0.8557
0.94,2.56,4.76,7.67,9.4,12.15,16.45,1.09,10.44,14.3,72.3,37.3,1321.2,19.35,122.7,0.0354,-0.0205,0.378,0.741,6,5,4,0,0,0.0158
0.69,1.49,1.99,3.53,4.44,7.69,14.89,0.71,7.2,10.3,67.1,14.9,3324.3,37.32,17.1,0.0407,-0.0181,0.402,0.593,1,0,1,0,1,0.4707
0.06,0.12,0.22,0.26,0.33,0.65,1.13,0.08,0.56,16.8,63.2,8.7,1902.6,21.41,311.6,-0.0105,-0.0476,0.345,0.715,3,2,5,0,0,0.0048
0.39,1.03,1.23,1.86,2.65,5.88,7.64,0.55,4.31,19.9,59.7,23.6,3363.3,22.33,61.1,0.0408,0.0867,0.348,0.754,3,2,1,1,0,0.0572
0.56,0.94,1.82,3.21,4.63,7.71,10.2,0.8,6.1,13.6,34.4,10.0,3463.1,15.96,335.1,0.0473,-0.0503,0.335,0.647,1,0,3,0,0,0.0136
1.95,4.71,6.87,9.78,11.62,23.23,40.59,2.74,20.02,9.4,90.4,26.8,3608.9,7.15,172.3,0.0077,0.0434,0.467,0.609,2,1,3,1,0,0.0407
41.08,67.88,120.09,206.77,229.8,406.3,592.44,52.56,330.12,20.5,88.1,4.6,3854.0,17.01,122.5,-0.0361,0.0345,0.95,0.598,0,4,4,0,1,1.0
15.46,37.86,58.57,64.86,73.74,100.36,155.1,21.12,89.67,6.8,92.0,5.4,1838.6,30.27,267.0,0.0221,-0.0152,0.818,0.611,3,2,3,2,1,0.9999
4.21,9.62,16.68,29.39,42.36,105.64,193.16,4.47,89.53,18.4,78.7,17.7,1373.3,23.88,315.7,0.0243,0.0905,0.845,0.668,5,1,2,1,1,0.9987
1.95,4.36,6.08,6.9,7.92,16.5,28.36,2.13,13.99,19.7,80.2,7.9,2466.1,9.32,133.5,0.0337,-0.078,0.512,0.793,5,4,2,0,0,0.0239
1.76,3.93,7.14,8.15,10.24,16.2,31.62,2.61,15.54,14.8,44.1,10.4,1590.4,5.8,146.6,0.0433,-0.004,0.375,0.553,3,3,5,0,0,0.0099
14.38,29.75,61.95,83.79,115.23,236.59,436.95,17.36,208.72,34.9,75.3,8.3,2544.5,12.54,155.9,-0.0681,-0.0245,0.95,0.531,1,1,2,0,1,1.0
0.21,0.56,1.0,1.68,2.31,3.6,4.82,0.25,2.91,22.2,73.5,12.0,2978.2,17.11,332.0,-0.0255,0.048,0.283,0.667,3,2,4,0,0,0.0064
0.12,0.19,0.31,0.36,0.49,1.04,1.66,0.13,0.85,21.2,74.6,8.7,2906.9,17.8,249.3,-0.0949,0.0177,0.401,0.712,5,3,3,0,0,0.0099
6.29,16.61,27.8,48.66,75.9,114.35,153.02,7.7,93.4,13.6,95.3,5.2,1604.4,17.93,89.2,0.0373,-0.0864,0.7,0.836,3,1,3,1,1,0.9887
0.56,1.14,1.83,2.3,3.04,7.48,10.34,0.74,5.52,18.0,61.0,19.3,742.5,19.4,66.6,-0.0106,0.062,0.329,0.858,2,3,5,0,0,0.0048
0.83,1.6,2.29,2.6,3.08,5.87,10.39,1.13,5.14,29.0,71.5,39.1,1836.7,24.3,82.9,0.0215,0.0243,0.399,0.85,6,1,3,0,0,0.0193
1.4,3.19,5.05,7.54,8.5,19.1,27.62,1.67,14.66,30.6,65.6,6.6,641.8,15.34,94.9,-0.0738,-0.0518,0.407,0.789,4,1,3,1,0,0.0317
4.52,8.05,13.05,21.93,29.75,63.03,96.51,6.67,50.3,14.0,55.6,5.1,3743.9,10.94,82.9,0.07,-0.0175,0.549,0.624,5,1,4,1,0,0.3821
3.1,6.45,12.18,21.68,30.42,70.84,120.68,3.82,58.53,8.9,77.9,14.0,1485.4,25.8,237.1,-0.0597,-0.065,0.688,0.695,6,6,1,1,1,0.9865
1.99,4.6,6.98,8.84,12.28,28.07,41.32,2.47,21.64,18.1,78.6,14.2,691.0,30.66,41.7,0.0387,-0.0085,0.491,0.802,2,4,5,2,0,0.1299
50.75,100.8,158.92,269.22,321.98,411.53,613.72,67.48,369.01,25.5,74.2,19.3,155.6,13.97,139.4,0.0059,0.0075,0.95,0.557,5,2,2,0,1,1.0
12.4,23.73,43.26,51.88,58.18,92.17,130.14,13.16,75.94,22.6,84.9,4.2,2730.2,50.46,225.0,-0.0095,-0.0167,0.604,0.664,2,2,3,0,1,0.9999
56.65,128.41,255.48,414.94,638.33,1228.78,1853.58,75.57,994.01,14.5,81.8,13.2,2693.1,40.69,104.7,-0.0135,-0.0225,0.95,0.813,0,0,5,2,1,1.0
2.47,5.72,11.68,13.11,17.34,39.58,71.63,2.92,33.87,11.3,34.2,8.0,1463.5,9.74,23.5,-0.0319,-0.0806,0.36,0.687,3,3,4,1,1,0.0745
0.97,1.84,3.32,4.55,5.25,12.27,20.06,0.98,9.92,24.9,79.2,12.4,347.6,6.1,29.5,0.0648,0.0169,0.431,0.701,2,1,2,4,0,0.0479
0.45,1.07,1.77,2.95,4.22,7.25,8.41,0.63,5.39,17.0,100.0,18.9,1750.0,17.53,45.3,0.0006,-0.0962,0.416,0.669,1,3,2,0,0,0.0259
0.93,2.43,4.52,5.37,7.67,16.68,19.86,1.37,11.82,22.7,72.5,8.4,1341.6,22.41,300.9,-0.0635,0.0016,0.4,0.411,7,4,2,1,0,0.1644
2.33,3.84,4.73,7.19,10.11,20.58,22.88,3.0,14.4,19.7,55.5,14.6,2860.1,50.07,236.8,-0.0192,-0.09,0.373,0.646,0,0,3,0,1,0.6081
19.9,54.14,95.34,160.23,194.87,466.08,597.85,23.51,334.19,20.9,76.1,3.1,2564.0,49.19,23.2,0.0064,0.0025,0.95,0.48,7,3,3,0,1,1.0
0.22,0.35,0.53,0.66,1.0,2.34,3.04,0.3,1.7,30.8,44.9,11.8,1563.1,27.46,140.8,0.0449,-0.0003,0.314,0.708,0,2,4,1,0,0.0164
56.59,123.46,212.23,352.66,403.43,613.46,714.53,82.2,473.2,32.8,92.5,8.4,954.3,15.53,100.3,-0.0302,0.0202,0.95,0.903,2,0,4,1,1,1.0
2.69,7.18,10.7,14.06,16.29,26.81,46.14,3.11,23.94,19.4,43.4,29.9,4150.3,35.17,208.1,-0.0269,0.0431,0.387,0.654,2,3,1,1,0,0.7441
0.24,0.45,0.62,0.86,1.11,1.72,2.98,0.31,1.56,28.3,69.4,6.4,1934.1,20.71,188.2,0.0012,0.0524,0.339,0.564,3,2,2,1,0,0.0361
31.43,75.61,109.08,177.34,274.84,514.83,811.39,35.21,427.75,19.2,93.4,4.0,2906.3,8.45,173.2,0.0437,-0.0805,0.95,0.558,1,4,2,1,1,1.0
10.71,16.64,32.34,54.22,81.93,105.49,177.34,14.15,99.38,27.3,85.3,41.7,633.3,8.66,113.2,-0.0684,-0.0029,0.825,0.848,8,0,1,1,1,0.9973
0.03,0.07,0.11,0.15,0.23,0.39,0.73,0.05,0.36,5.6,71.9,18.8,2065.2,15.59,49.6,0.0253,0.1005,0.403,0.586,3,2,2,0,0,0.016
0.03,0.06,0.12,0.15,0.22,0.53,0.69,0.03,0.38,25.0,60.3,11.7,164.3,32.13,267.3,-0.0232,0.006,0.369,0.301,4,7,2,0,0,0.1877
2.45,5.4,10.53,15.71,22.16,48.66,73.37,3.13,38.26,23.4,44.7,14.9,2147.6,10.26,316.7,-0.0162,-0.0416,0.504,0.736,0,3,3,0,0,0.1174
2.01,3.49,4.25,6.39,9.53,15.55,22.84,2.19,12.93,12.2,82.7,31.8,4050.7,15.57,339.9,0.1001,-0.004,0.341,0.546,2,3,1,0,0,0.076
26.44,40.4,86.42,100.4,120.47,213.68,393.18,32.7,193.88,13.4,100.0,6.6,1644.5,40.51,21.1,-0.0098,-0.0192,0.95,0.875,7,1,2,0,1,1.0
0.66,1.37,1.79,2.67,3.09,6.57,9.04,0.88,4.98,13.9,54.5,5.5,211.8,23.85,266.4,0.0377,-0.0588,0.37,0.48,1,0,3,1,0,0.052
1.85,3.21,5.37,8.29,12.98,31.32,44.99,1.88,23.62,22.5,57.3,7.9,178.5,46.35,261.5,0.0359,0.0435,0.441,0.756,0,6,4,1,1,0.5291
4.37,8.63,18.56,21.69,32.95,72.6,92.39,5.99,52.78,19.5,87.0,10.7,1660.1,25.37,341.0,-0.059,0.0292,0.654,0.428,2,0,4,0,1,0.851
1.23,3.2,4.34,7.26,9.51,23.53,26.55,1.45,15.85,29.0,80.0,17.3,714.1,32.75,91.0,-0.0923,-0.0667,0.378,0.571,6,7,2,0,0,0.261
0.87,1.92,2.67,3.88,5.77,14.37,27.33,1.11,12.45,2.9,90.0,6.7,146.9,15.75,267.2,0.041,-0.0047,0.477,0.516,2,0,2,1,0,0.0849
25.44,40.86,58.6,89.11,120.75,175.04,319.63,31.35,165.93,18.0,86.8,22.7,3188.3,41.95,19.7,-0.0542,-0.0283,0.95,0.529,2,0,1,1,1,1.0
0.42,1.03,2.09,3.05,3.38,4.17,7.59,0.59,4.12,18.5,22.0,0.6,1952.9,27.9,227.2,-0.0832,-0.0801,0.286,0.338,3,1,1,0,1,0.1694
1.3,2.72,5.55,7.98,8.84,20.24,27.04,1.79,14.91,13.5,57.2,11.5,1250.4,18.13,126.3,0.0513,-0.0707,0.355,0.835,6,2,4,4,0,0.061
0.45,0.71,1.48,1.94,2.59,6.12,7.48,0.45,4.31,19.2,64.0,17.9,3785.3,37.83,276.8,-0.051,-0.0633,0.29,0.764,0,4,4,2,0,0.0508
0.23,0.55,0.94,1.28,1.78,3.18,5.22,0.24,2.73,11.6,86.7,11.0,532.0,27.25,310.8,-0.0386,-0.0029,0.383,0.617,0,7,1,1,1,0.1361
2.08,5.51,11.58,18.51,27.97,35.92,54.79,2.33,32.47,32.4,68.0,17.5,4017.1,19.15,131.3,0.0987,-0.0229,0.519,0.585,0,1,4,0,0,0.1763
1.56,3.85,5.65,8.71,12.16,17.27,22.81,1.96,14.28,19.8,47.3,17.8,1353.0,25.77,189.2,-0.083,-0.048,0.367,0.733,0,0,3,1,0,0.0798
0.52,1.44,2.61,3.98,5.56,7.51,13.5,0.6,7.2,15.5,79.8,8.1,3736.9,11.56,42.3,-0.0628,-0.0196,0.41,0.452,1,3,4,0,0,0.0114
1.49,2.55,4.14,6.89,11.01,15.76,19.42,1.58,12.65,24.4,51.2,22.6,2552.2,35.24,150.1,-0.023,0.0374,0.376,0.482,1,3,3,0,0,0.2214
0.04,0.09,0.13,0.2,0.22,0.28,0.52,0.04,0.28,18.7,60.1,16.4,3480.8,49.63,129.9,-0.012,0.0178,0.27,0.426,2,1,1,0,1,0.7238
6.68,10.82,21.24,27.84,35.48,47.96,93.23,7.97,47.72,36.2,66.5,17.8,4133.7,6.94,65.9,-0.0447,0.0501,0.506,0.726,1,0,2,0,1,0.3941
0.29,0.79,1.53,2.32,3.64,7.7,13.62,0.34,6.6,15.2,64.1,30.6,1246.9,13.87,322.0,-0.0579,-0.0114,0.396,0.498,2,1,2,1,0,0.0368
33.17,59.03,115.04,189.25,244.41,303.92,518.22,44.35,291.08,9.8,96.4,10.3,4038.7,13.19,53.3,0.0755,0.0801,0.95,0.829,7,3,4,1,1,1.0
0.11,0.29,0.52,0.89,1.09,2.53,3.58,0.11,1.91,12.1,60.9,5.9,1666.3,28.83,228.9,0.0131,0.0174,0.377,0.771,0,2,4,0,0,0.0137
1.85,3.87,5.95,8.6,11.35,25.91,32.44,2.21,18.56,18.2,66.6,27.3,1649.9,21.78,320.5,0.0293,-0.0244,0.344,0.381,2,3,3,1,0,0.1383
0.38,0.95,1.79,2.41,3.58,7.17,9.32,0.44,5.37,16.3,31.3,31.8,1462.6,15.12,328.3,-0.0069,0.0046,0.214,0.443,1,0,2,1,0,0.0285
5.04,13.81,19.36,32.8,48.59,116.25,164.37,6.25,87.16,7.9,46.4,23.1,2296.8,16.47,285.6,0.0145,-0.0624,0.743,0.525,2,4,3,0,1,0.9762
0.57,1.02,1.48,2.07,2.62,3.45,5.21,0.8,3.08,27.8,51.7,12.4,689.7,14.32,63.4,0.0466,-0.0153,0.332,0.576,3,0,2,0,0,0.0166
8.53,21.85,47.14,83.69,96.99,148.63,285.08,9.97,142.37,28.3,81.9,8.4,2347.9,26.94,294.3,-0.0498,0.0215,0.95,0.715,4,1,5,0,1,0.9999
0.05,0.14,0.24,0.33,0.53,0.96,1.43,0.08,0.78,16.2,51.3,9.2,2298.1,21.59,99.6,0.0132,0.0306,0.254,0.591,2,2,1,0,0,0.0304
2.9,6.43,12.33,22.08,26.83,36.96,70.89,4.28,36.35,5.9,62.0,38.3,3211.9,16.02,332.1,0.0348,-0.0205,0.427,0.764,5,3,3,0,0,0.1843
0.11,0.26,0.43,0.5,0.78,1.57,2.07,0.12,1.18,3.1,31.4,21.4,3509.6,14.47,255.3,0.0772,0.1367,0.263,0.408,4,1,1,0,0,0.0255
2.64,5.48,6.59,8.84,11.5,26.26,48.12,3.32,22.62,22.0,54.7,9.0,1877.8,38.17,282.7,0.0974,-0.0086,0.503,0.526,0,6,2,0,1,0.8505
0.24,0.5,0.86,1.11,1.77,4.07,6.81,0.36,3.34,2.8,62.8,6.2,1304.7,34.77,30.6,0.0035,-0.0839,0.337,0.515,1,3,3,2,0,0.1377
0.48,0.83,1.44,2.59,3.17,5.04,6.43,0.66,3.98,23.8,66.9,16.1,1126.2,27.1,209.8,0.0569,0.0607,0.427,0.55,3,0,3,1,0,0.0691
5.96,14.29,18.53,31.52,45.21,63.07,76.6,8.57,50.74,36.1,75.7,14.6,857.7,32.84,295.6,-0.1335,0.0304,0.577,0.572,7,3,1,0,1,0.9947
9.1,15.62,22.06,35.66,53.85,119.1,131.42,12.74,81.48,20.2,86.1,18.0,289.2,8.51,310.2,0.0776,0.0116,0.69,0.763,2,3,3,0,0,0.887
0.24,0.41,0.54,0.95,1.24,2.05,2.89,0.31,1.67,20.4,44.0,13.7,1471.2,10.21,10.3,-0.0363,-0.0232,0.299,0.238,1,4,2,0,0,0.0176
0.47,1.02,2.12,3.69,4.33,8.88,11.77,0.63,6.68,13.5,74.9,10.2,1171.5,9.52,338.1,-0.0121,0.0197,0.404,0.89,5,6,5,1,0,0.0043
0.97,2.03,2.5,3.09,3.55,4.63,9.03,1.09,4.66,15.8,52.2,16.1,4060.6,19.48,15.6,0.0221,0.081,0.351,0.73,0,3,3,1,0,0.0206
3.25,7.61,14.91,19.96,24.21,44.45,78.63,3.55,39.24,19.3,91.4,9.6,2364.5,33.41,221.2,-0.0077,0.0101,0.541,0.476,3,1,1,0,1,0.982
1.86,4.06,6.62,7.5,8.46,13.44,15.81,2.39,10.27,17.1,47.3,15.5,1491.2,15.25,249.6,0.0098,-0.0735,0.304,0.646,0,4,2,1,0,0.0414
1.78,3.4,4.09,5.38,8.26,17.19,30.08,1.86,14.71,21.6,93.0,12.5,2458.9,35.84,38.6,0.0794,-0.1727,0.452,0.939,0,3,2,1,1,0.2553
0.67,1.05,1.74,2.78,4.04,8.06,10.77,0.75,6.12,20.9,51.7,9.5,627.7,13.85,17.3,-0.0192,0.0192,0.279,0.328,2,2,2,5,0,0.1444
1.59,3.61,7.86,12.57,17.92,32.07,58.22,2.08,28.85,8.9,78.5,18.1,1892.8,18.0,282.6,-0.0543,-0.0493,0.569,0.838,3,1,3,2,1,0.2056
0.28,0.61,1.0,1.42,2.05,4.95,7.47,0.3,3.82,22.1,53.8,5.0,2648.9,15.15,138.5,0.0907,-0.005,0.292,0.603,0,6,2,3,0,0.0424
1.26,2.03,2.99,3.64,5.16,9.85,12.75,1.66,7.46,18.2,68.0,10.1,2078.9,17.23,38.6,0.0263,-0.0405,0.472,0.648,4,2,2,1,0,0.0545
1.23,2.97,6.29,7.12,7.96,9.7,18.0,1.56,9.71,11.3,59.6,26.2,1717.4,18.3,274.6,0.0961,-0.044,0.316,0.659,0,3,1,0,0,0.0557
1.75,3.2,4.09,5.22,7.24,13.63,26.78,1.87,12.64,9.3,76.6,16.6,4174.5,5.97,305.7,0.0432,-0.0383,0.412,0.478,2,2,3,0,0,0.0165
22.64,34.97,68.44,79.26,103.55,132.5,204.05,28.29,120.38,9.5,93.9,19.6,3703.3,23.5,211.5,-0.0662,-0.0337,0.868,0.854,1,4,3,0,1,1.0
0.19,0.28,0.41,0.73,0.86,2.11,3.1,0.25,1.61,17.8,30.3,4.5,2637.1,18.06,58.0,0.0323,0.0388,0.301,0.732,4,1,3,1,0,0.0119
5.13,11.3,21.55,25.92,37.14,80.38,135.34,6.59,66.93,14.3,44.4,19.9,2412.9,41.9,5.5,-0.0492,0.0287,0.659,0.534,4,4,5,0,1,0.9909
4.53,12.26,16.42,27.39,35.99,43.54,57.46,6.54,37.85,19.6,83.6,3.7,2625.7,26.39,252.3,0.0004,-0.0604,0.531,0.525,0,0,2,1,1,0.8832
0.62,1.6,2.0,2.73,3.35,6.14,11.93,0.91,5.69,7.7,72.0,19.9,885.4,22.95,198.1,-0.0038,-0.0536,0.307,0.291,0,3,2,0,0,0.0786
3.07,5.02,9.43,14.46,21.21,51.45,86.32,3.63,41.86,19.4,88.8,11.0,1689.8,40.6,234.3,-0.0809,0.019,0.552,0.612,5,2,5,1,1,0.8017
1.35,2.59,4.09,6.03,6.82,15.25,26.89,1.53,12.92,27.1,74.5,17.1,213.8,38.45,292.7,-0.0406,0.0526,0.494,0.619,2,3,1,0,1,0.8006
18.7,35.67,78.1,88.98,114.15,177.5,320.85,22.5,164.54,32.1,94.0,13.9,2023.5,42.88,156.3,0.1103,0.0519,0.95,0.797,2,2,4,1,1,1.0
0.98,2.56,4.5,7.81,9.68,20.13,36.64,1.21,17.58,22.8,69.0,34.4,2303.6,14.36,44.8,0.0119,-0.0501,0.366,0.588,0,0,1,0,0,0.082
2.76,7.0,8.79,15.2,17.65,38.79,68.75,3.01,33.06,25.0,54.2,8.5,995.2,9.37,338.4,-0.0088,0.0495,0.482,0.618,8,2,3,0,1,0.0911
6.8,18.73,25.12,32.87,38.3,78.26,105.97,9.32,59.46,18.2,58.2,49.3,4050.7,5.99,196.3,0.0906,-0.0888,0.54,0.577,6,7,2,1,1,0.6963
1.55,3.36,7.06,8.43,10.18,24.07,40.81,2.25,19.78,13.6,63.8,39.8,3824.2,32.6,221.5,-0.0198,-0.0101,0.403,0.893,0,4,4,0,0,0.0685
0.44,0.67,0.85,0.99,1.1,1.65,2.73,0.54,1.48,5.6,100.0,26.9,3046.9,5.33,336.0,-0.0046,0.0244,0.415,0.477,2,1,3,1,0,0.0083
2.51,6.71,11.67,19.74,27.6,59.91,115.36,2.58,53.48,12.9,58.8,8.9,2263.6,21.76,335.4,0.0495,-0.1039,0.6,0.556,5,6,1,1,1,0.9524
2.48,3.84,4.67,7.05,9.55,18.96,33.55,3.7,16.47,21.2,51.8,13.9,3660.4,7.34,206.0,-0.02,0.1046,0.364,0.683,2,4,3,1,0,0.0279
3.3,8.52,16.34,22.25,34.01,83.53,133.95,3.87,66.27,21.3,57.8,18.9,592.2,35.12,107.1,-0.0373,0.0663,0.603,0.787,2,1,2,1,1,0.9884
0.22,0.48,0.64,0.86,1.28,2.68,5.18,0.24,2.41,17.7,50.4,9.7,3330.6,25.28,359.0,-0.1127,0.0324,0.333,0.745,2,3,1,0,0,0.0448
0.68,1.88,2.59,3.84,6.1,10.76,20.19,0.81,9.87,18.1,85.0,15.3,568.0,35.01,245.1,-0.0468,-0.0483,0.426,0.709,0,2,1,1,0,0.445
12.37,22.46,33.3,42.97,47.75,64.5,87.99,15.21,54.83,6.5,89.5,13.1,3346.0,22.02,147.0,-0.0473,-0.0034,0.6,0.804,4,0,1,0,1,0.9653
0.37,0.79,0.95,1.06,1.43,2.91,5.61,0.42,2.63,22.0,64.7,22.7,1194.4,10.92,201.5,0.0079,0.0395,0.347,0.447,2,4,3,1,0,0.014
0.68,1.04,1.78,2.48,2.94,7.19,10.91,0.83,5.55,6.6,86.8,8.9,3689.9,14.92,149.7,-0.0305,-0.0561,0.43,0.253,2,0,5,0,0,0.0127
0.07,0.17,0.36,0.62,0.83,1.35,1.82,0.11,1.08,23.5,66.3,17.6,3967.8,30.89,319.8,0.1079,-0.009,0.289,0.721,1,2,3,0,0,0.0207
2.83,4.49,8.5,14.13,16.84,34.61,43.34,3.71,25.38,11.0,48.8,7.6,667.5,6.9,173.7,-0.0529,0.0455,0.386,0.705,4,3,3,2,0,0.0693
2.86,4.54,9.77,16.98,19.3,42.89,73.61,3.33,35.88,11.8,72.3,4.1,1970.1,14.22,296.5,0.07,-0.0747,0.527,0.488,4,6,4,0,0,0.1549
4.31,10.54,14.02,21.94,33.24,77.72,130.56,4.32,63.7,7.8,73.4,10.2,4121.1,13.06,302.5,0.011,0.0166,0.619,0.631,2,0,4,0,1,0.5619
0.11,0.19,0.27,0.31,0.41,0.9,1.47,0.14,0.74,8.2,58.6,12.4,2056.1,18.44,296.8,0.0403,-0.0877,0.275,0.739,6,1,2,1,0,0.0162
1.27,3.52,5.45,7.77,11.21,19.5,35.94,1.52,17.79,16.1,52.4,8.7,3633.7,26.87,260.0,0.0373,-0.0472,0.455,0.675,0,3,3,2,0,0.2107
0.01,0.02,0.04,0.04,0.05,0.06,0.12,0.01,0.06,25.2,86.7,14.7,2493.2,34.54,307.8,-0.1109,-0.0252,0.408,0.764,4,4,2,0,0,0.0716
1.34,2.84,6.25,11.11,15.42,30.32,36.96,1.92,22.22,8.7,51.5,49.4,1607.6,8.15,139.4,-0.0006,0.0257,0.451,0.485,2,6,3,1,0,0.0576
0.15,0.29,0.6,0.95,1.44,2.77,5.1,0.19,2.47,12.9,54.5,16.1,1236.0,11.38,41.3,-0.0131,-0.035,0.31,0.62,1,0,2,2,0,0.0205
0.73,1.36,2.43,2.71,4.18,7.32,12.79,0.78,6.49,3.4,58.5,9.6,893.4,8.77,303.3,-0.0566,0.0063,0.289,0.883,0,3,1,1,0,0.0155
22.22,58.58,104.56,185.46,232.08,469.63,711.58,28.23,376.53,22.9,95.2,10.6,3211.5,18.86,179.3,0.023,-0.0344,0.95,0.824,1,0,1,2,1,1.0
0.6,1.6,3.16,4.3,6.69,8.39,11.84,0.82,7.4,17.8,50.7,8.6,1654.1,9.46,45.9,0.0858,-0.0265,0.381,0.667,5,4,5,1,0,0.0068
0.32,0.57,0.79,0.95,1.27,3.03,5.03,0.37,2.46,20.9,47.3,4.2,2171.8,23.4,41.5,-0.1337,0.0625,0.343,0.832,4,0,1,0,0,0.0319
0.17,0.26,0.52,0.84,1.02,1.64,2.86,0.19,1.48,14.3,86.3,1.7,2093.2,37.03,57.3,-0.0267,-0.0575,0.361,0.764,3,5,3,0,0,0.0455
0.02,0.05,0.09,0.11,0.15,0.2,0.31,0.03,0.18,10.3,55.2,16.8,2445.7,6.14,270.4,-0.0623,0.038,0.337,0.854,0,0,4,1,0,0.0028
38.06,97.9,124.17,155.86,225.07,327.57,435.18,45.57,269.46,12.3,74.6,13.8,3642.1,11.62,255.9,0.0036,-0.0001,0.95,0.492,7,4,2,3,1,1.0
7.0,15.03,18.67,21.68,24.74,48.9,85.5,7.64,42.26,13.0,81.2,5.3,4120.1,43.12,73.4,-0.0163,-0.0288,0.541,0.579,1,1,3,1,1,0.9841
3.38,8.53,11.55,18.38,26.6,58.82,71.49,4.45,41.89,26.9,63.4,7.5,1741.5,21.44,304.9,-0.0303,-0.0609,0.477,0.847,3,2,2,0,0,0.4016
8.92,23.05,42.71,53.33,78.86,110.65,140.98,12.37,90.51,8.7,74.9,3.5,3484.2,14.36,101.3,0.0345,-0.0573,0.71,0.901,4,3,3,0,1,0.979
0.19,0.5,1.07,1.79,2.35,4.91,8.05,0.25,4.06,13.4,47.3,10.0,3222.8,66.54,285.5,0.0818,-0.0369,0.325,0.522,0,0,5,1,1,0.8908
1.26,2.84,3.73,5.72,8.85,12.36,18.61,1.58,10.84,14.8,55.2,13.3,2430.1,16.44,176.0,0.1331,-0.0075,0.366,0.663,3,1,1,0,0,0.057
64.89,111.72,202.09,277.4,335.94,716.41,1180.14,83.49,591.71,21.6,95.9,9.4,4017.6,26.3,263.4,-0.037,0.0302,0.95,0.416,0,0,2,1,1,1.0
6.3,14.63,26.26,46.76,55.89,117.17,214.17,7.92,102.4,21.8,78.2,13.6,882.0,11.94,137.3,-0.091,-0.015,0.893,0.443,0,0,1,1,1,0.9996
2.92,5.54,7.59,9.4,13.28,30.79,55.9,3.6,26.32,3.4,86.6,26.6,503.4,10.68,125.0,0.028,-0.0117,0.567,0.576,3,0,2,0,0,0.1232
0.33,0.83,1.22,1.99,2.64,5.46,8.86,0.34,4.5,14.9,57.3,17.3,3593.9,27.14,302.9,0.0805,-0.0042,0.458,0.729,0,2,4,1,0,0.0297
13.37,23.62,41.08,49.59,64.91,83.54,156.92,16.99,82.83,16.5,82.2,10.3,1872.5,45.18,12.7,0.0407,0.0238,0.749,0.86,2,3,5,1,1,0.9996
0.73,1.71,2.63,3.3,4.67,10.73,14.96,0.76,8.06,7.5,92.6,26.5,3564.9,14.73,350.9,0.0803,0.0322,0.401,0.522,1,4,1,1,0,0.0714
31.7,51.09,69.39,82.55,105.89,217.02,341.4,40.37,176.66,22.2,84.7,8.5,3756.3,10.19,233.3,-0.0113,-0.0693,0.95,0.442,2,0,1,1,1,1.0
1.04,2.66,4.33,7.59,11.99,17.67,29.71,1.3,16.04,24.6,42.2,21.6,309.2,32.3,155.7,-0.0305,-0.0141,0.391,0.18,0,1,1,0,1,0.8598
3.05,5.83,7.51,10.76,16.69,40.42,60.64,4.36,31.11,40.4,41.1,10.0,3716.4,14.82,226.1,0.0058,0.0614,0.374,0.567,4,4,5,0,0,0.0571
0.47,1.31,2.33,3.93,4.93,11.55,22.26,0.57,10.18,14.6,56.2,10.0,1910.5,23.57,44.2,-0.0165,-0.0658,0.292,0.86,0,2,2,0,0,0.0288
0.28,0.6,0.8,0.91,1.09,1.91,3.79,0.42,1.81,28.6,62.1,20.0,2168.3,14.48,185.1,0.0332,0.0037,0.405,0.794,4,0,2,0,0,0.011
1.53,2.81,5.42,8.17,9.72,19.13,21.14,1.88,13.47,20.9,55.2,7.3,2650.4,15.91,354.6,0.0485,-0.0085,0.42,0.865,3,1,3,0,0,0.0198
1.77,2.94,5.14,7.27,10.83,22.42,41.06,2.61,19.66,18.4,64.8,29.9,3894.5,11.34,84.7,0.0524,-0.0283,0.399,0.799,2,1,1,1,0,0.0797
0.11,0.31,0.4,0.71,1.0,2.3,4.6,0.12,2.08,10.8,37.6,10.6,129.3,27.52,260.0,0.0255,0.0795,0.301,0.423,5,0,2,1,1,0.085
0.44,0.88,1.26,2.08,2.85,4.73,8.9,0.63,4.41,19.2,66.2,21.8,2028.9,23.95,156.6,0.0123,0.0018,0.447,0.53,0,4,1,0,0,0.1406
0.19,0.45,0.74,1.29,1.84,3.83,7.25,0.27,3.41,17.2,36.7,23.3,2904.0,23.5,234.9,0.0397,0.0756,0.355,0.615,1,1,5,2,0,0.0172
1.86,3.57,5.69,8.14,11.97,25.41,48.01,2.09,22.54,20.7,71.7,12.2,3049.2,12.69,73.8,-0.0981,0.0003,0.43,0.765,0,6,2,0,0,0.0569
1.13,2.02,4.1,6.83,8.29,13.92,16.32,1.69,10.46,22.2,52.6,16.9,2924.0,22.82,169.4,0.0105,0.023,0.269,0.447,2,5,2,1,1,0.0978
3.38,7.59,13.87,17.27,27.46,48.11,60.34,3.82,36.72,30.1,69.5,17.3,607.9,48.41,352.8,0.0026,-0.0289,0.469,0.532,8,3,3,1,1,0.982
1.69,3.41,7.12,11.33,14.47,25.34,35.69,2.11,20.32,18.3,73.3,13.9,1292.5,10.23,70.3,0.0107,-0.0283,0.415,0.621,0,1,1,2,0,0.1432
0.48,1.02,1.78,3.17,3.61,6.23,8.03,0.65,4.83,16.3,83.1,18.3,1538.7,11.99,229.1,-0.0044,0.0205,0.378,0.392,4,1,3,0,0,0.0153
47.37,114.49,173.41,264.88,401.92,764.1,1209.3,47.46,634.02,18.4,87.8,4.1,3388.4,12.38,207.2,0.0216,0.0214,0.95,0.769,3,2,2,0,1,1.0
3.98,7.42,9.15,10.2,13.93,17.53,23.41,4.67,15.11,8.6,88.5,3.1,1206.9,20.42,203.4,-0.0287,0.0299,0.462,0.772,0,1,1,0,0,0.1605
0.16,0.26,0.37,0.5,0.55,1.38,1.72,0.2,0.97,5.7,66.3,12.8,924.4,9.76,221.4,0.0565,0.0188,0.346,0.487,7,6,2,1,0,0.0151
3.81,8.39,12.22,18.54,26.03,41.62,52.82,4.95,32.72,20.6,55.9,14.6,4023.4,25.3,180.8,0.0237,-0.0668,0.461,0.825,7,0,5,0,0,0.1195
1.8,2.97,3.84,4.53,6.39,12.17,21.52,2.49,10.66,22.3,63.5,26.8,86.8,5.68,6.1,0.0075,-0.0403,0.502,0.775,6,3,4,0,0,0.0068
1.94,4.61,7.97,11.01,15.83,24.89,31.45,2.46,19.63,9.8,58.0,18.6,4191.0,29.31,324.0,-0.0349,0.0425,0.385,0.88,2,3,5,0,0,0.0365
0.49,1.11,2.03,2.88,4.02,9.72,15.04,0.73,7.6,12.2,98.8,10.2,2858.8,23.27,297.7,0.0408,-0.0979,0.473,0.763,1,4,5,1,0,0.0166
3.47,6.26,7.82,13.42,16.55,40.84,77.82,4.6,35.46,22.3,100.0,18.1,3488.1,47.83,62.7,0.0103,0.0146,0.439,0.802,2,2,4,1,1,0.7869
0.72,1.32,2.05,3.07,4.91,12.14,19.27,0.95,9.57,25.0,75.0,2.5,1272.7,10.53,148.8,-0.0378,-0.0056,0.388,0.285,3,3,2,1,0,0.051
1.2,2.09,2.56,3.8,5.07,8.94,11.42,1.46,6.86,19.8,56.6,22.3,109.4,32.99,277.4,-0.0028,0.0425,0.419,0.654,2,7,3,0,1,0.0883
37.25,99.06,191.07,259.03,335.2,665.99,987.24,45.87,530.63,9.9,82.5,20.5,3112.2,18.09,352.8,0.0315,0.0208,0.95,0.638,3,0,2,0,1,1.0
0.66,1.26,2.15,2.94,3.24,7.35,12.72,0.82,6.15,18.9,65.3,10.4,3511.7,16.12,342.4,0.0276,-0.0332,0.436,0.651,4,0,2,1,0,0.0369
0.32,0.87,1.64,2.45,3.39,4.74,7.45,0.48,4.23,22.4,93.3,6.7,3123.0,10.22,323.8,0.0244,-0.0355,0.42,0.752,1,1,4,0,0,0.0048
1.59,2.42,4.41,5.36,7.2,12.21,21.85,2.05,11.04,27.6,45.5,37.0,642.8,14.6,57.0,0.0046,-0.0261,0.267,0.297,2,2,2,0,1,0.0521
0.49,0.98,2.01,2.87,4.51,7.21,8.55,0.5,5.52,16.6,78.1,21.1,3176.7,14.99,329.2,0.0513,0.029,0.432,0.117,7,0,2,1,0,0.1042
6.91,18.48,38.4,55.88,70.4,129.11,181.5,9.18,102.29,15.3,86.4,15.0,3241.0,7.37,316.2,0.0619,-0.1151,0.849,0.447,1,0,5,0,1,0.9704
0.36,0.88,1.54,2.44,3.51,7.84,9.75,0.39,5.63,25.7,79.1,11.5,2782.9,23.13,135.7,0.0369,0.0079,0.362,0.655,1,0,3,0,0,0.0229
2.98,4.7,7.81,11.85,16.76,33.8,65.69,3.6,30.74,21.0,55.4,6.9,3229.4,21.51,142.0,-0.0294,-0.0442,0.512,0.856,0,4,1,0,0,0.3716
0.01,0.02,0.03,0.04,0.07,0.09,0.12,0.01,0.07,15.0,43.7,39.5,3560.6,26.24,165.6,-0.0529,0.0095,0.299,0.79,1,2,1,0,0,0.0317
0.15,0.26,0.36,0.53,0.79,1.15,2.1,0.17,1.09,23.0,85.3,6.1,2596.5,13.5,236.2,-0.0272,0.0172,0.387,0.543,2,4,3,1,0,0.0135
0.96,1.62,2.98,3.32,3.66,5.02,6.39,1.33,4.13,25.5,54.6,39.6,417.7,29.91,93.9,0.0977,-0.0831,0.329,0.763,0,1,4,1,0,0.0248
0.43,0.88,1.61,2.54,3.9,5.79,11.04,0.5,5.57,9.2,73.8,33.1,2073.7,38.07,8.3,0.0141,-0.0113,0.346,0.443,0,3,4,1,0,0.1244
4.45,11.75,25.35,32.0,37.09,45.99,54.38,4.56,38.07,16.7,55.6,23.2,372.2,16.82,50.8,0.1063,0.0078,0.413,0.54,2,2,2,0,1,0.4324
0.36,0.71,0.92,1.55,1.74,4.09,5.6,0.49,3.03,13.2,47.6,12.6,1741.3,10.67,158.4,-0.006,0.0044,0.376,0.8,1,3,2,3,0,0.0231
1.01,2.42,5.21,8.37,12.58,28.9,35.21,1.02,20.43,22.6,81.3,42.0,1739.5,19.84,101.5,-0.0129,-0.0061,0.414,0.418,0,1,4,0,0,0.0625
1.23,2.2,4.33,5.24,5.99,11.51,16.02,1.72,8.98,13.2,72.7,21.2,323.9,19.33,275.2,-0.0037,-0.061,0.35,0.499,5,0,5,2,0,0.0273
4.66,9.43,12.53,16.61,18.65,41.03,64.37,5.96,32.88,14.5,64.2,18.7,1497.6,17.32,38.4,-0.0046,-0.0534,0.474,0.741,2,6,2,1,0,0.3229
1.52,2.51,3.51,5.69,6.95,17.38,34.29,2.17,15.35,17.8,55.8,24.2,510.6,26.28,330.3,-0.0387,-0.0689,0.44,0.664,0,4,1,0,0,0.2617
0.11,0.19,0.28,0.44,0.6,1.18,1.64,0.13,0.92,25.2,68.8,16.4,3404.2,15.67,322.3,-0.0574,0.0277,0.306,0.777,5,1,3,1,0,0.0088
0.81,1.9,3.56,5.26,8.07,16.13,21.38,0.88,12.2,20.3,77.5,41.1,3982.9,10.15,327.2,0.0251,-0.0058,0.365,0.167,1,7,1,0,0,0.0833
3.01,4.56,8.88,11.6,18.09,42.03,70.5,3.11,34.46,14.8,41.5,14.9,350.1,20.85,266.3,0.0527,-0.0026,0.461,0.667,1,1,3,1,1,0.2867
2.15,5.21,10.1,14.8,19.63,37.09,51.7,2.9,29.07,28.9,43.3,11.9,4013.7,26.96,38.5,0.1222,-0.0853,0.418,0.651,5,2,1,1,0,0.619
0.08,0.21,0.38,0.69,0.96,1.21,1.68,0.11,1.06,20.2,39.2,4.9,2218.7,28.15,157.7,-0.0217,-0.0017,0.301,0.778,0,4,3,1,0,0.0216
1.31,2.4,3.21,4.43,6.92,11.42,22.43,1.77,10.88,26.2,54.1,22.4,1293.2,15.09,47.3,-0.0176,0.0317,0.384,0.146,5,1,3,1,0,0.084
0.18,0.48,0.6,0.88,1.31,2.8,3.62,0.24,2.06,23.0,57.0,17.7,369.0,22.49,355.6,-0.0386,-0.0921,0.314,0.525,4,1,2,0,0,0.0313
0.16,0.38,0.56,0.94,1.32,2.79,3.38,0.16,2.01,28.4,91.5,9.1,2127.6,38.62,119.9,0.0563,-0.0268,0.404,0.941,1,2,4,0,0,0.024
4.91,12.63,22.74,25.46,31.12,77.56,148.56,5.8,67.42,18.1,42.2,27.2,3347.2,38.45,210.7,0.0407,-0.0785,0.657,0.771,0,2,2,0,1,0.9966
1.8,4.55,7.07,12.31,16.44,35.58,59.43,2.65,29.51,25.7,61.4,13.0,2984.4,33.5,280.6,-0.0438,-0.021,0.477,0.429,0,0,1,0,1,0.9336
22.97,34.49,70.71,119.74,183.14,236.86,397.83,29.24,222.77,22.3,72.4,20.7,258.4,7.06,331.4,-0.0451,-0.045,0.95,0.561,0,0,2,1,1,1.0
5.35,12.74,25.76,38.23,47.99,117.17,202.46,6.05,96.71,15.7,94.9,7.7,352.5,15.76,272.0,0.0476,0.019,0.942,0.426,5,6,5,0,1,0.9836
1.71,3.56,5.04,7.44,8.72,10.82,15.84,1.81,9.72,17.3,59.2,9.6,1721.9,37.12,242.8,0.0192,0.0085,0.391,0.848,2,1,4,1,0,0.0762
3.07,8.56,15.91,27.66,32.56,66.34,104.05,3.67,54.0,15.6,82.2,20.4,1275.5,7.03,167.8,0.0379,0.0646,0.731,0.521,0,0,2,1,1,0.6209
0.1,0.23,0.48,0.76,1.13,1.73,3.08,0.11,1.6,13.6,94.2,15.5,1014.4,18.47,217.9,-0.0441,-0.0027,0.398,0.399,2,4,2,0,0,0.0362
0.13,0.3,0.63,1.02,1.21,1.84,2.94,0.19,1.62,19.3,46.8,25.5,1216.2,13.37,33.9,-0.0939,0.0169,0.294,0.563,1,1,2,1,0,0.0172
0.18,0.5,0.81,1.02,1.15,2.22,3.63,0.25,1.86,20.4,39.7,0.8,3384.5,22.76,318.2,-0.0437,-0.0279,0.239,0.732,1,0,3,0,0,0.0103
1.18,2.18,4.6,5.09,7.77,9.61,18.78,1.46,9.82,23.9,53.1,24.6,3906.3,4.38,195.8,0.0344,-0.0552,0.39,0.793,0,7,5,1,0,0.0053
0.94,2.34,4.54,6.39,10.02,15.68,23.01,1.4,13.18,19.5,68.9,36.7,1731.2,35.26,14.4,0.1056,0.0417,0.423,0.501,4,6,3,0,0,0.2664
0.27,0.42,0.63,0.74,1.19,1.79,2.46,0.29,1.48,18.0,84.9,16.1,3810.4,18.98,331.2,-0.0215,0.0622,0.293,0.785,0,0,4,2,0,0.0106
1.15,2.46,3.8,5.28,6.77,11.69,13.98,1.24,8.79,16.8,75.8,6.4,1384.2,9.73,176.1,0.1138,0.0353,0.452,0.521,2,5,3,2,0,0.0313
27.49,63.73,85.33,131.59,204.58,257.34,305.27,29.68,212.26,24.2,85.3,14.8,2027.2,12.28,312.7,0.0415,0.0066,0.95,0.893,0,5,1,0,1,1.0
0.28,0.49,0.77,1.17,1.38,2.24,3.35,0.29,1.88,26.8,54.9,12.7,988.0,23.19,308.5,-0.0697,-0.0487,0.273,0.674,2,3,4,1,0,0.012
9.18,19.43,30.39,48.11,76.8,109.99,151.95,11.44,92.36,21.2,85.2,3.6,2708.0,11.71,293.7,0.0107,0.0571,0.695,0.624,1,2,1,0,1,0.995
0.16,0.33,0.6,0.72,0.8,1.17,1.83,0.22,1.03,18.8,45.0,2.0,4112.8,44.41,22.1,0.0432,0.029,0.258,0.419,0,0,2,1,0,0.3513
0.74,1.37,2.07,2.63,3.34,7.62,8.76,0.97,5.26,3.0,43.0,8.6,2554.5,17.75,88.9,-0.1213,0.1012,0.386,0.796,2,0,4,0,0,0.0079
1.08,2.48,4.02,6.38,9.4,23.42,40.14,1.31,19.18,27.9,68.0,8.9,1534.9,40.19,315.2,0.0322,-0.0577,0.481,0.955,2,3,5,0,0,0.0843
0.38,0.91,1.21,1.48,2.08,3.68,4.06,0.39,2.66,10.7,48.8,17.1,2738.4,20.87,323.6,0.0586,0.0431,0.309,0.282,1,4,2,1,0,0.0695
2.27,3.67,7.09,8.87,11.53,15.27,16.95,2.66,12.09,12.9,51.0,11.8,560.1,27.52,164.9,0.0199,0.0275,0.329,0.371,4,3,2,0,1,0.2046
1.27,2.15,2.67,4.2,4.79,10.57,12.58,1.44,7.46,28.6,91.1,3.0,3737.9,26.64,158.4,-0.0031,-0.0171,0.383,0.555,2,0,2,2,0,0.1688
1.14,3.14,6.12,9.85,15.52,35.45,39.82,1.28,24.25,18.2,82.1,24.5,2137.8,14.37,63.1,-0.0086,0.0682,0.412,0.541,3,1,2,1,0,0.1313
0.76,1.18,1.63,2.12,3.24,5.12,6.97,0.91,4.16,25.9,61.5,13.4,1914.8,27.71,348.6,-0.0116,0.0201,0.379,0.535,2,2,4,0,0,0.0277
3.32,5.45,11.88,20.32,23.12,41.33,77.34,4.46,37.76,15.0,48.0,10.8,2481.3,15.1,76.7,-0.0588,-0.0468,0.553,0.64,5,3,4,1,0,0.2386
2.42,6.18,13.52,22.78,33.63,55.85,68.98,3.32,42.98,6.5,88.2,16.2,2642.9,6.59,68.7,-0.0344,-0.0059,0.655,0.888,2,0,5,1,0,0.0892
1.21,3.08,6.77,10.28,12.17,29.98,55.32,1.32,25.58,17.9,56.8,16.3,347.9,16.87,237.9,-0.0208,-0.0474,0.492,0.512,0,3,4,2,0,0.1352
1.72,4.72,5.73,9.61,15.2,34.96,55.92,2.25,28.04,22.4,78.8,6.6,2882.9,8.86,87.4,0.0057,-0.0234,0.418,0.836,4,3,2,1,0,0.0723
0.24,0.63,0.89,1.59,1.8,2.8,3.41,0.28,2.18,19.2,61.0,5.9,1054.0,14.8,338.0,-0.0278,0.0352,0.363,0.368,4,0,2,1,0,0.0354
2.22,3.95,6.93,12.19,14.53,30.06,57.34,2.48,26.93,18.2,79.6,10.0,3012.9,18.63,3.9,-0.0435,0.0495,0.445,0.644,7,0,3,0,0,0.1141
1.4,3.34,6.46,7.69,11.43,22.95,35.91,2.1,18.71,9.1,52.5,7.0,3463.5,10.87,2.1,0.038,0.0111,0.436,0.394,0,1,3,1,0,0.0673
21.62,37.99,76.58,104.6,115.95,211.84,341.62,22.3,178.95,16.8,90.7,18.2,3386.4,25.61,181.8,0.0185,-0.0375,0.95,0.751,2,6,1,0,1,1.0
0.48,1.23,1.64,2.64,4.06,8.64,13.74,0.68,7.02,19.4,58.2,10.4,2342.9,15.0,175.7,-0.027,0.0191,0.407,0.618,2,2,2,0,0,0.0248
3.72,8.11,16.67,19.36,23.83,54.24,101.22,4.46,47.21,29.9,56.2,20.6,2208.7,8.7,58.8,0.0253,0.0362,0.62,0.742,3,2,2,0,1,0.3161
0.33,0.68,1.3,1.55,2.38,5.78,10.54,0.48,4.91,25.1,34.2,16.3,642.9,10.97,178.0,-0.0227,-0.0986,0.24,0.59,8,3,3,0,0,0.008
0.86,1.85,2.75,3.8,5.07,9.18,10.96,0.94,6.81,16.3,60.8,4.8,3267.7,20.17,148.2,0.0032,0.0058,0.342,0.625,2,1,1,1,0,0.0776
2.75,4.22,5.1,5.63,6.35,13.01,21.58,4.13,10.87,16.3,62.9,8.6,1176.3,16.45,320.5,0.0488,-0.0095,0.431,0.741,3,0,3,0,0,0.0271
0.57,1.38,2.91,4.1,5.62,12.13,23.95,0.78,10.99,15.3,53.7,21.1,2111.3,22.29,3.3,-0.0302,0.0477,0.313,0.451,1,3,2,3,0,0.1843
0.27,0.46,0.64,0.88,1.29,2.41,4.1,0.34,2.08,12.8,40.6,23.8,1229.7,20.25,351.5,-0.0586,0.0193,0.35,0.449,1,3,2,2,0,0.0674
1.02,1.71,2.68,4.28,5.85,13.3,24.9,1.41,11.6,29.2,70.4,15.0,605.4,10.35,224.8,-0.0073,0.0242,0.318,0.426,1,1,3,0,0,0.0201
0.32,0.6,1.23,1.43,2.22,2.72,3.51,0.43,2.33,18.6,38.3,36.2,2662.7,13.18,54.7,-0.0682,-0.0241,0.309,0.422,0,0,2,0,0,0.0177
6.17,13.19,24.58,34.65,51.16,107.76,183.54,7.23,90.73,24.5,81.6,26.1,275.5,29.78,16.8,-0.0139,0.0001,0.834,0.799,1,3,2,0,1,0.9994
1.58,3.42,4.56,8.09,9.4,13.45,22.95,2.32,12.39,12.1,39.6,23.2,3156.9,11.44,193.7,-0.014,0.0472,0.368,0.722,0,3,3,0,1,0.0173
1.06,2.49,5.42,9.29,10.44,17.94,21.23,1.55,13.45,28.4,43.3,3.4,1368.0,40.69,84.6,-0.1232,-0.0032,0.322,0.394,2,0,1,2,1,0.872
0.87,1.37,2.09,3.34,4.28,9.71,14.04,0.98,7.44,9.9,75.0,6.5,50.6,7.51,108.4,0.0265,0.0087,0.344,0.331,2,3,2,0,0,0.0199
1.44,2.79,5.02,8.95,13.0,29.2,42.54,1.63,22.49,24.7,60.7,5.2,2171.2,29.27,88.2,-0.0091,-0.0768,0.354,0.595,4,6,1,0,0,0.3932
1.94,3.53,6.45,7.51,11.48,20.59,36.5,2.77,18.29,16.5,77.8,9.5,244.4,17.91,234.1,0.0591,-0.0034,0.498,0.651,2,0,1,1,0,0.2419
0.37,0.74,1.31,1.67,2.56,3.18,5.09,0.42,2.96,26.4,50.3,9.7,1196.1,10.4,199.3,0.0108,-0.1006,0.285,0.697,2,2,1,2,0,0.0254
0.45,0.97,1.73,2.07,2.35,3.97,4.97,0.66,3.06,11.3,81.1,11.9,2984.0,19.86,28.1,0.0368,-0.0258,0.394,0.176,1,3,1,1,1,0.2244
34.4,89.6,129.25,211.28,317.47,521.92,735.13,45.78,425.38,26.6,86.3,14.9,310.2,11.67,189.5,0.0595,0.0032,0.95,0.347,5,0,2,0,1,1.0
3.39,8.88,19.17,32.61,40.56,59.26,67.23,5.03,45.82,20.7,80.4,16.1,3533.3,13.69,284.8,-0.0066,0.0384,0.53,0.423,0,4,3,2,1,0.6711
22.87,50.2,84.72,131.22,204.59,280.31,394.73,32.21,240.37,8.1,84.0,31.5,65.9,15.21,29.2,-0.0,-0.05,0.95,0.647,8,5,4,0,1,1.0
0.42,1.06,1.41,1.81,2.44,3.94,4.45,0.59,2.95,25.1,78.5,2.3,1074.3,28.05,320.3,-0.0787,0.0187,0.39,0.907,2,4,3,0,0,0.0183
11.78,23.85,48.89,57.98,68.16,118.23,234.8,12.24,112.11,14.9,82.4,4.9,3124.8,13.07,208.2,0.062,0.0734,0.862,0.773,0,1,3,3,1,0.999
1.2,3.35,4.51,6.68,10.66,22.87,41.55,1.5,19.83,14.6,70.4,8.7,1362.5,21.56,342.2,-0.0073,-0.032,0.446,0.823,2,4,1,3,0,0.3307
0.41,0.69,1.42,1.71,2.05,3.98,7.81,0.5,3.67,18.0,59.9,6.4,472.9,28.62,53.3,-0.0503,-0.0774,0.287,0.402,0,2,2,1,0,0.1092
1.06,1.78,3.14,3.81,4.71,9.09,13.66,1.47,7.34,23.2,61.5,6.2,1545.0,19.56,357.7,0.037,0.0145,0.365,0.611,0,1,3,0,0,0.0239
8.26,15.54,19.33,28.8,39.3,90.46,129.22,9.59,68.67,7.7,89.8,18.9,1172.1,23.37,231.9,-0.109,-0.0596,0.739,0.511,1,0,2,0,1,0.9926
0.23,0.37,0.49,0.57,0.64,1.52,3.0,0.3,1.35,15.4,66.5,3.5,3547.3,18.57,204.3,-0.0215,-0.0409,0.368,0.504,2,6,3,0,0,0.0158
0.38,0.57,1.22,2.12,3.21,5.52,10.34,0.51,5.09,20.2,69.1,24.2,1350.4,25.33,185.5,0.0454,0.0462,0.411,0.421,0,2,3,0,1,0.0577
3.66,7.05,9.37,11.65,15.45,35.48,61.2,4.23,29.58,18.0,41.7,13.2,3324.1,8.54,8.5,-0.0219,0.0938,0.491,0.871,3,5,2,2,0,0.1301
9.68,15.11,26.99,45.31,57.79,130.99,186.72,12.43,99.66,13.3,90.3,16.8,3751.3,38.79,338.3,-0.0359,-0.05,0.88,0.822,4,0,3,0,1,0.9999
1.72,3.87,5.87,8.81,11.63,17.37,22.91,2.32,14.14,11.6,88.3,5.8,1850.3,12.59,231.8,-0.0208,-0.0369,0.409,0.787,2,4,1,1,0,0.0641
0.42,1.07,2.15,2.59,4.11,5.2,8.02,0.55,4.74,28.8,49.8,27.0,3826.3,18.01,33.0,-0.1005,-0.022,0.224,0.357,1,0,3,1,0,0.0277
0.59,1.02,2.03,3.62,4.87,11.69,15.33,0.68,8.46,19.0,54.7,23.5,1615.9,5.26,7.5,0.0358,-0.0274,0.38,0.725,0,0,1,0,0,0.013
0.61,1.38,2.76,4.04,5.96,14.79,18.63,0.69,10.44,9.5,36.2,9.1,4050.9,14.08,18.3,-0.0061,0.0967,0.342,0.912,0,7,1,1,0,0.0307
1.21,2.19,3.08,3.92,4.34,8.59,11.92,1.39,6.65,19.3,50.1,4.7,420.6,22.05,219.4,-0.0136,-0.0265,0.295,0.182,3,0,4,1,0,0.0495
0.28,0.61,1.17,1.47,2.17,3.57,4.28,0.29,2.72,21.0,38.5,18.5,2901.1,41.55,221.0,-0.0134,-0.0194,0.276,0.242,3,2,3,0,0,0.2374
1.29,2.83,3.66,4.36,5.0,10.3,15.94,1.7,8.31,22.9,87.6,10.5,2099.3,25.94,179.9,0.0007,0.0808,0.496,0.214,2,5,1,1,1,0.7502
8.24,12.91,16.48,24.6,36.82,46.69,85.22,11.21,45.87,15.7,95.3,8.0,1658.7,14.72,110.4,0.0327,0.0288,0.656,0.397,0,4,3,1,1,0.8345
29.45,79.77,128.33,196.87,306.96,668.36,1305.32,30.12,600.86,17.2,97.9,10.1,2675.8,7.11,191.4,-0.0026,0.0493,0.95,0.63,1,2,2,0,1,1.0
1.25,2.16,3.89,5.86,7.13,10.48,15.49,1.86,8.99,27.1,72.8,12.8,2971.0,36.46,185.9,-0.0681,-0.0453,0.412,0.268,4,3,2,0,0,0.6664
0.92,2.08,3.14,5.31,6.57,8.71,17.12,1.29,8.76,27.8,50.9,7.8,68.1,14.32,7.0,0.0288,-0.0265,0.266,0.514,2,3,4,1,0,0.0173
0.19,0.4,0.6,0.69,1.04,2.46,4.27,0.26,2.05,25.4,41.9,7.3,742.9,22.02,101.7,0.0249,-0.052,0.385,0.603,7,0,2,0,0,0.0316
0.26,0.65,0.83,0.93,1.39,2.68,3.09,0.36,1.93,8.4,45.6,8.6,3009.1,14.74,19.1,0.0103,0.0401,0.258,0.791,8,1,2,3,0,0.0242
0.64,1.27,1.77,3.0,4.49,8.24,12.19,0.92,6.68,10.9,54.9,24.3,2815.5,23.51,324.1,0.0538,0.0613,0.252,0.657,4,1,5,0,0,0.0087
2.02,4.95,8.96,10.61,15.96,31.96,62.76,2.32,29.27,15.2,66.5,10.4,4059.1,35.6,261.1,0.0015,-0.03,0.492,0.562,1,1,1,2,1,0.9602
0.61,1.53,2.88,3.46,4.41,10.99,14.53,0.76,7.92,15.8,62.6,9.1,3208.3,27.87,358.6,0.0556,-0.0182,0.337,0.593,1,1,1,0,0,0.1325
13.48,23.12,48.72,71.95,113.34,164.37,194.01,17.8,129.26,24.9,80.0,18.7,3995.7,16.28,108.8,0.0704,-0.016,0.813,0.856,1,1,1,1,1,0.9999
6.7,15.9,25.04,34.68,53.72,79.19,107.71,9.65,65.53,25.1,80.4,8.7,2965.5,36.91,316.3,0.0291,-0.0774,0.568,0.454,8,1,1,0,1,0.9998
3.09,6.38,9.17,14.37,16.72,35.43,58.21,4.2,29.26,28.8,65.4,13.3,1286.9,46.35,217.1,-0.0374,-0.0337,0.494,0.806,1,1,2,0,1,0.9133
1.93,5.3,10.17,12.54,14.05,31.96,58.84,2.56,27.62,15.8,65.8,79.7,487.3,31.66,163.1,-0.0065,0.0387,0.462,0.914,3,2,3,1,1,0.2708
0.89,2.48,4.65,7.85,12.23,29.58,45.49,1.13,23.05,9.6,37.6,27.0,3294.6,15.01,80.1,0.0619,-0.0438,0.379,0.68,7,0,3,1,0,0.0618
0.36,0.86,1.27,1.59,1.93,4.31,7.18,0.42,3.55,14.9,82.0,13.3,2723.2,29.3,265.8,-0.0749,0.0046,0.408,0.597,4,4,4,2,0,0.0542
7.9,17.65,34.74,48.72,71.64,134.79,256.14,10.73,122.81,21.3,65.9,19.8,250.0,31.49,325.5,-0.0196,-0.0654,0.938,0.605,2,5,3,1,1,1.0
0.62,1.18,1.66,1.85,2.65,5.64,9.37,0.76,4.68,42.0,52.0,21.6,1544.2,16.46,84.7,-0.0171,-0.0072,0.354,0.63,0,0,2,2,0,0.0408
0.85,1.57,2.42,4.3,6.29,11.91,18.8,0.89,9.88,14.6,57.0,8.8,4020.7,46.35,63.1,-0.0433,-0.0282,0.303,0.381,0,0,2,0,1,0.6798
1.11,2.35,3.4,4.43,6.24,12.81,14.76,1.55,9.08,19.8,30.2,9.0,2126.7,34.76,250.6,0.0436,-0.0611,0.307,0.475,2,3,4,1,0,0.0939
1.25,2.74,5.06,7.46,9.27,12.06,20.51,1.67,11.39,24.4,60.8,28.1,1845.8,16.94,351.7,0.0188,0.0395,0.314,0.657,7,6,2,2,0,0.0696
0.03,0.07,0.12,0.17,0.23,0.47,0.75,0.04,0.39,12.0,50.3,6.2,1949.5,15.0,270.0,-0.0356,0.0423,0.33,0.638,6,0,4,1,0,0.0072
3.41,8.71,16.84,23.26,31.77,51.26,94.7,4.92,47.61,17.1,72.4,21.8,916.9,31.11,102.4,0.0303,-0.0485,0.58,0.752,0,0,2,1,1,0.9379
10.85,28.18,36.85,45.2,56.64,107.62,169.27,14.8,89.05,10.6,94.8,18.0,1580.1,52.9,151.2,-0.0079,-0.0108,0.821,0.669,1,0,1,0,1,1.0
0.2,0.39,0.57,0.87,1.11,1.53,2.08,0.26,1.29,18.8,54.7,26.5,1584.7,8.92,138.4,-0.0445,0.0022,0.268,0.553,2,3,2,2,0,0.0166
2.84,6.14,10.35,15.4,21.93,41.96,52.87,3.92,31.38,21.9,45.7,1.3,267.3,24.12,306.8,-0.0356,-0.0907,0.466,0.751,2,7,2,1,0,0.4203
0.26,0.64,0.8,1.13,1.71,3.53,6.06,0.37,3.0,12.2,18.1,34.2,3235.4,29.02,277.7,0.0218,-0.0699,0.222,0.681,0,4,5,2,0,0.0153
0.42,1.1,2.12,3.15,4.4,6.43,9.68,0.54,5.57,15.1,84.1,11.3,1778.5,35.43,212.0,0.047,0.0643,0.469,0.635,2,2,1,1,0,0.5492
1.1,1.86,2.76,4.29,5.66,7.51,12.69,1.58,7.03,30.5,62.9,20.5,3462.0,29.17,99.0,-0.0243,-0.0533,0.409,0.818,7,3,3,1,0,0.0567
5.65,13.95,25.16,42.84,49.74,84.08,155.21,7.54,77.23,17.7,59.5,26.7,3578.9,14.43,337.7,0.0272,0.0629,0.699,0.69,7,0,2,0,1,0.9603
0.99,2.66,5.58,7.03,7.8,13.97,19.43,1.26,11.08,12.8,32.2,16.9,929.8,8.29,235.2,0.0791,-0.0673,0.352,0.553,2,3,3,2,0,0.0278
0.73,1.33,1.94,3.17,3.63,7.37,12.28,0.89,6.19,15.1,51.3,9.1,2778.0,15.96,349.4,-0.0629,0.0329,0.33,0.436,3,1,2,1,0,0.0444
1.1,2.34,4.56,7.62,8.64,12.36,23.93,1.18,12.09,19.1,62.2,28.0,2010.0,28.65,208.8,0.0178,-0.0156,0.417,0.861,1,0,3,2,1,0.0985
0.4,0.6,1.1,1.78,2.1,3.81,4.91,0.4,2.92,16.1,65.7,14.1,3702.7,13.55,295.6,0.0415,-0.0085,0.317,0.765,3,0,4,1,0,0.0065
4.03,10.35,14.28,23.89,37.08,88.67,165.96,4.47,76.63,22.5,66.0,31.8,945.3,38.36,292.7,-0.0048,0.0928,0.729,0.624,0,3,2,0,1,0.9997
4.11,10.65,20.6,31.0,36.44,63.42,80.13,4.5,48.64,21.1,63.0,9.5,2862.9,17.69,121.4,0.0619,-0.0627,0.552,0.714,1,4,5,0,0,0.2638
1.69,4.55,5.73,6.4,7.65,10.9,15.52,1.88,9.28,15.2,44.9,15.4,2572.2,13.06,347.0,0.1099,0.0297,0.33,0.792,0,2,2,0,0,0.018
14.03,34.35,59.05,93.71,131.79,302.34,449.36,16.51,234.05,25.5,91.6,14.9,1275.5,25.57,7.9,0.0172,0.0277,0.95,0.439,2,0,5,0,1,1.0
1.0,1.94,2.55,4.35,5.95,10.42,17.11,1.23,8.97,16.2,71.3,16.6,616.9,16.68,276.7,-0.0117,0.1677,0.297,0.737,5,0,2,2,0,0.0435
0.72,1.25,2.36,3.04,4.61,9.31,11.72,1.02,6.87,23.1,53.6,21.2,2754.3,14.76,347.6,0.0488,-0.0539,0.328,0.569,8,0,4,0,0,0.0101
8.23,15.96,24.0,38.9,47.26,110.86,170.68,9.75,86.93,6.2,52.2,11.1,3115.2,49.52,122.0,0.0421,-0.0313,0.775,0.718,3,1,2,1,1,1.0
0.08,0.14,0.29,0.34,0.46,0.92,1.79,0.09,0.84,17.7,42.7,15.1,1359.9,13.5,233.3,-0.1259,0.0408,0.349,0.701,3,2,4,1,0,0.0062
0.45,0.74,1.24,1.93,2.23,5.11,7.18,0.67,3.85,19.1,53.1,2.4,2726.1,15.64,202.4,-0.0001,-0.01,0.234,0.534,1,0,5,1,0,0.0073
11.27,23.73,30.38,34.63,48.27,98.75,128.34,16.89,73.67,27.8,89.9,14.6,1689.8,25.77,274.1,-0.0197,-0.0232,0.748,0.482,2,3,5,1,1,0.9877
2.62,4.62,8.3,12.31,17.25,38.97,44.52,3.61,26.91,18.0,80.7,7.0,3009.8,38.05,311.8,0.0198,0.0479,0.515,0.59,3,3,2,0,1,0.8591
1.96,3.1,3.77,6.45,9.83,17.64,30.61,2.32,15.5,26.6,58.9,11.0,876.7,24.47,217.1,-0.0097,-0.0133,0.404,0.766,2,1,2,1,0,0.1296
4.69,10.43,15.58,21.27,26.91,66.56,103.39,5.64,51.9,22.0,82.2,31.6,3744.4,20.13,293.7,-0.0043,-0.0446,0.637,0.772,0,2,3,0,0,0.6147
0.35,0.79,1.17,1.44,1.79,3.42,5.39,0.39,2.83,10.4,81.4,13.7,1242.7,52.58,112.4,-0.0432,0.0363,0.408,0.831,3,0,3,0,0,0.318
0.16,0.35,0.77,1.21,1.91,3.98,7.87,0.18,3.63,5.5,46.4,21.7,1576.3,15.22,82.3,0.0367,0.0188,0.316,0.656,1,2,3,2,0,0.0189
1.34,2.31,3.34,5.65,7.48,10.85,14.34,1.79,8.91,31.9,56.4,11.1,291.1,15.26,155.0,0.0828,-0.0156,0.346,0.768,0,5,4,1,0,0.0139
0.85,1.74,3.26,4.28,5.32,9.24,17.13,1.1,8.45,30.7,62.9,5.4,512.8,13.62,244.0,-0.0424,-0.018,0.412,0.77,2,3,1,1,0,0.0422
0.6,1.46,2.13,3.19,4.48,8.09,10.16,0.74,6.13,23.1,73.4,17.7,2190.8,23.66,67.4,-0.0699,-0.0457,0.457,0.415,0,0,3,0,0,0.0641
2.24,5.46,6.98,10.9,12.78,29.06,43.92,2.93,22.71,15.9,52.8,3.8,1160.5,11.33,244.9,0.001,0.0363,0.448,0.666,3,4,3,0,0,0.0438
1.19,2.72,3.44,4.72,6.11,13.48,22.76,1.48,11.2,16.1,73.7,17.4,3517.2,9.63,141.9,-0.0014,-0.018,0.321,0.722,3,3,1,0,0,0.0241
0.58,1.5,3.2,3.67,4.88,9.29,17.33,0.86,8.36,18.9,48.1,16.3,111.0,15.61,286.4,0.0585,-0.0385,0.339,0.207,1,2,1,0,0,0.1042
1.16,2.67,3.46,5.81,8.96,20.12,35.23,1.65,16.97,14.1,54.6,18.7,1623.2,6.88,13.3,-0.0615,-0.0643,0.433,0.204,7,3,3,2,0,0.0742
4.05,6.38,12.96,21.85,31.98,72.09,119.9,5.58,59.19,3.9,58.4,26.8,1450.0,22.02,240.5,-0.0269,0.0196,0.698,0.833,4,0,1,2,1,0.9728
0.46,1.14,1.99,2.33,3.02,6.2,6.92,0.48,4.34,27.4,25.4,19.4,130.2,23.69,233.9,-0.1074,-0.0254,0.222,0.378,0,2,4,0,0,0.0169
0.9,1.81,2.95,4.45,5.94,14.39,23.09,1.12,11.45,26.0,60.1,6.3,566.1,25.9,338.7,0.0687,-0.1006,0.454,0.822,3,3,5,1,0,0.0238
0.51,0.91,2.0,3.22,5.06,11.71,16.77,0.67,8.89,3.5,58.9,4.8,1766.6,29.98,256.8,0.0125,-0.0602,0.329,0.749,2,6,1,1,0,0.1502
1.29,1.99,4.15,4.84,7.35,10.89,21.47,1.34,10.66,18.2,58.8,7.5,2095.4,15.86,286.7,-0.0232,-0.0117,0.475,0.822,4,0,4,0,0,0.0128
3.48,6.69,9.63,16.29,18.88,31.13,43.39,5.07,25.24,29.5,74.6,7.1,1727.8,35.75,325.7,-0.0661,-0.0103,0.479,0.524,4,1,3,2,0,0.7912
1.59,3.64,6.55,8.82,11.29,15.4,18.38,1.76,12.4,24.2,51.8,8.0,2253.4,33.9,243.0,-0.0615,-0.0122,0.372,0.464,0,6,2,1,0,0.4242
0.32,0.85,1.15,1.74,2.31,4.05,4.98,0.33,3.07,23.1,59.8,9.4,2519.8,10.39,104.5,0.0207,-0.0191,0.387,0.918,3,0,3,2,0,0.0091
0.21,0.4,0.71,0.97,1.16,1.91,3.29,0.25,1.71,6.8,41.9,7.1,91.2,18.6,313.1,-0.0554,-0.0738,0.379,0.655,5,4,4,2,0,0.0158
0.05,0.12,0.15,0.23,0.26,0.58,0.86,0.06,0.45,12.6,46.2,17.8,1976.0,3.87,269.1,0.0052,-0.0437,0.225,0.737,1,0,5,0,0,0.0015
2.76,4.69,8.58,13.39,16.85,37.84,55.12,3.76,29.14,18.0,61.2,3.8,4048.5,36.02,152.8,0.1021,0.0592,0.47,0.334,0,0,3,0,0,0.8127
34.97,72.94,158.46,252.86,361.81,649.13,935.96,49.74,522.91,26.8,91.8,10.9,2204.0,29.7,255.8,-0.0174,0.0518,0.95,0.562,0,1,3,1,1,1.0
0.82,1.54,2.74,3.79,5.99,11.16,21.91,1.0,10.36,21.1,100.0,20.0,2861.8,40.37,312.4,-0.0481,0.0289,0.381,0.747,0,4,3,1,0,0.2005
0.46,0.78,1.03,1.21,1.93,4.51,5.54,0.68,3.19,22.2,74.8,20.5,1344.2,7.48,351.2,0.0191,0.0245,0.411,0.473,0,0,3,3,0,0.0228
0.84,1.8,3.6,4.83,7.43,14.03,26.09,1.06,12.63,35.5,69.5,2.4,3262.1,24.84,342.8,-0.0613,0.0452,0.475,0.65,1,1,1,3,0,0.4485
9.11,24.92,38.18,64.31,93.6,225.69,422.04,11.5,194.69,25.9,93.6,9.4,3257.6,14.15,117.1,0.086,-0.056,0.95,0.428,1,0,1,1,1,1.0
2.04,4.69,6.06,9.17,10.43,23.85,40.38,2.84,19.71,29.7,78.7,14.5,2213.4,5.2,151.8,0.0702,0.0016,0.418,0.853,0,0,2,0,0,0.0217
1.84,4.48,8.31,11.75,13.02,23.28,31.15,2.0,18.16,24.0,90.4,9.8,4100.5,32.03,39.4,-0.0082,-0.056,0.414,0.644,3,2,3,1,0,0.2397
0.89,1.58,3.21,5.04,5.61,13.55,22.47,0.97,10.97,28.4,73.4,12.9,571.0,9.03,89.1,-0.0449,-0.0551,0.416,0.502,8,1,1,0,0,0.037
1.59,3.27,5.51,9.21,10.59,23.5,27.31,2.25,16.41,18.5,53.2,29.6,120.3,23.14,317.7,-0.0213,0.0184,0.333,0.814,6,0,3,0,0,0.039
7.84,20.67,44.06,75.66,100.76,246.3,477.73,8.03,216.27,20.0,79.6,9.0,3246.2,14.06,129.9,-0.0148,0.0473,0.95,0.496,1,1,1,1,1,1.0
1.54,3.17,5.96,9.57,10.61,15.62,26.56,1.74,14.26,14.0,72.8,9.6,3399.7,21.01,223.4,0.0192,-0.0097,0.384,0.499,4,3,4,1,0,0.0574
2.14,4.06,7.41,8.62,11.01,23.11,28.39,2.78,16.73,17.3,70.0,14.5,548.9,30.2,239.7,0.052,0.0825,0.387,0.689,6,0,3,0,0,0.1162
0.14,0.25,0.38,0.48,0.76,1.82,3.28,0.19,1.54,14.9,35.9,11.7,1152.2,21.04,281.5,-0.0518,0.0106,0.317,0.746,6,2,3,0,0,0.0104
10.4,23.48,35.5,63.03,87.02,104.65,144.58,13.84,92.76,20.0,91.4,5.9,122.8,11.19,65.8,0.0505,-0.0388,0.727,0.742,5,1,3,0,1,0.9879
0.5,0.79,1.18,1.89,2.65,3.52,4.0,0.73,2.81,16.5,43.1,1.7,1267.2,50.17,109.7,0.0309,-0.0543,0.283,0.507,4,1,5,0,0,0.0948
0.72,1.26,2.71,4.68,6.3,8.55,11.18,0.77,7.14,18.2,35.3,12.2,3258.5,15.99,161.4,-0.0254,0.0509,0.326,0.905,1,4,5,1,0,0.0061
9.52,16.78,31.04,45.68,72.66,125.55,211.54,11.39,109.7,11.9,86.4,20.7,2199.5,12.53,131.3,-0.0543,0.0064,0.915,0.818,0,6,4,3,1,0.9976
2.63,4.08,7.31,8.56,10.13,23.67,39.93,2.92,19.44,22.1,65.8,7.7,1494.6,18.28,353.8,0.0058,0.0338,0.415,0.592,2,0,2,2,0,0.1939
3.06,4.96,7.54,9.04,14.36,26.18,51.3,4.31,24.39,26.9,55.4,15.5,1592.7,7.59,300.6,-0.053,-0.1329,0.532,0.77,0,3,1,3,1,0.2131
0.23,0.47,0.72,1.28,1.71,2.23,3.21,0.25,1.96,12.4,56.7,16.5,55.6,13.19,172.7,0.0512,0.0122,0.421,0.388,8,3,2,0,0,0.0233
5.94,8.97,13.27,17.78,27.78,41.22,74.31,8.01,38.61,8.7,92.2,15.8,1294.2,16.54,316.5,-0.0562,-0.0256,0.592,0.774,2,4,4,0,0,0.2536
0.72,1.52,2.06,2.82,4.01,6.63,10.17,1.08,5.6,21.0,44.5,36.5,2732.8,21.97,125.2,0.0274,-0.0697,0.233,0.263,7,5,3,2,0,0.0703
0.3,0.83,1.76,3.14,3.77,8.85,15.69,0.36,7.46,13.6,53.4,6.2,4092.9,19.69,282.9,-0.004,-0.0031,0.318,0.851,4,2,3,3,0,0.0341
1.22,2.55,4.55,6.52,9.77,14.27,22.15,1.51,12.52,4.3,57.1,24.8,3565.3,24.88,80.5,-0.028,0.0546,0.284,0.799,2,7,1,2,0,0.1456
0.68,1.74,3.37,3.74,4.36,9.23,14.04,0.83,7.34,29.4,75.8,18.3,147.9,18.69,278.0,-0.0051,0.1133,0.479,0.87,0,7,1,1,0,0.0599
1.89,2.84,4.75,7.04,10.6,24.43,35.31,2.4,18.65,8.6,54.1,12.3,3779.0,33.7,164.3,0.054,0.0121,0.357,0.562,1,2,3,2,0,0.343
2.71,6.69,8.41,13.56,15.15,28.28,32.01,3.32,20.38,30.4,74.3,14.6,3300.3,27.18,38.7,-0.0596,-0.0355,0.438,0.815,3,2,2,0,0,0.1785
48.92,102.61,171.35,253.44,296.88,593.87,1104.19,66.78,528.42,6.6,94.5,17.5,3288.6,23.85,98.4,-0.0206,-0.0385,0.95,0.398,4,3,2,0,1,1.0
1.19,2.24,2.78,4.32,5.53,10.51,17.53,1.2,8.94,14.3,65.0,10.8,1950.7,36.62,144.8,-0.0376,0.0482,0.406,0.293,7,1,2,0,0,0.6058
1.3,1.96,4.21,6.15,6.97,15.26,23.39,1.61,12.1,27.6,35.0,16.2,1701.7,36.61,269.7,-0.0019,-0.0498,0.315,0.585,0,3,4,1,0,0.1081
0.57,1.3,2.01,2.52,3.81,7.16,11.4,0.74,5.97,7.9,57.3,9.8,1307.1,20.48,26.3,-0.0342,0.0311,0.39,0.585,0,2,3,0,0,0.0248
2.96,7.43,10.06,11.68,15.49,37.57,48.01,3.01,26.82,16.4,82.2,5.0,322.6,15.55,237.4,-0.0884,0.0147,0.42,0.672,0,0,1,3,0,0.379
3.6,6.2,8.85,9.84,13.86,32.23,63.06,3.8,28.67,5.3,33.3,26.6,997.2,21.53,257.8,-0.0528,0.0092,0.376,0.847,1,5,2,0,0,0.1526
2.17,5.47,11.54,18.25,20.99,45.66,61.3,2.58,34.09,24.2,75.4,8.8,1073.4,17.81,235.4,0.0819,-0.0784,0.515,0.453,4,6,3,1,1,0.3453
1.12,2.96,4.16,5.71,6.3,10.28,11.32,1.32,7.6,17.2,95.7,20.0,2058.9,15.2,273.8,0.0123,-0.0178,0.522,0.51,0,0,5,0,0,0.0119
0.02,0.04,0.06,0.08,0.13,0.26,0.42,0.02,0.21,15.6,35.0,25.9,3151.9,21.07,64.1,0.0106,-0.0729,0.268,0.293,2,4,5,1,0,0.012
0.82,2.1,3.81,4.51,5.28,7.22,13.3,0.83,6.98,18.2,38.7,26.4,2016.3,23.46,211.4,-0.0141,-0.0294,0.379,0.418,2,1,2,0,0,0.0892
1.78,4.2,5.43,8.09,12.25,21.02,35.04,2.5,18.3,15.3,68.8,7.3,290.1,26.49,338.8,-0.0026,0.0459,0.484,0.747,1,2,1,1,0,0.41
4.83,12.21,20.42,26.0,36.93,70.31,95.18,4.96,54.3,18.9,76.8,33.1,4024.8,39.67,219.9,-0.0215,0.0616,0.579,0.406,3,2,3,1,1,0.9957
8.68,22.81,42.85,71.58,107.57,177.55,261.91,12.33,147.52,22.6,91.6,12.4,3962.3,22.2,220.1,0.0263,0.0107,0.95,0.661,2,2,2,0,1,1.0
1.43,3.11,4.17,6.34,8.88,11.71,20.33,1.74,11.12,18.9,78.8,14.3,3308.5,18.92,265.1,0.005,-0.0285,0.45,0.7,1,2,1,1,0,0.125
0.6,1.56,3.09,3.53,4.57,7.34,12.59,0.8,6.58,19.8,49.1,4.1,4164.0,31.62,120.0,-0.0586,0.0794,0.332,0.637,3,5,3,2,0,0.0992
0.97,2.45,3.99,4.99,6.8,16.33,24.69,1.06,12.64,11.4,96.9,4.6,2309.6,11.86,252.2,0.0127,-0.0292,0.432,0.578,1,3,1,0,0,0.0508
1.55,2.71,5.18,6.55,8.95,17.83,19.7,2.16,12.52,19.9,54.8,39.5,4045.5,6.93,329.8,-0.1229,-0.0568,0.468,0.808,3,2,2,0,0,0.0156
0.54,1.02,1.48,2.46,2.92,4.25,6.81,0.67,3.79,15.7,80.6,24.5,363.8,24.66,3.9,0.0207,0.0348,0.364,0.508,7,3,4,2,0,0.0405
0.33,0.87,1.42,2.05,2.92,6.52,9.75,0.34,5.09,13.4,50.1,10.1,1567.6,15.96,313.2,-0.0705,0.0229,0.245,0.568,3,7,3,1,0,0.0163
0.26,0.52,0.87,1.34,1.59,3.79,5.23,0.36,2.81,19.0,65.5,4.0,985.3,16.64,78.7,-0.0048,-0.0271,0.331,0.424,2,0,3,0,0,0.0161
6.48,18.12,27.11,39.07,53.55,103.19,180.26,8.88,89.61,17.8,38.8,3.0,862.7,11.7,164.1,-0.0597,0.005,0.753,0.601,3,1,5,0,1,0.9276
3.05,7.19,14.31,19.81,28.45,50.14,73.11,4.22,40.77,27.6,81.4,10.5,634.3,34.97,306.8,0.0001,0.0221,0.534,0.822,4,5,1,2,1,0.9628
1.75,2.73,3.76,6.3,9.48,15.82,25.19,2.16,13.57,27.2,40.1,11.1,2633.0,7.12,296.6,0.0289,0.0102,0.398,0.603,1,3,3,1,0,0.0232
0.95,1.91,3.56,5.97,8.18,11.57,14.55,0.96,9.4,10.5,55.1,11.3,3292.5,25.98,321.1,0.0751,0.0229,0.32,0.236,3,6,1,2,0,0.475
12.4,31.35,66.86,112.92,158.91,202.12,247.89,17.82,168.12,19.0,99.5,4.4,2449.9,19.07,338.6,-0.0771,-0.0253,0.95,0.694,2,0,1,1,1,1.0
1.82,3.61,7.35,13.01,19.04,28.21,42.94,2.4,24.45,6.3,38.4,5.0,659.9,40.96,161.0,0.0488,0.0263,0.373,0.702,4,5,3,0,0,0.4335
5.39,10.72,21.05,28.03,35.92,65.68,80.87,7.78,49.21,20.3,85.0,1.7,3416.2,31.69,236.3,0.0066,0.0009,0.531,0.638,1,4,1,0,1,0.9771
13.32,25.95,34.84,55.56,62.42,79.09,152.82,14.76,79.82,5.8,80.2,40.6,2689.2,9.87,140.6,-0.0225,-0.0236,0.738,0.788,6,4,3,1,1,0.9683
0.19,0.37,0.72,0.96,1.2,2.97,4.69,0.26,2.33,22.0,72.1,20.8,1660.9,27.2,126.3,0.038,-0.0123,0.404,0.283,2,2,1,1,0,0.3832
3.11,5.45,8.59,14.81,17.17,36.11,57.67,4.59,29.46,34.4,50.2,5.7,2847.6,24.28,155.4,-0.0118,-0.0049,0.42,0.752,2,0,3,2,0,0.3148
0.21,0.36,0.47,0.69,1.02,1.67,2.89,0.31,1.5,19.9,71.7,20.3,1128.6,18.3,267.5,0.0359,-0.0723,0.352,0.752,2,2,2,1,0,0.0201
8.13,20.6,39.09,53.18,80.14,140.78,219.59,9.44,118.14,15.3,91.5,27.2,1482.5,26.09,180.5,-0.0496,-0.0318,0.915,0.687,1,2,1,0,1,1.0
10.36,23.84,30.18,33.35,52.85,131.33,219.07,13.76,106.1,17.8,83.3,15.8,3857.6,13.18,293.1,-0.0316,0.0032,0.879,0.589,0,2,4,0,1,0.9931
0.74,1.37,2.16,3.4,4.76,7.91,10.47,0.89,6.26,20.5,86.6,3.8,1255.6,20.12,268.3,0.0472,-0.0675,0.395,0.597,0,3,2,2,0,0.0782
2.14,5.39,11.11,15.75,21.08,29.51,38.28,3.18,24.33,10.2,57.1,14.5,2000.5,19.26,7.4,0.0743,-0.031,0.47,0.795,1,2,2,0,0,0.1443
0.18,0.41,0.78,0.91,1.42,2.51,2.91,0.21,1.85,13.8,83.4,6.6,3744.1,12.06,226.9,-0.0018,0.1192,0.391,0.601,2,1,2,0,0,0.0123
5.52,11.7,20.09,27.46,42.83,62.45,94.33,6.46,54.18,13.8,67.7,11.0,2987.0,15.98,157.2,-0.1394,-0.0565,0.549,0.775,2,2,1,1,1,0.8545
32.23,74.25,154.63,225.63,320.59,629.66,937.32,32.6,503.95,13.1,86.0,8.6,308.1,14.48,164.4,-0.01,-0.0192,0.95,0.747,0,0,2,1,1,1.0
0.45,0.86,1.67,2.23,3.31,5.62,10.75,0.53,5.25,30.3,62.2,4.7,661.3,23.45,294.6,0.0016,-0.0417,0.274,0.514,2,0,3,1,0,0.035
3.28,8.08,13.49,22.1,26.51,40.92,49.96,3.78,32.0,14.9,40.4,41.2,82.5,36.04,197.1,-0.0116,-0.0058,0.466,0.679,0,2,5,0,1,0.3136
0.06,0.11,0.22,0.36,0.49,0.77,1.28,0.07,0.69,19.7,20.2,27.4,2668.3,8.57,318.8,0.0168,-0.0407,0.255,0.857,1,4,4,0,0,0.0023
10.9,24.23,50.47,59.63,75.75,185.66,245.51,11.08,134.31,20.9,86.9,17.0,1907.8,23.83,256.6,-0.0238,-0.0122,0.95,0.668,0,4,1,1,1,1.0
0.59,1.52,2.05,2.99,4.52,7.64,13.94,0.59,6.97,27.8,68.8,24.9,607.2,14.18,199.0,0.0419,-0.0359,0.365,0.792,2,2,1,2,0,0.0461
17.63,38.44,53.82,76.52,118.22,286.04,354.15,20.97,201.42,27.8,94.4,19.0,4025.4,30.66,271.6,-0.0583,0.0528,0.95,0.705,0,5,1,0,1,1.0
2.57,5.55,10.7,17.4,22.63,43.4,50.61,3.06,31.43,18.8,33.2,19.6,2248.1,23.67,13.8,0.0618,0.0041,0.454,0.572,1,0,1,2,1,0.7373
23.08,54.06,74.07,106.7,142.91,276.08,390.41,26.45,216.64,19.1,85.9,23.9,1053.9,7.28,9.8,0.0775,-0.0501,0.95,0.707,2,7,2,2,1,1.0
18.9,36.06,49.28,65.17,79.21,103.72,187.59,23.29,100.55,21.1,96.7,1.9,2127.5,21.08,30.0,-0.0457,0.042,0.903,0.519,0,6,2,0,1,1.0
2.6,7.23,13.43,19.18,29.52,72.92,93.71,3.8,51.99,20.2,65.1,11.8,2870.4,17.77,157.5,-0.0457,-0.0479,0.551,0.554,2,2,3,0,1,0.5586
0.25,0.6,1.04,1.49,1.75,3.29,4.46,0.29,2.55,11.2,77.7,2.7,366.4,9.13,84.8,0.0205,-0.0782,0.43,0.399,1,0,1,0,0,0.0244
5.46,10.57,20.68,25.38,39.55,91.25,153.63,7.58,75.06,23.0,52.2,31.4,1190.0,14.28,354.3,-0.0594,-0.0002,0.704,0.45,5,2,4,0,1,0.8961
1.58,3.68,5.58,7.54,10.62,22.25,31.56,1.61,17.17,20.7,77.0,6.0,3398.9,20.57,195.2,-0.0246,0.0954,0.418,0.397,4,0,3,0,0,0.0978
0.1,0.27,0.48,0.67,0.82,1.51,2.54,0.15,1.3,9.0,74.6,11.1,1957.6,14.52,238.5,0.0551,-0.0914,0.228,0.511,8,3,5,1,0,0.0056
1.17,3.03,6.34,7.22,9.48,19.9,34.98,1.35,17.04,13.1,88.3,8.9,2318.3,32.51,100.4,0.0369,-0.0665,0.556,0.217,2,0,5,3,0,0.5611
3.07,8.38,17.62,27.15,31.24,41.95,55.34,3.61,35.26,17.6,66.2,2.2,1846.2,17.68,115.8,0.099,0.0376,0.512,0.42,2,2,3,0,1,0.3793
3.42,5.82,10.78,13.46,18.8,23.98,36.02,4.18,21.58,9.2,74.4,13.6,232.2,13.7,120.8,0.0085,-0.0321,0.467,0.759,7,0,1,0,1,0.1315
2.07,3.95,4.84,6.47,9.73,16.17,21.55,2.35,12.84,16.7,60.8,7.9,737.9,21.2,251.5,-0.0305,0.0306,0.341,0.237,2,0,2,0,1,0.159
5.38,14.67,25.35,31.07,44.31,64.17,112.43,7.79,59.66,-2.9,52.8,16.5,1899.0,22.69,170.5,0.0026,-0.0419,0.609,0.573,2,0,2,3,1,0.9857
14.33,33.64,42.66,69.12,81.74,192.15,299.54,14.68,151.53,16.5,85.0,9.6,918.1,30.81,186.4,-0.0075,0.0071,0.95,0.897,2,0,2,0,1,1.0
46.2,124.34,272.27,404.87,557.14,886.01,1030.56,47.82,674.14,6.1,84.0,14.5,257.4,19.69,213.1,-0.0068,0.0872,0.95,0.49,2,3,3,1,1,1.0
0.37,0.69,1.51,1.87,2.83,5.82,10.33,0.45,5.03,16.6,66.7,25.2,3551.1,22.19,276.8,-0.0012,-0.0597,0.285,0.456,0,1,3,0,0,0.0254
0.92,2.26,2.98,3.68,5.64,13.44,24.35,0.99,11.42,16.8,62.7,37.0,4121.9,15.95,32.5,-0.0466,0.0512,0.394,0.392,4,3,1,1,0,0.1382
2.92,6.34,10.5,13.22,19.46,24.92,33.72,4.02,21.47,22.0,53.2,22.5,3341.5,41.49,279.7,0.0141,0.034,0.429,0.728,8,3,3,1,1,0.597
1.18,2.76,5.69,10.08,12.93,27.43,45.65,1.32,22.79,22.6,82.2,11.4,3593.2,23.6,202.8,-0.0704,-0.0745,0.462,0.579,0,0,1,0,0,0.3817
0.38,0.85,1.12,1.6,2.55,3.09,6.04,0.43,3.18,17.9,59.2,28.0,1054.2,20.83,240.9,-0.0358,0.0279,0.335,0.838,4,1,4,0,0,0.0069
5.34,13.09,22.94,40.16,60.57,140.32,198.34,6.03,105.87,27.4,58.8,16.1,4036.6,14.52,117.9,-0.0059,0.0036,0.799,0.56,1,2,1,2,1,0.9993
2.34,4.14,5.8,10.4,15.82,39.23,73.86,3.4,33.81,19.3,59.2,4.3,867.2,32.89,147.4,-0.113,0.0046,0.532,0.915,0,6,2,0,0,0.577
0.49,1.36,2.28,3.33,5.08,7.62,14.95,0.69,7.42,17.1,49.4,6.0,3998.4,6.8,83.2,0.0384,0.0168,0.306,0.156,3,2,2,0,0,0.0245
2.73,5.91,8.29,9.62,14.1,19.87,30.6,3.47,17.55,22.6,46.2,25.9,4178.5,21.26,352.5,-0.1027,-0.0175,0.364,0.9,0,2,3,0,0,0.0425
0.23,0.6,1.04,1.73,2.34,4.33,5.68,0.23,3.32,23.5,81.2,6.1,3003.6,13.28,178.9,0.0335,0.0035,0.35,0.802,2,4,1,0,0,0.0149
1.65,2.52,4.06,6.19,8.19,19.97,24.72,1.92,14.04,17.9,63.0,6.3,4121.7,29.21,358.6,-0.0646,0.0121,0.337,0.677,0,4,5,0,0,0.027
0.33,0.57,0.9,1.04,1.54,2.44,3.79,0.41,2.1,14.2,51.2,3.9,2413.6,22.81,176.3,-0.0202,0.0373,0.234,0.352,2,6,2,3,0,0.1004
1.14,2.2,2.99,4.31,5.79,9.33,17.84,1.43,8.82,9.2,77.8,17.7,1127.1,20.99,79.1,0.026,-0.0764,0.363,0.308,2,2,2,0,0,0.1007
1.5,3.63,6.75,10.56,16.37,32.84,55.52,1.68,27.82,9.0,91.1,21.5,1863.5,10.51,182.7,0.1099,0.0645,0.504,0.309,6,0,2,0,0,0.1744
1.98,3.77,4.79,6.76,8.21,17.48,31.36,2.61,15.08,32.9,60.7,18.2,2513.3,18.46,14.3,0.0058,-0.0578,0.382,0.843,3,4,4,1,0,0.0264
6.86,17.21,36.72,55.22,82.26,156.72,234.72,7.51,126.65,4.1,84.2,19.6,353.3,23.3,325.7,-0.0991,0.0381,0.931,0.397,0,0,1,0,1,1.0
2.37,3.95,4.98,8.73,10.65,15.88,21.98,2.93,13.19,8.8,41.4,22.8,2632.7,30.82,294.7,0.0477,0.004,0.279,0.604,2,2,1,0,0,0.2293
0.53,1.1,1.78,2.13,2.84,6.75,13.35,0.63,6.02,8.0,78.2,11.8,4121.9,24.9,261.3,-0.0116,-0.0641,0.376,0.764,6,3,2,3,0,0.1014
2.78,5.32,7.91,11.38,13.01,24.44,31.47,3.27,18.53,29.2,26.0,31.3,838.9,29.21,219.5,0.0035,0.0264,0.298,0.623,3,3,5,0,0,0.0447
45.79,74.54,130.58,144.4,194.67,473.11,918.81,54.4,416.12,11.5,84.6,6.7,3339.3,8.16,208.7,0.0279,-0.0473,0.95,0.794,2,3,1,0,1,1.0
2.0,4.89,5.99,8.41,11.47,20.88,39.62,2.45,19.14,9.2,39.8,21.3,3817.8,20.73,358.8,-0.1113,0.0534,0.49,0.455,2,0,1,0,1,0.3872
0.99,2.62,4.29,5.34,6.35,8.75,10.57,1.11,7.05,5.0,37.3,7.1,3966.4,31.45,100.1,0.0003,-0.0355,0.283,0.384,2,7,3,0,0,0.0845
0.87,2.29,4.48,5.64,7.11,11.93,16.26,0.98,9.54,17.2,52.2,8.5,4034.6,4.35,280.7,-0.0205,-0.0747,0.37,0.771,2,0,3,0,0,0.0065
1.81,3.34,6.7,8.45,10.2,19.44,36.02,1.99,17.43,9.8,59.0,12.2,2214.1,16.89,209.3,0.0611,0.0767,0.452,0.339,4,0,4,0,0,0.0582
2.23,6.14,13.1,21.38,28.11,40.8,56.15,2.97,34.08,10.7,77.3,22.5,4105.8,23.42,351.3,0.0364,0.0091,0.527,0.674,0,3,3,0,0,0.3508
3.1,7.86,10.29,14.98,21.25,36.72,58.82,3.49,31.32,26.9,56.7,18.9,3192.8,33.65,298.0,-0.0814,0.0434,0.397,0.971,7,6,2,0,0,0.3664
3.31,6.0,10.53,14.38,16.84,22.54,36.33,3.36,20.61,22.2,100.0,10.7,720.9,20.25,359.5,0.0631,-0.0426,0.505,0.596,1,2,2,1,0,0.2766
2.52,6.66,10.67,11.75,15.24,35.96,63.11,3.08,30.1,13.2,74.1,4.7,2029.1,19.02,211.8,0.0225,-0.0946,0.425,0.601,2,2,2,1,0,0.2965
0.58,1.02,1.89,3.18,4.37,10.68,20.82,0.73,9.4,15.9,72.0,2.6,3031.1,22.33,73.6,-0.0774,0.0838,0.367,0.625,0,2,5,2,0,0.0257
27.48,46.51,94.5,103.96,155.83,279.38,311.77,40.63,202.33,35.9,79.1,24.6,1076.5,23.54,181.3,0.0028,-0.0003,0.95,0.742,2,0,2,0,1,1.0
20.65,54.6,98.25,163.64,230.93,545.74,1058.67,27.17,481.93,7.5,98.4,9.3,2708.6,11.62,256.0,0.0517,0.0246,0.95,0.697,2,3,1,0,1,1.0
1.76,4.76,6.81,10.95,16.56,23.69,43.82,1.86,22.67,12.4,69.2,17.9,2816.4,14.51,278.8,-0.0607,0.0328,0.405,0.874,1,1,2,0,0,0.0571
0.4,0.84,1.28,1.51,1.71,2.21,2.67,0.49,1.82,15.6,48.7,4.2,725.2,6.07,0.2,0.0689,-0.0168,0.319,0.723,8,6,5,4,0,0.0084
1.81,4.24,8.88,13.62,16.25,26.41,45.14,2.48,23.57,14.1,39.5,16.1,2395.1,13.28,181.8,-0.0756,0.0113,0.371,0.865,2,0,2,0,0,0.054
1.81,3.46,6.48,7.18,11.21,16.94,28.87,2.55,15.38,11.7,49.3,31.1,3252.3,10.07,84.7,-0.0396,0.0797,0.397,0.866,2,1,2,0,0,0.0236
3.87,9.66,17.35,21.81,31.21,47.01,63.47,5.08,38.54,9.4,60.6,27.4,2120.4,11.56,315.0,-0.0471,-0.0016,0.506,0.648,2,2,2,0,0,0.2922
0.44,1.15,1.54,1.95,2.55,5.64,10.13,0.64,4.84,12.4,62.3,24.5,100.2,52.77,55.0,0.0688,0.0471,0.344,0.393,0,2,1,0,1,0.9774
5.23,9.21,14.19,25.35,32.48,73.39,138.33,6.62,64.3,22.2,58.6,14.8,87.5,32.63,239.9,-0.0246,-0.0996,0.652,0.578,2,2,3,1,1,0.99
1.73,4.16,6.34,9.51,14.01,27.07,35.81,2.06,20.62,20.1,79.8,2.5,1531.7,10.21,95.8,-0.0581,0.0562,0.522,0.577,1,1,3,0,0,0.0428
0.57,1.52,1.87,2.07,3.19,6.83,12.62,0.71,5.98,11.8,73.4,9.9,3893.7,8.71,128.4,0.0223,-0.0761,0.432,0.754,2,0,2,0,0,0.0104
1.07,2.67,5.69,6.77,9.25,14.51,25.89,1.09,13.34,3.8,72.4,22.4,999.0,13.74,338.6,0.0331,0.0505,0.455,0.501,5,4,4,5,0,0.1173
2.15,5.45,8.34,10.3,12.01,25.31,29.59,2.16,17.93,22.6,46.6,26.6,2682.6,8.53,86.6,0.0334,0.0195,0.342,0.594,0,2,3,0,0,0.023
0.07,0.13,0.17,0.29,0.44,0.96,1.64,0.09,0.8,14.2,51.1,17.6,971.6,22.01,34.2,-0.0136,-0.0048,0.288,0.863,3,2,3,0,0,0.0077
0.61,1.58,2.68,4.22,5.49,13.33,16.57,0.69,9.4,8.9,50.6,22.4,1384.9,21.81,24.9,0.0127,-0.005,0.349,0.51,0,2,3,2,0,0.07
3.27,7.06,11.65,16.75,25.89,34.01,43.55,3.95,28.45,18.7,80.3,6.2,3569.4,11.46,181.7,-0.0325,-0.0126,0.375,0.686,1,2,4,0,0,0.0547
2.49,3.77,7.72,12.88,19.12,44.0,52.89,3.34,30.91,14.2,95.1,24.2,3074.8,27.3,231.0,0.0837,-0.041,0.436,0.665,2,3,3,0,1,0.2738
1.13,2.67,5.33,7.64,9.64,13.59,23.86,1.34,12.74,19.9,59.8,5.5,445.9,27.32,117.8,0.0572,-0.0103,0.332,0.767,0,3,2,0,0,0.0745
17.36,43.55,86.29,144.21,166.68,292.92,569.65,23.12,273.98,22.7,87.9,10.5,1829.1,12.94,248.5,0.0541,0.1104,0.95,0.712,2,1,1,0,1,1.0
0.51,1.28,2.72,3.41,4.62,5.59,7.6,0.62,4.91,7.7,74.0,22.1,171.1,11.23,22.0,0.0397,0.0651,0.366,0.348,1,2,2,0,0,0.0241
0.78,2.11,3.32,5.81,6.63,16.16,25.12,0.79,12.64,23.7,86.0,28.6,2045.7,15.18,308.6,0.026,-0.0436,0.475,0.83,8,0,3,0,0,0.0185
3.62,5.83,10.43,18.46,27.94,68.52,105.97,5.14,53.4,22.2,62.1,8.4,2799.1,25.57,294.0,-0.0622,0.0134,0.575,0.49,3,2,5,1,1,0.7097
0.09,0.16,0.3,0.47,0.53,1.3,1.44,0.13,0.87,17.5,65.4,8.8,541.8,50.45,354.8,0.0317,0.0048,0.313,0.469,1,2,1,0,1,0.8223
6.87,18.57,31.05,47.93,75.31,99.14,136.78,8.96,85.34,17.5,92.3,7.6,1248.9,25.25,337.1,0.0057,-0.0071,0.752,0.719,0,0,4,2,1,0.9955
3.47,8.6,12.41,18.56,25.03,40.11,51.93,4.33,31.77,18.3,68.2,8.6,1701.0,9.69,128.2,0.0632,-0.0501,0.477,0.911,0,3,2,0,0,0.0931
0.3,0.61,1.27,1.78,2.39,4.11,4.55,0.31,3.0,16.1,51.1,10.8,3866.1,22.64,143.7,0.0404,0.0223,0.245,0.833,0,1,5,0,0,0.0042
0.29,0.48,1.01,1.24,1.89,4.67,5.72,0.38,3.26,8.8,85.7,10.3,4172.0,20.27,268.5,0.0275,0.0423,0.416,0.428,3,6,3,0,0,0.0288
7.74,20.03,39.41,48.67,66.85,148.54,238.65,7.74,120.19,11.1,82.1,11.5,236.4,19.63,48.3,-0.0842,-0.0417,0.95,0.454,5,1,2,0,1,1.0
6.24,11.88,18.36,28.58,37.48,76.51,131.95,7.33,65.23,14.4,54.3,8.3,3208.2,8.67,113.0,-0.0045,0.0978,0.493,0.796,0,7,2,0,1,0.6521
0.89,2.3,2.76,3.94,4.74,8.05,16.1,1.12,7.7,29.4,39.4,7.6,1592.7,22.61,42.7,-0.0279,0.0761,0.284,0.57,2,2,2,1,0,0.0606
1.11,2.47,4.17,5.25,7.68,18.96,32.92,1.51,15.66,17.9,64.6,3.8,1678.7,18.78,163.8,0.0126,0.0274,0.392,0.309,2,0,3,3,1,0.2017
0.37,0.8,1.39,1.62,2.18,4.63,5.47,0.43,3.29,18.9,85.3,11.4,3180.2,9.45,198.7,-0.0208,-0.0616,0.412,0.873,3,0,3,2,0,0.0096
1.79,4.08,6.89,12.21,16.52,30.99,46.46,2.33,25.14,4.7,54.1,7.3,3861.5,43.78,76.0,-0.0138,0.0201,0.485,0.591,0,0,4,2,0,0.7856
8.29,16.95,21.98,34.77,42.68,79.87,135.68,8.55,68.82,27.1,67.6,8.4,3996.4,8.86,9.6,0.023,0.0141,0.745,0.73,7,0,3,0,1,0.7679
11.32,18.6,36.98,45.61,53.45,69.45,107.28,15.35,62.89,12.2,90.2,10.8,2445.1,24.19,259.0,-0.0216,0.0257,0.562,0.502,3,1,1,3,1,0.9983
0.82,1.85,3.2,5.19,6.54,11.06,15.28,0.9,8.87,18.9,66.9,5.9,1532.1,17.54,7.2,0.0061,0.0795,0.364,0.771,7,1,3,0,0,0.016
0.61,1.25,1.77,2.16,3.25,4.48,5.15,0.61,3.54,12.8,39.1,15.4,3318.3,15.64,350.4,-0.076,-0.0088,0.28,0.596,1,0,4,1,0,0.0102
6.57,13.77,29.7,44.92,63.49,137.11,200.83,8.69,106.71,25.9,59.9,8.0,1091.7,35.75,79.8,-0.0416,0.1024,0.774,0.697,2,2,5,3,1,0.9996
2.48,5.65,8.49,12.71,16.22,37.94,53.33,2.56,28.49,33.8,61.2,9.8,2390.9,30.55,239.0,0.0328,0.0203,0.45,0.385,3,1,3,1,1,0.6065
2.57,4.33,6.85,8.05,10.05,24.22,45.39,3.15,20.92,21.4,56.9,4.8,1538.1,17.58,156.5,-0.0615,-0.0145,0.431,0.663,3,3,2,1,0,0.1384
0.32,0.59,0.94,1.47,1.62,4.01,5.02,0.46,2.83,11.2,46.0,27.8,2775.0,11.84,21.5,0.0623,0.12,0.226,0.76,0,0,3,3,0,0.015
0.93,1.73,2.78,4.14,4.61,6.83,13.45,1.09,6.68,19.0,56.8,4.4,1047.7,14.65,170.0,0.0487,0.0415,0.273,0.582,8,6,3,1,0,0.0192
0.03,0.07,0.13,0.21,0.28,0.53,0.97,0.05,0.47,17.3,74.3,8.5,845.1,16.26,186.0,-0.0134,-0.0227,0.371,0.358,6,2,3,4,0,0.062
1.15,1.87,2.77,4.8,5.9,12.72,16.96,1.66,9.48,19.8,57.2,17.1,3860.7,30.83,307.7,0.1499,0.0042,0.432,0.741,0,3,1,1,0,0.2928
13.48,22.96,48.3,77.04,120.83,246.29,278.63,18.42,173.52,13.7,87.2,6.1,472.5,23.23,263.6,0.0622,0.0318,0.95,0.515,2,0,1,0,1,1.0
0.33,0.6,1.07,1.4,1.93,4.83,7.36,0.42,3.72,6.8,62.3,24.4,2149.7,31.36,28.5,-0.0475,-0.0075,0.435,0.731,1,2,3,1,1,0.065
0.5,1.19,2.48,3.3,5.12,7.84,13.18,0.59,7.05,10.7,60.2,4.9,966.5,8.48,75.3,0.0373,0.0067,0.33,0.53,5,1,4,0,0,0.0071
2.55,6.05,12.8,16.88,20.28,39.82,54.77,3.7,30.74,11.3,71.4,16.9,211.6,32.74,112.3,0.0033,-0.0409,0.421,0.343,3,6,1,0,1,0.9286
5.91,8.93,17.58,29.96,34.8,54.02,60.07,6.65,40.7,7.8,89.8,8.2,199.5,38.45,41.9,-0.0388,-0.0843,0.49,0.872,1,5,1,1,1,0.9589
3.57,5.68,8.2,11.8,17.89,37.09,72.66,4.58,33.7,22.1,54.0,10.6,777.2,12.32,164.5,-0.0535,0.0053,0.436,0.781,0,3,4,1,1,0.0976
1.25,2.69,4.12,7.29,10.25,16.16,22.73,1.78,13.31,14.8,44.9,10.3,3647.1,28.83,354.4,0.0497,0.007,0.301,0.469,1,4,3,1,0,0.1317
36.23,74.37,106.3,165.66,240.97,516.12,1000.76,40.34,463.56,27.7,90.5,16.8,1222.3,36.8,185.3,-0.0299,0.0264,0.95,0.202,0,3,2,2,1,1.0
6.51,12.25,20.3,30.89,42.51,86.29,119.85,7.97,66.41,23.2,66.2,9.1,3994.4,13.81,267.1,-0.0051,-0.0288,0.67,0.587,0,0,1,2,1,0.9738
0.0,0.01,0.01,0.02,0.03,0.04,0.06,0.0,0.03,13.0,72.5,12.6,2463.7,9.99,245.9,-0.0461,-0.067,0.243,0.849,3,3,2,1,0,0.0066
4.25,7.49,11.52,17.43,21.69,32.36,52.77,5.28,28.87,13.4,80.8,8.1,1861.9,21.53,306.0,-0.0374,-0.0483,0.455,0.542,3,0,4,2,0,0.3112
0.3,0.51,1.06,1.77,2.04,3.72,6.81,0.38,3.34,30.0,52.2,15.1,2457.4,5.92,77.7,-0.0063,0.0528,0.359,0.421,2,3,1,1,0,0.0218
3.04,4.83,7.71,11.18,12.74,26.93,51.69,3.75,24.11,13.9,55.8,37.3,2194.3,32.51,271.4,0.0194,-0.0333,0.505,0.764,3,0,1,2,1,0.8132
0.64,1.02,1.95,2.95,3.92,5.5,8.33,0.79,4.83,17.5,33.4,29.9,3198.9,11.41,317.3,-0.1294,-0.0221,0.289,0.762,0,1,4,1,0,0.0068
2.7,4.75,9.65,12.37,15.42,24.22,35.92,3.99,20.43,19.9,57.9,35.5,1222.4,16.6,61.7,0.0008,-0.0156,0.419,0.639,1,2,3,1,0,0.0958
0.06,0.16,0.22,0.38,0.53,0.72,1.31,0.09,0.69,31.2,39.4,5.3,1515.2,27.34,124.8,-0.0373,-0.031,0.307,0.579,3,1,3,0,1,0.0222
7.24,18.42,35.28,45.67,66.42,87.48,106.76,9.61,71.81,7.4,95.2,8.8,3760.5,25.47,349.2,0.0701,-0.0347,0.608,0.533,2,3,3,2,1,0.9929
2.88,7.74,10.53,18.68,26.67,46.91,62.58,3.74,36.71,25.8,59.0,37.3,3977.8,26.91,281.1,0.1471,-0.0436,0.464,0.377,1,2,2,0,1,0.7865
0.97,2.29,4.49,6.15,9.48,14.13,17.06,0.99,11.12,18.6,75.3,33.0,3754.1,12.28,101.7,-0.018,0.07,0.374,0.665,0,7,2,1,0,0.0342
16.31,32.44,57.33,80.53,118.17,186.53,255.51,22.64,151.87,22.0,91.5,37.8,1790.7,22.53,203.0,-0.0861,0.034,0.95,0.491,2,1,2,1,1,1.0
0.38,0.63,1.09,1.57,2.03,4.1,6.52,0.47,3.37,11.3,87.5,4.5,3288.5,29.72,145.6,0.0058,0.0624,0.343,0.525,4,3,1,1,0,0.1984
0.39,0.69,1.2,1.64,2.1,4.36,7.5,0.58,3.7,22.8,70.1,7.0,2026.8,13.56,176.4,-0.0103,0.0725,0.408,0.405,2,4,2,2,0,0.0514
1.82,3.77,6.04,9.07,10.25,12.76,17.17,2.29,11.07,14.4,57.5,22.7,2114.8,45.46,127.9,0.0986,-0.1175,0.309,0.609,0,1,5,1,1,0.1426
43.37,79.11,98.86,153.72,211.48,347.65,601.61,58.09,311.33,15.9,87.9,6.8,899.4,17.01,100.6,0.0833,0.0172,0.95,0.682,4,4,1,2,1,1.0
1.26,2.41,4.22,5.15,7.41,12.35,18.22,1.78,10.23,20.8,86.7,4.3,2503.2,5.62,242.9,0.0433,-0.0293,0.417,0.124,0,1,2,1,0,0.0496
0.73,1.98,2.42,4.08,5.13,12.01,21.26,0.79,10.11,21.4,71.1,9.0,822.5,16.96,280.3,-0.0293,0.0558,0.344,0.398,2,0,2,1,0,0.0712
1.27,2.55,5.38,8.41,12.81,22.87,36.21,1.62,19.25,2.9,77.0,2.1,1426.0,36.54,314.6,0.0339,-0.0371,0.48,0.565,1,0,1,2,1,0.9163
41.5,70.51,102.17,165.6,212.1,349.1,656.63,61.8,325.67,18.1,80.5,17.9,3598.4,10.99,55.9,0.0133,-0.0527,0.95,0.754,6,3,1,0,1,1.0
1.2,2.34,4.33,7.62,9.74,13.92,25.94,1.35,13.37,12.7,81.0,10.5,909.4,10.48,296.2,0.0121,-0.0717,0.394,0.728,3,0,1,2,0,0.0702
2.25,3.49,6.14,10.23,12.88,29.56,43.86,3.34,22.86,23.6,48.4,13.1,345.3,23.5,91.7,-0.0779,-0.0151,0.475,0.453,2,0,3,0,0,0.2227
1.25,2.87,5.21,7.98,9.15,21.43,39.12,1.78,18.34,19.4,57.6,23.5,336.4,9.96,153.8,0.0531,0.0457,0.471,0.62,3,2,3,1,0,0.0405
0.6,1.47,2.24,2.94,4.7,11.6,18.79,0.85,9.24,8.9,65.1,23.5,3954.3,9.71,324.5,0.0054,0.0128,0.396,0.711,2,1,2,4,0,0.0578
41.61,84.24,138.95,210.91,282.99,665.54,876.27,44.69,484.5,13.3,100.0,30.7,2153.7,11.8,163.6,-0.005,-0.0601,0.95,0.655,0,3,3,1,1,1.0
0.84,1.87,3.65,4.16,6.54,14.39,17.34,0.9,10.22,27.4,51.6,9.8,1749.1,41.52,70.9,-0.03,0.1076,0.32,0.555,3,0,1,0,1,0.5425
2.82,7.44,11.83,18.16,25.2,46.42,53.04,4.0,33.68,18.9,50.7,3.8,3415.1,24.87,57.6,-0.0397,0.0325,0.459,0.646,2,0,3,0,1,0.3269
0.05,0.09,0.13,0.18,0.27,0.58,0.77,0.06,0.43,25.5,54.8,2.4,3518.7,19.68,170.3,0.0159,0.0389,0.343,0.731,3,2,1,0,0,0.024
0.66,1.12,1.38,2.2,3.08,6.1,7.16,0.83,4.39,19.4,75.8,25.4,1428.6,12.24,274.6,-0.0875,0.0643,0.41,0.433,0,2,3,0,0,0.0149
4.81,8.83,14.79,19.19,27.33,59.48,75.51,7.07,43.31,19.5,85.3,4.8,2928.5,29.53,359.0,0.0395,-0.082,0.598,0.632,0,4,2,1,1,0.9364
2.67,4.76,9.02,13.84,21.8,46.17,68.32,2.87,36.25,16.7,25.7,37.4,3250.2,26.2,283.5,-0.0527,-0.0456,0.428,0.543,2,2,1,1,1,0.7889
0.22,0.57,0.85,1.41,2.1,3.76,4.67,0.32,2.84,6.0,70.8,7.7,2766.8,43.07,315.7,-0.1029,0.0412,0.346,0.62,2,6,1,0,1,0.4425
24.01,37.44,77.34,90.69,107.84,195.71,343.72,30.62,172.6,21.4,96.1,25.2,679.1,10.91,269.2,0.0911,-0.0405,0.95,0.559,1,0,1,1,1,1.0
0.03,0.04,0.06,0.09,0.13,0.27,0.3,0.03,0.19,20.5,76.5,11.5,3684.9,10.11,322.4,-0.0429,-0.0138,0.373,0.94,1,2,3,2,0,0.0066
1.96,5.34,8.4,14.95,18.98,44.14,85.36,2.39,39.02,19.0,73.0,31.9,2287.2,5.72,27.5,-0.0361,-0.0039,0.658,0.694,3,3,4,0,0,0.0695
0.16,0.33,0.64,1.1,1.43,2.55,3.69,0.23,2.06,24.6,47.2,14.3,1222.3,25.19,334.8,0.0567,-0.0639,0.307,0.679,0,3,4,0,0,0.0106
0.73,1.57,3.4,4.09,6.27,10.59,12.66,0.77,8.01,24.2,52.0,8.7,1814.7,21.72,142.7,0.0927,-0.018,0.267,0.606,2,7,3,3,0,0.0613
3.5,7.89,12.45,17.59,26.85,61.98,68.67,5.11,42.06,13.7,55.3,20.5,205.9,15.3,331.8,-0.0767,0.0457,0.462,0.305,2,2,4,0,0,0.306
0.22,0.56,1.08,1.37,1.74,2.75,5.3,0.25,2.62,11.0,72.1,3.8,580.6,5.65,27.3,-0.0478,0.0365,0.371,0.659,1,1,4,3,0,0.0094
0.59,1.43,2.71,3.12,4.85,11.59,17.54,0.59,8.98,18.0,60.6,13.5,3227.0,38.79,257.5,-0.0441,0.0557,0.34,0.311,4,5,3,1,0,0.3752
22.04,43.73,93.44,154.46,206.5,392.76,739.96,29.69,355.46,28.0,90.9,25.5,50.0,21.12,264.8,0.0467,0.0505,0.95,0.5,0,0,2,3,1,1.0
9.31,23.66,40.24,67.67,84.09,140.54,223.35,11.36,120.41,18.8,86.0,4.4,1778.7,34.82,358.9,0.082,0.0203,0.895,0.553,5,0,4,1,1,1.0
2.14,5.28,9.44,14.72,16.51,28.42,34.3,2.44,21.46,19.0,71.7,10.4,2218.4,36.55,276.8,-0.054,0.0163,0.464,0.317,3,2,2,0,1,0.8822
4.79,12.66,17.24,20.07,25.18,48.07,81.06,6.1,41.1,13.9,74.3,9.7,276.7,24.8,137.7,0.0707,0.0127,0.398,0.778,2,0,2,3,1,0.7501
3.67,6.7,9.83,11.35,16.83,27.23,48.01,4.13,24.7,13.0,37.1,13.9,4088.3,26.74,200.6,-0.0355,-0.0314,0.451,0.243,6,1,3,3,1,0.7463
16.31,26.48,48.53,72.37,97.0,214.16,336.91,16.36,171.72,17.1,92.5,24.4,988.4,13.31,132.0,0.0168,-0.0515,0.95,0.829,3,7,5,2,1,1.0
0.53,0.87,1.54,2.66,3.21,7.95,10.74,0.65,5.8,22.2,40.8,7.2,1312.4,20.2,70.6,-0.0636,-0.0345,0.314,0.436,6,1,3,0,0,0.0258
0.14,0.3,0.49,0.6,0.81,1.83,3.38,0.17,1.58,18.0,66.8,28.2,1311.4,31.81,89.5,-0.0061,-0.0163,0.253,0.623,2,3,1,3,0,0.1897
2.8,5.16,9.81,15.13,23.51,31.94,37.87,3.11,25.68,10.0,100.0,55.0,1006.2,11.82,79.9,-0.0056,-0.0328,0.396,0.471,2,1,1,0,0,0.1945
9.23,14.38,20.78,30.12,37.54,61.11,96.73,11.09,52.6,21.3,92.7,8.8,56.1,30.64,197.6,-0.0158,0.0207,0.625,0.782,2,1,2,1,1,0.9775
0.45,1.16,2.2,2.82,4.07,7.61,14.09,0.62,6.85,17.8,42.8,39.2,3076.8,29.62,326.2,0.0192,0.0101,0.278,0.473,0,0,2,1,0,0.121
2.64,6.92,9.61,13.4,15.63,36.69,53.48,3.88,28.01,13.4,85.2,26.3,4062.4,29.21,328.6,-0.0504,0.0155,0.468,0.617,6,2,2,0,1,0.5085
1.28,2.52,4.28,6.06,9.32,16.79,24.51,1.75,13.59,32.6,72.5,11.9,980.8,19.45,19.7,-0.0442,0.0176,0.446,0.545,3,0,3,2,0,0.1062
15.82,26.43,34.71,41.84,56.67,91.67,124.62,18.89,73.91,27.5,91.9,7.5,2801.6,12.34,28.8,0.0219,0.0598,0.757,0.433,3,3,3,0,1,0.98
0.81,1.48,2.54,3.11,3.86,8.53,12.18,0.97,6.53,7.2,80.8,20.9,3128.9,45.32,88.2,0.0671,-0.0004,0.473,0.471,6,3,2,2,1,0.9299
7.46,17.77,35.92,56.39,86.07,185.99,261.5,7.82,142.0,32.2,96.4,4.3,3571.0,37.55,91.8,-0.0011,0.0504,0.95,0.727,8,2,2,1,1,1.0
4.78,11.43,19.25,22.89,26.8,37.07,52.91,5.06,31.88,20.7,83.4,9.5,1803.9,19.7,34.2,0.0252,0.0258,0.516,0.641,0,0,3,1,0,0.3538
1.89,4.56,6.97,11.48,14.65,20.71,24.21,2.76,16.36,24.1,56.7,5.5,1307.2,21.74,139.8,0.0379,0.0565,0.327,0.58,3,0,3,1,0,0.0892
0.81,2.11,2.83,4.79,5.67,10.55,14.64,1.19,8.28,18.7,72.0,33.1,1400.0,16.4,211.6,0.0415,0.0807,0.399,0.484,2,2,4,0,0,0.0173
2.54,6.72,10.48,12.36,18.99,43.96,85.64,3.27,39.05,18.0,32.8,13.5,3007.4,5.99,208.1,-0.0477,0.0288,0.481,0.604,2,4,5,0,0,0.056
0.36,0.99,2.05,3.6,4.75,7.43,10.7,0.4,6.19,17.6,51.8,12.9,3439.6,18.13,195.6,-0.0389,0.0052,0.371,0.792,7,2,2,0,0,0.0198
0.55,1.08,1.73,3.08,3.84,7.77,15.08,0.73,7.06,20.1,49.1,25.1,803.7,24.91,121.9,-0.0345,0.0049,0.317,0.387,5,2,1,1,1,0.2003
1.03,2.77,3.84,4.37,6.68,11.73,13.28,1.34,8.59,12.5,63.7,0.7,1589.4,13.79,254.3,0.0964,-0.0235,0.406,0.739,3,5,3,1,0,0.0195
2.07,4.84,10.11,11.14,17.29,21.28,35.58,2.97,20.27,10.7,42.9,2.8,3793.1,15.93,297.5,0.0254,-0.0252,0.387,0.776,2,0,5,0,0,0.0216
0.26,0.43,0.91,1.6,1.84,3.33,4.85,0.32,2.69,19.6,45.9,42.1,3397.8,15.85,124.7,0.0232,0.0451,0.299,0.687,3,1,2,1,0,0.0183
3.5,7.96,17.15,19.95,27.94,56.63,79.94,3.83,43.92,14.0,86.2,40.8,4137.2,20.35,30.8,0.0183,-0.0482,0.636,0.628,2,2,4,2,1,0.5807
0.03,0.05,0.09,0.12,0.16,0.38,0.62,0.03,0.31,18.2,87.7,18.3,3180.1,16.78,106.7,-0.066,0.0807,0.362,0.523,1,1,2,0,0,0.0184
0.04,0.06,0.11,0.16,0.25,0.39,0.46,0.05,0.3,18.8,83.2,9.4,1681.8,11.46,49.5,0.0969,-0.0076,0.383,0.826,2,7,2,1,0,0.0094
0.89,1.63,2.45,2.96,4.01,7.89,13.86,0.96,6.84,23.6,33.8,15.6,2501.1,20.31,168.2,0.024,0.1431,0.297,0.798,1,2,5,2,0,0.0123
2.65,6.42,9.87,13.73,15.73,37.83,69.64,2.72,32.37,15.5,57.2,29.3,2793.2,24.23,56.1,0.0362,-0.0347,0.438,0.445,2,0,2,2,1,0.6711
0.21,0.41,0.71,1.24,1.97,3.9,4.43,0.24,2.77,13.8,57.2,7.3,375.6,21.33,166.6,-0.0883,0.0125,0.356,0.756,3,0,3,1,0,0.0178
28.53,66.72,90.86,156.38,214.82,511.19,633.44,33.71,361.34,15.0,84.5,26.6,2309.7,5.67,79.6,0.039,-0.0176,0.95,0.4,0,2,3,1,1,1.0
0.84,2.25,4.87,5.89,8.35,16.45,19.82,1.23,11.99,14.2,68.3,2.3,2993.7,26.64,265.9,-0.0178,-0.0397,0.447,0.737,4,2,4,0,0,0.0361
2.05,4.65,8.76,15.42,17.36,34.61,67.32,2.35,31.56,21.2,37.4,5.7,744.4,9.48,9.9,-0.0661,0.0532,0.454,0.679,0,7,2,0,0,0.1031
0.36,0.99,1.23,1.97,2.95,6.3,10.85,0.5,5.32,14.1,68.4,15.4,3289.6,24.02,199.7,-0.0477,-0.0553,0.335,0.56,2,2,4,0,0,0.0174
1.35,2.63,3.84,6.83,10.6,23.05,31.32,1.85,17.3,29.8,47.3,47.9,2472.7,24.57,61.0,-0.0632,-0.0338,0.402,0.266,2,3,3,1,0,0.2477
3.78,9.98,14.97,18.32,22.81,42.44,50.4,4.62,31.19,11.5,58.2,28.3,4001.7,7.4,0.4,-0.0641,0.0293,0.442,0.531,4,0,2,3,0,0.287
0.09,0.23,0.28,0.32,0.4,0.83,1.4,0.11,0.7,14.7,52.5,15.3,226.1,30.11,312.9,0.003,0.0372,0.313,0.736,4,0,1,2,0,0.1115
3.24,7.04,15.37,21.37,25.69,54.07,63.79,4.01,38.46,5.0,64.0,10.7,1151.1,45.08,241.8,-0.0193,-0.0696,0.454,0.349,2,3,1,1,1,0.9992
0.35,0.69,1.03,1.84,2.52,3.55,6.84,0.45,3.48,13.4,68.6,25.1,2546.4,16.2,35.6,0.0167,0.0291,0.348,0.476,0,5,2,0,0,0.0249
4.66,9.11,11.4,16.18,17.97,28.66,38.36,5.84,23.04,19.2,96.6,13.4,1280.7,24.02,239.1,0.0838,0.0064,0.523,0.535,3,2,2,2,0,0.6264
0.58,1.18,2.46,3.81,4.44,10.48,14.04,0.71,7.68,18.5,51.3,7.1,3014.9,14.67,220.2,-0.0065,-0.0459,0.398,0.561,2,2,1,0,0,0.0447
8.51,20.08,26.31,38.84,54.61,82.56,124.93,11.94,70.99,14.2,81.1,3.5,3199.9,9.4,170.4,-0.1122,-0.0394,0.735,0.662,1,2,3,1,1,0.9179
0.66,1.37,2.27,3.92,5.27,10.68,20.83,0.88,9.72,23.2,43.7,41.4,475.4,31.62,150.9,-0.0121,-0.1017,0.283,0.601,1,2,5,0,0,0.0223
0.21,0.53,0.83,1.42,2.09,2.66,3.85,0.25,2.36,14.6,56.4,8.6,2182.5,24.34,319.3,0.0597,0.0859,0.264,0.884,0,0,2,1,0,0.0209
0.97,2.33,2.98,5.28,7.76,17.62,24.84,1.25,13.33,9.2,50.4,11.1,2161.9,12.81,88.3,-0.0043,0.0508,0.415,0.6,1,3,3,2,0,0.0454
0.0,0.01,0.01,0.01,0.01,0.03,0.05,0.0,0.02,20.7,23.5,24.4,1582.5,9.66,143.4,0.0765,-0.0645,0.287,0.608,2,2,2,1,0,0.0102
0.01,0.04,0.05,0.08,0.12,0.21,0.42,0.01,0.2,19.3,62.7,3.7,3921.6,46.36,118.5,0.0226,0.0399,0.416,0.459,2,1,2,1,1,0.7699
2.67,6.63,10.35,11.84,18.12,39.2,51.75,3.81,29.08,15.2,48.1,26.5,3484.2,8.18,277.6,-0.0919,-0.0287,0.475,0.662,2,2,2,0,1,0.0859
1.26,2.9,5.65,7.43,10.4,22.79,42.86,1.73,20.05,16.6,42.1,13.9,2943.4,26.14,329.9,0.0055,0.0457,0.452,0.746,2,0,4,1,1,0.0896
0.68,1.18,2.27,3.07,4.87,7.4,11.44,0.69,6.41,21.4,79.1,4.8,3014.5,20.94,305.9,0.0149,-0.0248,0.335,0.759,6,2,5,1,0,0.01
0.77,1.67,2.78,4.04,6.45,15.91,28.79,0.81,13.43,29.5,46.0,6.2,1966.1,28.46,287.2,0.054,-0.0182,0.325,0.478,2,3,3,1,0,0.1199
18.88,39.43,55.6,65.95,89.47,213.39,305.5,26.42,161.04,14.7,87.4,14.7,3872.1,40.04,355.2,0.091,-0.0144,0.95,0.52,2,0,1,0,1,1.0
0.4,0.62,1.26,1.85,2.28,3.37,5.07,0.55,2.91,30.2,49.3,19.2,2932.6,2.98,251.0,0.0454,-0.0329,0.306,0.764,0,3,2,1,0,0.0066
1.95,5.43,10.04,12.9,19.27,31.34,45.44,2.22,25.94,27.4,35.1,11.0,3075.3,10.33,270.4,0.022,0.07,0.366,0.874,2,2,2,0,0,0.0492
0.55,1.33,2.06,3.67,4.36,7.36,11.49,0.59,6.24,14.5,58.6,20.7,3626.0,17.81,353.8,0.0338,0.0449,0.513,0.575,3,5,5,0,0,0.0109
1.29,2.55,5.29,6.58,9.78,21.71,27.02,1.38,15.61,15.9,64.8,7.5,1187.4,41.7,2.5,-0.0084,0.0055,0.384,0.531,2,4,3,1,1,0.4917
0.22,0.49,0.98,1.2,1.59,2.6,4.79,0.3,2.4,36.1,69.8,30.8,3399.3,15.04,228.3,-0.0731,0.0512,0.335,0.547,5,2,3,0,0,0.011
0.04,0.11,0.13,0.2,0.29,0.6,0.87,0.06,0.47,8.6,49.3,21.3,860.2,13.43,266.0,0.0021,-0.0814,0.295,0.935,4,0,3,2,0,0.0077
18.97,29.4,60.82,106.31,132.78,272.9,381.31,24.65,210.03,14.0,100.0,18.0,1483.2,4.23,330.4,0.0183,-0.0614,0.95,0.482,5,3,3,0,1,1.0
4.09,7.51,12.99,15.29,20.3,39.29,72.87,4.7,35.15,13.4,85.1,27.5,1442.8,12.68,318.2,-0.0602,0.0237,0.561,0.347,0,2,3,0,0,0.295
5.55,15.17,32.23,56.16,85.26,171.09,221.47,8.27,127.98,2.2,81.2,21.4,4110.9,25.67,303.1,0.0663,0.0368,0.95,0.963,1,2,3,0,1,0.9998
34.26,52.09,102.65,120.66,153.21,229.1,402.01,39.64,211.4,26.2,85.6,5.0,3604.6,17.88,340.5,0.0503,0.014,0.95,0.388,1,0,4,0,1,1.0
0.27,0.6,0.81,0.99,1.29,1.8,2.53,0.36,1.53,23.2,44.9,23.2,2959.9,12.49,193.5,-0.0686,-0.0941,0.315,0.586,3,3,1,1,0,0.0247
2.51,5.53,8.52,10.31,14.31,23.43,37.81,3.67,20.32,21.0,40.2,2.7,3067.3,46.66,2.5,0.0683,-0.0531,0.386,0.83,2,1,5,0,1,0.1959
2.38,6.61,10.0,12.61,17.92,32.87,51.44,3.26,27.35,24.6,51.1,15.4,2382.6,16.15,4.0,-0.0154,0.0208,0.405,0.572,4,1,4,0,0,0.0735
0.5,1.03,1.96,3.19,3.81,7.21,11.69,0.73,6.06,20.2,75.5,8.4,3980.4,20.35,196.1,-0.0389,0.1213,0.345,0.65,2,7,3,2,0,0.0376
11.74,32.49,56.49,78.93,110.97,158.22,257.06,13.18,142.66,24.9,83.8,18.6,2109.5,12.04,156.7,0.054,0.0609,0.95,0.682,1,2,4,1,1,0.9999
1.72,2.61,3.84,6.41,8.59,18.13,31.17,2.02,15.33,30.3,47.1,5.7,1629.1,9.36,162.4,-0.0026,0.0789,0.366,0.735,1,3,4,0,0,0.0115
17.46,33.9,66.5,88.43,132.23,175.37,266.75,23.38,156.81,19.0,88.7,33.3,726.6,27.49,144.1,0.095,0.017,0.95,0.586,0,3,2,1,1,1.0
36.25,67.06,124.32,177.59,253.28,628.86,970.21,45.12,488.42,40.3,95.4,6.7,3312.8,6.49,330.4,-0.0426,0.0166,0.95,0.49,0,0,4,0,1,1.0
0.49,0.82,1.64,2.38,3.21,7.14,12.74,0.53,6.09,17.8,74.4,15.6,3097.9,24.51,129.3,-0.0866,-0.0517,0.356,0.767,1,3,1,3,0,0.1486
1.08,3.02,5.88,8.38,12.82,30.42,39.19,1.49,21.89,9.0,50.9,15.3,1645.1,2.24,308.2,-0.014,0.0476,0.483,0.563,0,1,2,0,0,0.0268
15.48,42.78,77.58,106.97,149.77,269.92,486.14,18.13,241.43,19.8,95.4,10.8,154.6,22.68,325.0,0.0395,-0.0037,0.95,0.441,3,4,2,0,1,1.0
16.69,28.16,38.47,51.74,69.04,168.46,186.59,24.19,112.93,28.5,95.5,11.6,3531.8,9.94,179.8,-0.0464,0.0346,0.881,0.493,2,3,1,0,1,0.9997
0.29,0.64,0.89,1.5,1.8,4.45,7.21,0.4,3.54,22.7,63.5,7.3,97.4,11.25,160.9,-0.0665,0.0015,0.377,0.623,0,1,4,0,0,0.0056
36.29,58.93,117.12,162.23,195.17,354.67,529.18,42.37,289.27,17.2,91.2,10.6,2970.4,16.23,274.0,0.0114,0.014,0.95,0.722,2,1,2,1,1,1.0
0.57,0.95,1.96,2.34,2.75,6.28,10.49,0.71,5.15,23.7,69.0,17.4,4076.6,8.89,254.9,-0.0732,-0.0044,0.364,0.507,6,3,3,2,0,0.019
0.71,1.72,2.93,3.62,5.47,11.34,17.46,1.05,9.12,18.8,88.8,30.5,1866.3,5.38,118.3,0.0153,0.0112,0.443,0.555,2,2,2,1,0,0.0199
1.64,4.32,9.45,15.02,16.79,24.57,44.5,2.13,23.14,13.9,46.5,13.6,1025.1,17.16,36.9,-0.017,0.05,0.439,0.819,8,3,3,2,0,0.1106
0.69,1.58,2.36,4.23,6.7,11.55,14.77,0.95,8.93,31.0,56.3,5.9,2975.2,28.23,95.3,0.0247,-0.0633,0.274,0.627,2,0,2,0,0,0.0632
39.52,65.06,125.67,197.98,276.26,588.88,790.96,58.43,441.65,25.3,92.0,25.0,3441.1,21.52,47.2,-0.0692,-0.0746,0.95,0.874,7,4,3,0,1,1.0
5.18,13.34,24.95,28.93,33.46,46.97,76.1,7.2,42.48,25.8,52.8,2.7,2317.7,33.61,106.1,0.0649,0.0213,0.509,0.719,1,1,4,0,0,0.7015
1.1,2.9,5.64,8.26,12.44,20.14,26.43,1.13,16.0,22.7,63.6,7.5,4063.2,5.86,94.3,-0.0092,0.072,0.412,0.351,1,3,2,0,0,0.036
0.7,1.55,2.5,3.82,5.88,9.57,18.66,0.78,9.12,35.8,72.7,11.7,264.4,15.1,229.6,0.0382,0.0846,0.417,0.543,3,0,4,0,0,0.0151
2.15,4.39,6.34,9.51,12.22,21.27,39.86,2.45,19.56,24.5,63.0,4.6,2144.9,19.37,343.6,0.048,-0.0612,0.451,0.706,8,1,2,2,0,0.1939
42.67,86.64,139.04,168.75,216.27,259.61,463.2,53.94,256.4,8.4,83.1,3.0,3031.6,11.26,246.9,-0.0579,-0.0201,0.95,0.73,4,3,4,0,1,1.0
3.49,8.22,11.43,17.9,27.27,43.44,77.18,4.12,39.7,19.1,50.9,13.1,3630.0,19.83,333.6,0.0441,-0.074,0.408,0.537,2,1,3,3,1,0.625
2.51,6.74,8.84,9.84,13.21,19.45,32.72,3.28,17.67,21.1,43.1,11.5,793.9,32.65,282.3,-0.0713,-0.0275,0.291,0.814,0,5,2,0,0,0.147
0.71,1.9,3.58,5.83,7.91,19.16,33.74,1.04,15.99,20.5,37.9,11.7,3370.0,24.89,262.0,-0.0685,0.0561,0.344,0.673,2,3,4,2,0,0.067
0.31,0.78,1.7,2.19,3.38,7.73,8.74,0.42,5.3,22.4,78.6,9.2,2343.7,35.1,149.1,0.0982,-0.0006,0.321,0.646,0,5,3,0,0,0.0569
1.54,3.02,5.64,10.01,11.66,21.97,35.65,1.55,18.49,14.2,88.9,27.7,1695.7,22.19,116.9,0.0556,-0.0187,0.526,0.452,1,1,4,2,0,0.178
5.29,10.7,14.28,19.49,30.06,39.63,52.95,7.79,33.67,20.6,94.4,29.7,596.6,17.93,304.7,0.1037,0.0273,0.557,0.601,1,0,3,1,0,0.4609
0.07,0.18,0.31,0.36,0.56,1.35,1.61,0.08,0.93,16.0,78.2,19.3,3641.0,40.28,325.9,-0.0185,-0.0398,0.393,0.422,2,2,3,0,0,0.2136
6.57,15.76,28.43,50.99,56.43,96.43,190.42,7.72,91.47,13.5,69.8,15.2,702.7,20.27,162.7,0.0051,0.0796,0.828,0.777,4,1,2,0,1,0.9966
0.73,1.97,3.82,5.9,8.5,18.7,36.49,0.76,16.77,28.4,34.7,10.6,1335.6,44.86,3.3,0.0264,0.0004,0.365,0.448,0,2,5,0,0,0.2435
2.46,6.23,12.3,18.38,22.82,34.08,65.28,2.68,32.83,8.7,65.7,14.4,1253.7,30.47,285.3,-0.0006,-0.0201,0.508,0.754,1,3,1,0,1,0.7742
0.92,2.55,3.56,4.8,6.63,13.39,22.52,1.35,11.3,6.6,70.1,18.7,3666.4,12.78,102.6,-0.0373,0.0293,0.446,0.809,1,3,4,2,0,0.0197
1.11,1.98,3.02,4.28,6.1,10.8,11.91,1.44,7.81,11.6,46.6,32.1,2841.7,16.94,3.6,-0.0448,0.047,0.287,0.655,1,0,3,1,0,0.0222
1.15,3.11,5.42,7.65,10.65,19.8,27.08,1.29,15.45,16.1,49.4,6.4,3356.2,40.09,289.8,0.0107,0.0798,0.339,0.456,2,4,3,1,0,0.4293
6.23,17.23,20.76,26.76,38.52,56.35,62.88,6.81,43.29,29.9,83.3,41.0,1089.4,33.62,186.3,-0.0533,-0.0105,0.488,0.849,1,2,2,0,1,0.8379
1.49,3.99,5.58,7.48,10.32,24.09,33.65,2.13,18.05,20.0,71.4,10.2,2643.2,28.0,246.7,-0.0547,0.0543,0.391,0.515,7,2,2,0,0,0.246
0.53,0.89,1.91,3.36,4.94,10.36,14.16,0.56,7.86,21.2,63.4,18.1,2422.7,26.4,329.3,0.0197,0.0051,0.368,0.384,2,1,1,2,0,0.3816
1.48,4.02,6.27,7.64,10.46,18.12,29.26,1.73,15.51,13.6,22.5,16.7,3506.2,8.37,194.8,-0.0048,-0.0306,0.378,0.878,0,2,5,0,0,0.0063
0.14,0.35,0.69,0.99,1.19,2.0,2.45,0.17,1.53,22.5,40.8,11.0,3810.3,9.62,181.1,0.0469,-0.0388,0.283,0.316,2,3,1,0,0,0.0209
25.98,51.19,85.6,148.37,177.98,226.84,315.58,26.95,197.9,27.2,78.9,25.6,100.5,21.6,104.6,-0.0212,-0.0548,0.95,0.605,0,4,2,1,1,1.0
0.29,0.6,1.32,2.16,3.07,5.27,10.05,0.35,4.91,10.2,30.7,9.6,2847.2,11.4,109.9,-0.0291,-0.0371,0.304,0.495,1,1,2,0,0,0.0157
4.68,7.42,15.59,28.03,37.96,56.76,74.25,6.52,46.04,20.6,81.7,14.5,265.1,16.3,286.8,0.0212,0.0558,0.529,0.526,1,3,4,2,0,0.6039
0.25,0.51,0.76,1.25,1.59,3.66,5.65,0.35,2.88,20.9,92.5,13.9,2327.8,15.65,161.7,-0.0406,0.0353,0.485,0.914,0,1,3,2,0,0.0156
3.86,7.02,14.07,15.78,21.84,34.63,41.79,4.22,26.75,24.8,88.2,7.2,1243.7,25.7,58.9,-0.0329,-0.0621,0.484,0.244,3,4,1,2,1,0.9443
14.2,34.57,60.57,75.44,120.22,235.23,418.07,19.58,205.4,5.9,88.9,18.8,1323.1,22.06,34.0,-0.0309,-0.0873,0.95,0.835,4,3,3,1,1,1.0
6.34,14.17,21.34,37.38,52.89,108.04,126.67,7.21,77.19,13.6,72.8,9.7,1514.8,32.26,170.3,-0.0105,-0.0556,0.607,0.858,2,4,2,2,1,0.9948
0.58,1.57,2.69,4.75,6.88,13.72,17.17,0.79,10.13,15.4,26.0,8.0,2628.4,22.29,167.4,0.0886,-0.0388,0.285,0.436,3,2,1,2,0,0.1979
0.08,0.19,0.28,0.42,0.61,1.22,2.42,0.11,1.12,23.1,49.7,2.0,1436.3,21.38,235.2,-0.0688,-0.0152,0.321,0.571,2,0,3,0,0,0.0148
0.47,1.19,1.64,2.32,3.36,7.47,10.21,0.67,5.6,24.7,68.3,6.2,3090.7,18.99,169.6,0.0648,0.0586,0.326,0.477,0,2,2,0,0,0.0353
1.47,3.75,6.25,9.61,11.51,20.43,22.67,2.19,14.8,9.0,52.4,19.8,1728.8,34.85,51.7,0.0369,-0.0274,0.341,0.746,2,1,2,0,1,0.1825
2.14,3.4,5.53,9.56,11.15,15.63,20.54,2.25,12.94,6.4,88.9,15.8,333.7,19.11,182.8,0.0783,0.084,0.42,0.876,2,1,1,1,0,0.0925
11.7,30.02,45.48,64.91,96.72,178.27,265.21,13.19,144.72,28.3,84.5,18.0,3302.6,12.55,326.4,0.1568,-0.084,0.95,0.63,0,0,2,1,1,1.0
22.63,38.77,70.52,109.18,133.23,162.37,247.37,29.65,149.06,13.8,76.7,11.6,1235.9,27.08,57.4,0.0716,-0.0174,0.849,0.263,3,4,4,0,1,1.0
0.61,1.1,1.46,1.84,2.03,4.36,6.39,0.78,3.4,30.3,37.6,6.2,1846.0,17.83,248.3,0.0463,0.0393,0.226,0.511,3,0,4,2,0,0.0172
0.27,0.58,1.26,1.87,2.33,3.09,3.78,0.38,2.53,22.0,60.4,22.6,2894.6,30.27,213.8,-0.0656,0.0424,0.394,0.89,5,5,1,2,0,0.1275
0.23,0.48,0.67,0.81,1.07,1.68,2.13,0.24,1.33,17.0,39.1,11.1,1429.7,36.8,269.5,-0.0593,-0.0168,0.321,0.63,0,0,3,0,0,0.0523
2.56,7.01,12.7,14.12,17.43,28.91,49.16,3.18,25.62,24.0,64.0,17.4,284.8,16.96,54.2,0.018,0.0501,0.42,0.963,0,7,1,4,0,0.3604
0.4,0.84,1.35,2.03,2.33,5.37,10.62,0.48,4.81,26.3,59.1,21.9,1601.8,36.12,339.0,-0.0849,0.0406,0.381,0.926,0,7,3,0,1,0.0386
0.37,0.76,0.92,1.47,1.8,3.95,7.01,0.39,3.37,16.3,71.4,12.5,3969.5,30.68,223.5,0.0308,-0.0341,0.362,0.55,6,1,4,0,0,0.0292
3.22,8.26,11.66,14.73,16.79,39.04,70.02,4.42,33.14,14.2,68.2,10.9,2713.2,13.86,304.9,-0.1067,0.0157,0.455,0.684,4,7,2,0,0,0.1833
0.68,1.28,2.24,2.78,3.81,9.48,14.16,0.84,7.24,18.5,38.1,18.5,2836.6,11.53,88.8,0.0576,0.0352,0.249,0.358,4,5,2,1,0,0.0317
6.96,17.66,27.36,43.19,62.31,120.75,171.78,7.19,94.94,26.6,66.6,13.6,2674.0,10.97,266.2,-0.0161,-0.0305,0.698,0.421,2,0,5,0,1,0.9491
0.47,0.86,1.74,2.67,3.89,5.4,9.83,0.47,5.17,15.8,56.3,14.4,875.8,9.48,281.2,0.0063,0.0847,0.312,0.562,2,6,1,0,0,0.0188
5.09,10.32,19.32,32.37,48.39,89.36,154.07,5.15,77.79,16.1,89.7,18.1,1786.1,34.3,143.1,-0.0374,-0.0418,0.802,0.506,1,0,1,1,1,1.0
7.09,19.05,25.84,33.31,37.5,86.5,130.05,8.48,67.26,14.2,95.1,24.8,3166.4,17.09,138.2,-0.0949,0.0072,0.673,0.471,4,0,4,0,1,0.8634
0.32,0.68,1.45,2.3,3.39,5.38,9.59,0.47,4.93,11.6,55.5,10.1,470.7,43.28,236.8,0.0617,-0.0625,0.303,0.739,4,2,4,1,0,0.0713
2.48,6.73,9.7,11.96,17.62,34.34,39.99,2.8,24.75,20.5,72.5,31.7,1203.1,12.9,33.6,0.0668,0.0052,0.459,0.62,2,0,2,2,1,0.1801
3.9,7.77,9.8,12.48,16.89,23.69,27.46,4.16,18.7,14.1,74.3,39.0,1196.7,14.33,264.8,-0.0176,-0.0534,0.444,0.368,1,0,3,0,0,0.0928
3.37,5.44,9.17,13.34,18.68,26.17,45.49,4.35,24.45,27.8,65.8,38.7,1842.9,25.05,15.4,0.0331,-0.0147,0.423,0.635,3,7,1,0,0,0.4639
2.69,6.71,10.99,18.5,26.61,52.77,104.61,3.33,48.66,28.4,71.9,10.2,4118.5,42.11,68.6,-0.0195,-0.0793,0.568,0.502,0,7,4,0,1,0.9665
1.31,2.39,4.05,5.28,7.12,17.29,21.5,1.78,12.19,5.9,60.1,19.5,330.1,13.97,239.1,0.0144,0.04,0.31,0.428,5,4,2,0,0,0.0418
0.18,0.45,0.57,0.7,1.12,1.72,3.36,0.21,1.66,18.9,50.0,26.9,2202.6,28.87,35.4,0.038,0.0178,0.419,0.653,2,2,3,1,0,0.0498
0.62,1.39,2.08,3.19,3.59,7.49,14.78,0.69,6.82,26.4,80.5,12.8,794.4,19.07,349.9,0.0278,0.0544,0.339,0.559,2,6,1,0,0,0.0565
0.49,1.37,2.91,3.9,4.51,10.0,11.87,0.68,7.04,22.8,78.9,12.5,4078.3,25.21,312.6,0.067,-0.0174,0.334,0.511,3,0,3,1,0,0.0549
0.43,0.89,1.77,2.45,3.03,4.66,7.03,0.54,3.99,27.5,75.0,5.9,520.2,11.92,225.5,0.0259,0.0567,0.287,0.726,3,6,3,0,0,0.0069
5.43,14.47,19.5,29.51,40.9,61.89,92.32,7.69,52.87,12.9,90.8,43.8,1724.9,27.3,294.9,0.0014,0.002,0.67,0.491,1,1,2,1,1,0.9898
0.24,0.59,0.88,1.03,1.6,3.6,4.66,0.25,2.63,6.8,54.5,5.1,3112.2,16.34,319.5,-0.0381,0.0057,0.374,0.626,7,5,4,0,0,0.0074
0.95,1.6,3.12,4.11,6.51,8.41,12.59,1.0,7.53,18.6,65.5,8.2,2973.9,14.72,93.4,-0.0239,0.1057,0.383,0.301,8,3,2,0,0,0.0505
3.91,9.48,19.52,29.43,46.52,75.51,139.9,4.66,70.13,20.3,47.5,27.8,1804.3,18.65,305.8,0.0405,-0.0242,0.611,0.835,2,7,4,2,1,0.8737
0.09,0.22,0.29,0.35,0.55,1.04,2.0,0.11,0.95,25.3,65.4,11.6,1488.1,26.04,70.1,-0.0751,0.0614,0.388,0.686,2,5,3,1,0,0.0293
2.05,5.69,10.22,15.14,23.18,35.92,50.25,2.1,29.66,16.4,72.4,20.8,1700.1,17.38,148.8,0.0553,0.024,0.483,0.725,2,5,4,0,0,0.0809
1.41,2.95,4.84,7.76,10.6,14.13,18.36,1.6,11.83,30.3,40.6,6.1,1146.7,14.8,201.0,-0.0141,-0.0286,0.349,0.755,2,3,3,1,0,0.0259
0.67,1.49,2.51,3.64,5.23,12.38,19.43,0.83,9.78,22.5,44.6,19.6,902.1,17.7,257.0,-0.0409,-0.0658,0.351,0.693,7,4,2,0,0,0.0292
4.18,10.11,20.16,29.29,32.56,58.21,79.49,5.65,45.82,14.7,54.6,6.6,2054.6,17.46,10.9,-0.0549,-0.0517,0.409,0.766,1,4,2,2,1,0.6129
0.61,1.4,2.51,3.04,3.38,4.78,7.57,0.69,4.27,8.2,80.4,15.7,1164.4,24.92,104.6,0.0337,0.0565,0.383,0.46,0,0,3,1,0,0.0605
0.31,0.72,1.27,1.42,2.18,5.37,8.93,0.44,4.34,24.4,78.9,5.2,1243.0,15.34,219.1,-0.0007,0.0867,0.366,0.752,6,3,2,0,0,0.0142
1.93,4.04,6.38,7.34,9.42,22.38,40.65,2.76,19.05,18.2,63.1,11.1,2775.5,15.13,128.7,0.0794,0.0046,0.444,0.416,1,0,1,1,0,0.2536
0.61,1.52,2.31,3.37,4.33,6.75,11.39,0.68,6.05,23.8,58.8,4.0,4069.4,11.98,279.0,-0.0632,0.0072,0.321,0.584,3,5,2,2,0,0.0324
0.51,0.77,1.48,2.09,2.5,3.12,4.94,0.61,2.89,23.0,60.6,17.3,2555.1,25.77,234.6,-0.0289,0.0388,0.355,0.736,1,0,4,3,0,0.0349
4.01,6.84,14.47,24.16,29.71,48.18,82.22,5.95,43.0,15.9,68.8,23.3,369.5,20.5,84.4,-0.0046,0.0037,0.593,0.84,7,7,4,2,0,0.4977
0.55,1.44,1.76,2.4,3.5,4.67,6.07,0.72,3.91,9.7,85.8,3.8,363.7,34.74,52.5,-0.0376,0.055,0.236,0.813,4,2,2,0,0,0.0406
1.28,3.47,5.82,10.2,15.62,27.64,53.63,1.55,25.79,20.2,63.3,12.0,3998.4,32.44,226.5,0.0003,0.0146,0.546,0.484,6,0,2,0,1,0.8014
1.59,3.92,6.93,9.26,11.92,23.07,38.84,2.13,19.65,19.4,40.9,10.8,1283.8,21.6,162.2,0.016,0.0068,0.383,0.288,7,6,3,1,0,0.2069
1.0,1.7,2.52,3.75,5.37,6.87,12.78,1.19,6.79,17.2,46.6,30.8,432.1,18.02,60.8,0.0242,-0.035,0.286,0.656,0,0,2,0,0,0.0243
0.56,1.26,1.62,2.55,3.74,9.24,11.97,0.84,6.61,17.6,62.7,10.1,2536.0,19.1,117.5,0.0753,-0.0473,0.356,0.646,2,2,3,1,0,0.0257
8.19,15.27,20.89,34.23,46.48,85.82,147.08,8.32,74.49,11.4,94.5,13.3,2638.1,13.4,109.1,-0.0652,-0.158,0.734,0.904,3,4,2,1,0,0.9367
0.77,1.71,3.26,5.07,6.59,13.51,15.15,0.82,9.47,32.7,61.2,14.7,2741.3,12.06,38.9,0.0169,0.0617,0.311,0.467,4,1,1,1,0,0.0548
0.05,0.1,0.14,0.16,0.23,0.35,0.43,0.08,0.27,23.1,63.5,6.2,1159.7,11.07,196.9,-0.0323,-0.0073,0.303,0.479,1,2,1,1,0,0.023
0.55,0.93,1.49,2.35,3.25,6.43,7.85,0.78,4.71,13.4,51.8,2.3,112.7,17.2,274.9,0.0215,-0.02,0.361,0.855,6,3,2,1,0,0.0202
1.32,2.32,2.82,3.1,3.91,7.12,13.52,1.68,6.53,21.6,56.9,10.6,4054.8,3.31,207.2,0.0216,-0.0976,0.363,0.452,1,7,1,0,0,0.0161
0.02,0.05,0.07,0.09,0.12,0.27,0.41,0.02,0.21,13.5,77.5,6.8,1091.2,41.26,297.5,-0.0493,-0.032,0.366,0.708,5,0,5,2,0,0.0479
5.21,8.2,16.54,23.73,28.46,42.16,72.17,7.05,38.54,18.5,87.2,16.9,2855.5,47.51,45.9,-0.0451,-0.0386,0.589,0.748,2,0,3,0,1,0.9846
0.05,0.07,0.13,0.18,0.24,0.29,0.58,0.05,0.3,20.8,24.8,2.9,2982.5,10.36,156.8,0.0256,-0.0397,0.352,0.484,2,2,1,2,1,0.0328
1.24,2.17,2.82,3.62,5.67,8.14,15.35,1.39,7.86,25.6,72.2,29.2,2581.5,47.12,219.4,0.0012,0.0166,0.351,0.853,2,2,2,0,1,0.2861
0.09,0.21,0.27,0.46,0.59,0.87,1.44,0.13,0.78,10.2,62.4,30.9,1348.6,10.45,243.4,-0.011,0.0061,0.437,0.178,0,2,2,1,0,0.0351
2.82,4.56,9.68,17.38,24.95,44.19,58.84,3.81,34.49,13.3,74.1,19.6,1175.0,19.16,250.5,0.0329,-0.0681,0.502,0.725,1,1,3,0,0,0.2174
3.62,7.87,12.37,19.33,29.21,49.36,61.26,4.6,37.88,20.5,57.2,20.5,2530.3,23.43,262.4,0.0366,-0.0649,0.453,0.874,2,2,4,2,1,0.3168
1.43,3.48,6.85,8.13,12.86,20.03,34.32,1.55,18.09,14.6,88.9,10.6,3644.3,20.08,234.5,-0.0265,-0.065,0.4,0.432,2,5,2,2,0,0.2656
0.2,0.45,0.73,0.9,1.35,2.13,3.0,0.29,1.76,19.6,50.3,4.4,3978.9,13.95,33.9,-0.0426,0.0905,0.292,0.385,3,0,2,3,0,0.0507
3.51,8.76,11.6,12.79,14.68,21.53,31.91,3.63,18.5,3.0,53.9,8.3,489.5,13.57,250.3,-0.0631,0.0746,0.438,0.426,2,0,2,0,0,0.1106
7.18,15.62,26.95,36.57,41.56,54.02,92.28,9.54,51.12,11.3,81.6,5.3,692.5,29.04,260.9,0.0017,-0.0426,0.544,0.772,2,3,2,1,1,0.9509
3.17,5.13,6.66,11.15,16.26,35.9,65.44,4.36,31.02,25.3,74.4,12.3,3970.7,35.27,357.7,-0.0712,-0.0988,0.447,0.791,6,0,1,1,1,0.8269
0.94,2.22,4.57,5.78,8.47,10.55,16.89,1.07,9.83,22.4,66.4,5.9,3106.6,6.17,249.6,0.005,0.0064,0.356,0.603,4,3,3,1,0,0.0147
0.82,1.58,1.98,2.73,4.21,8.47,15.86,1.14,7.56,13.9,50.7,2.9,3714.4,21.82,247.3,0.0608,0.0023,0.416,0.556,0,1,5,0,0,0.0146
1.35,2.93,5.57,9.84,14.7,34.11,63.38,1.37,29.52,14.3,60.0,14.1,890.9,26.14,185.3,-0.0177,0.0158,0.478,0.756,4,1,4,0,0,0.1262
0.91,2.55,5.55,8.16,11.39,19.23,30.72,1.34,16.47,32.3,68.9,15.7,2488.5,21.01,312.5,-0.0268,0.0371,0.454,0.862,8,2,4,0,0,0.0262
25.05,46.52,97.04,170.59,247.43,491.39,577.24,29.82,353.76,27.5,97.2,20.5,2959.7,8.14,358.9,0.0999,0.0226,0.95,0.424,6,1,2,1,1,1.0
26.33,67.59,142.37,161.58,227.26,457.66,786.54,37.36,390.59,14.3,78.5,14.9,2872.5,25.06,280.5,0.0755,-0.0558,0.95,0.446,4,4,3,1,1,1.0
0.32,0.71,1.03,1.62,2.51,3.41,4.91,0.37,2.96,22.2,45.0,5.9,1743.8,32.8,220.5,-0.0382,0.0147,0.193,0.711,3,6,4,1,0,0.0186
8.3,22.33,37.23,44.37,58.82,87.56,157.75,11.23,81.91,10.6,94.0,11.9,113.9,11.87,28.4,0.007,0.0427,0.795,0.52,1,2,1,1,1,0.9964
3.32,8.92,12.76,14.3,17.03,25.05,29.22,4.27,19.53,12.3,50.9,18.5,2469.1,13.86,261.6,0.0164,-0.0362,0.419,0.444,3,2,4,2,0,0.098
1.13,2.74,5.18,6.66,7.95,10.69,16.14,1.38,9.49,14.1,67.9,37.5,1100.4,21.22,255.1,0.0102,0.015,0.356,0.619,3,0,1,1,0,0.119
0.44,0.83,1.54,1.71,1.9,3.92,5.79,0.65,3.09,14.7,41.1,17.9,1918.6,18.29,279.2,0.0907,-0.0276,0.285,0.611,1,3,5,1,0,0.0076
0.03,0.09,0.13,0.16,0.24,0.44,0.56,0.05,0.33,21.9,50.8,6.3,4024.0,13.9,44.8,0.0044,0.0998,0.392,0.912,1,2,1,0,0,0.0108
14.31,37.0,59.55,73.88,102.83,173.32,276.79,15.23,148.52,13.5,79.9,10.7,1706.0,9.33,235.3,0.0119,-0.0663,0.95,0.657,2,0,2,1,1,1.0
1.21,3.33,5.27,9.47,12.61,29.31,46.21,1.8,23.29,12.2,65.0,25.3,3535.2,14.58,106.5,0.0344,0.0578,0.451,0.678,3,0,1,4,1,0.3748
1.76,4.87,9.23,10.54,15.51,37.73,57.74,2.18,29.3,12.2,38.7,9.9,832.4,4.64,273.7,0.0595,-0.0835,0.488,0.78,1,0,1,1,1,0.0872
4.53,9.4,11.45,20.22,25.44,46.74,65.31,5.98,36.91,11.9,84.3,26.6,2840.7,26.38,86.5,0.0468,0.0897,0.542,0.701,2,0,4,0,0,0.3776
0.9,1.47,3.12,4.26,6.24,14.34,27.62,0.95,12.68,26.4,90.1,11.2,4104.6,12.68,246.2,0.0269,-0.0571,0.501,0.798,5,3,1,1,0,0.0579
1.67,3.61,4.85,7.17,10.97,26.19,47.36,2.5,22.22,8.1,59.4,11.9,472.9,28.62,106.2,-0.0779,0.0095,0.521,0.48,1,6,4,0,1,0.2255
76.11,126.18,191.18,214.79,302.46,485.05,902.37,94.23,452.72,7.4,96.0,20.0,84.5,16.79,3.2,-0.0244,-0.0815,0.95,0.399,7,4,5,0,1,1.0
0.23,0.48,0.6,0.66,1.05,1.29,1.75,0.28,1.13,26.5,75.1,2.1,1849.4,20.55,228.0,0.041,-0.0675,0.342,0.779,2,2,5,0,0,0.0043
7.64,16.92,27.73,35.25,51.72,110.84,217.62,8.79,100.22,11.3,93.3,19.0,434.4,6.93,40.8,0.0125,0.0449,0.859,0.56,0,2,4,1,1,0.9763
1.33,2.98,5.78,9.14,12.05,19.14,26.67,1.58,15.67,25.8,55.5,18.4,3155.8,27.42,237.3,0.0413,0.0514,0.367,0.653,0,1,5,1,0,0.0457
6.26,9.46,18.77,29.77,42.04,51.73,61.71,8.65,43.08,20.7,60.1,4.9,3845.4,61.83,333.2,0.0944,0.012,0.435,0.879,1,3,1,0,1,0.9995
1.26,3.3,5.15,7.77,9.02,15.52,28.52,1.32,14.17,23.0,55.3,12.9,1851.2,15.4,348.9,-0.0588,0.0371,0.379,0.405,1,1,5,0,0,0.0192
3.89,8.14,12.88,18.35,28.56,52.17,59.14,4.43,37.82,9.4,84.4,5.8,1123.7,20.34,84.9,0.0569,0.0522,0.532,0.567,4,0,1,2,1,0.8351
2.32,5.62,8.66,10.98,15.65,26.8,52.91,2.72,25.4,26.2,62.1,4.8,1852.8,21.74,291.3,-0.0165,-0.0342,0.453,0.755,3,3,1,0,0,0.2879
3.44,5.66,8.03,13.54,17.67,27.54,33.14,3.87,21.36,17.6,53.7,11.8,3052.3,8.58,127.3,0.0468,-0.0699,0.414,0.429,5,1,1,1,0,0.1593
2.92,7.21,13.81,20.73,31.65,73.26,89.78,3.23,51.84,15.6,50.6,22.8,87.6,10.09,324.2,-0.0021,-0.0007,0.557,0.808,2,0,3,1,1,0.3143
1.17,2.43,5.08,6.82,7.71,14.35,16.11,1.76,10.31,21.7,54.0,20.1,2496.2,25.35,283.5,0.1064,-0.0289,0.242,0.847,2,0,1,1,0,0.0728
0.0,0.0,0.0,0.0,0.0,0.0,0.0,0.0,0.0,18.4,76.3,21.4,2595.2,11.87,26.6,0.0065,0.0194,0.334,0.638,1,1,2,2,0,0.0174
0.91,2.46,4.73,7.38,10.87,17.8,23.3,1.01,14.08,13.1,63.9,21.8,2696.4,16.71,146.6,-0.032,0.0274,0.453,0.452,2,2,3,0,0,0.0526
0.37,0.91,1.54,1.9,2.76,4.4,7.99,0.54,4.07,26.8,84.3,6.0,1054.4,20.57,121.4,0.021,-0.0341,0.487,0.43,3,1,2,2,0,0.1404
1.88,4.32,5.74,8.42,9.33,20.91,23.21,2.25,14.29,11.2,32.4,4.2,3013.3,25.83,282.7,0.0162,0.0352,0.251,0.585,2,0,1,1,0,0.1801
2.62,6.33,10.84,15.22,18.47,43.97,82.17,2.72,38.0,4.2,97.4,8.9,429.3,17.22,147.7,0.0569,0.0327,0.652,0.661,6,0,3,3,1,0.5575
0.96,2.37,3.47,4.31,6.59,14.15,19.42,1.25,10.7,21.0,65.1,6.9,877.0,17.48,246.5,0.0224,0.0362,0.39,0.605,3,0,2,0,0,0.0424
12.36,26.6,49.72,81.83,100.63,165.09,313.77,15.64,154.93,22.9,91.2,26.7,3691.5,56.74,216.9,0.1238,-0.0204,0.95,0.471,4,6,3,0,1,1.0
0.95,2.46,4.06,5.77,7.73,18.71,27.61,1.17,14.28,18.8,82.8,9.7,3115.7,31.05,351.2,-0.0056,0.039,0.356,0.613,3,1,3,1,0,0.1333
0.75,1.66,3.12,3.48,5.55,12.05,20.91,0.82,10.19,14.3,57.5,20.8,107.0,15.64,337.6,-0.005,0.026,0.377,0.816,1,0,5,1,0,0.0091
7.26,16.85,28.33,41.15,57.55,114.87,141.48,10.01,84.23,8.0,93.3,21.2,1080.8,17.59,154.0,-0.0302,0.032,0.752,0.586,3,3,4,1,1,0.977
1.68,3.44,6.75,8.41,11.59,21.73,34.52,2.12,18.12,21.1,39.8,4.3,939.8,45.65,260.5,0.0043,0.0839,0.442,0.754,1,0,1,1,1,0.9071
0.84,2.29,5.04,9.04,12.56,25.44,35.5,1.18,19.63,15.9,58.0,13.3,1173.8,25.88,298.6,0.0116,0.0164,0.427,0.355,2,2,1,3,1,0.7816
0.32,0.69,1.42,2.2,2.62,3.29,4.39,0.35,2.84,15.7,92.1,27.5,1077.4,33.17,323.6,0.0141,-0.0303,0.372,0.625,2,0,5,1,0,0.0262
0.55,0.97,1.86,2.17,3.13,6.41,10.96,0.82,5.44,12.1,61.4,11.3,309.5,15.42,24.5,0.0034,-0.0555,0.316,0.672,0,7,3,0,0,0.0113
1.02,1.96,2.83,4.11,4.57,7.19,13.76,1.37,6.84,6.7,47.8,12.3,1954.6,14.41,108.7,-0.0305,0.0564,0.366,0.878,2,7,4,1,0,0.0091
4.45,7.53,13.33,18.35,23.15,40.03,66.89,5.54,34.83,13.6,81.8,21.2,3090.8,39.91,115.3,-0.0441,0.0179,0.626,0.795,1,3,3,0,1,0.8969
6.55,10.9,19.98,30.26,37.95,74.12,140.5,9.03,66.94,15.1,75.7,29.5,2567.9,18.33,156.4,-0.0188,0.0835,0.704,0.885,0,3,4,0,0,0.7883
0.2,0.55,1.07,1.67,1.9,3.03,4.36,0.27,2.51,18.5,43.0,12.7,2842.4,18.17,60.9,0.0571,-0.1015,0.286,0.351,4,2,1,1,0,0.0699
0.67,1.57,2.19,3.11,3.94,5.75,9.76,0.81,5.26,25.8,86.3,60.7,386.8,14.84,178.6,0.0678,0.0455,0.393,0.667,2,7,3,1,0,0.0179
5.8,8.7,14.94,23.12,32.39,47.75,56.78,8.05,37.47,13.5,94.9,19.1,3998.7,32.48,238.8,-0.0038,-0.0131,0.534,0.921,1,2,4,0,1,0.4754
3.29,8.41,13.98,18.2,23.45,57.73,112.9,3.84,50.86,14.2,83.3,16.1,3529.7,21.14,179.1,-0.0471,-0.0177,0.641,0.496,2,0,2,0,1,0.8796
1.42,3.1,4.54,5.11,5.68,7.94,13.81,1.44,7.42,10.2,41.8,15.5,3391.1,9.71,239.7,-0.0041,-0.0382,0.307,0.709,4,0,2,0,0,0.013
4.3,7.05,12.27,13.97,19.74,42.85,67.62,6.0,34.53,17.1,74.1,6.0,3465.4,13.9,23.9,0.1046,0.045,0.526,0.778,0,0,3,0,0,0.1505
2.82,5.9,12.43,21.09,26.43,63.85,120.05,3.24,55.22,12.8,71.2,22.7,3920.7,36.08,315.4,0.0499,0.0307,0.63,0.615,2,2,4,0,1,0.9319
1.29,2.55,5.02,6.73,10.76,25.41,44.26,1.69,21.18,11.6,52.4,25.3,2308.7,21.42,338.1,0.0275,-0.0571,0.498,0.274,2,0,5,0,0,0.0877
1.82,3.49,6.13,10.79,16.72,31.79,47.71,2.63,25.73,17.5,58.4,4.3,881.2,32.66,222.4,0.0481,0.0082,0.433,0.705,5,3,3,0,0,0.2928
0.95,2.0,3.86,5.52,7.42,12.48,20.13,1.08,10.75,22.0,49.0,2.8,2609.7,23.57,317.3,0.077,0.0353,0.405,0.91,2,1,3,0,0,0.0252
2.45,5.71,11.36,19.2,24.65,44.85,71.92,3.54,37.82,23.6,40.9,12.6,3133.0,10.52,47.3,-0.0576,0.0089,0.474,0.633,0,5,4,2,1,0.1913
1.47,3.24,6.23,7.45,8.45,10.38,17.6,1.61,9.95,13.4,43.7,3.9,3112.4,24.94,287.1,-0.0196,0.0554,0.346,0.474,2,2,2,0,1,0.107
3.32,6.19,12.76,21.7,23.89,49.52,88.48,3.73,42.86,14.9,74.9,20.0,2214.0,18.57,42.9,-0.0264,-0.0145,0.528,0.812,3,3,4,1,0,0.2714
0.65,1.58,3.12,5.48,8.21,16.35,23.64,0.83,12.87,30.1,82.2,23.0,334.1,14.13,146.9,0.0294,-0.1127,0.467,0.625,0,2,2,1,0,0.0568
2.82,7.85,15.92,28.14,37.88,66.56,119.12,3.57,59.68,19.0,64.0,21.7,1590.1,14.84,116.6,0.008,0.0093,0.71,0.834,5,5,3,0,1,0.6361
2.33,6.42,11.04,14.47,18.22,44.96,60.8,3.36,32.82,18.3,85.2,20.4,3871.2,32.22,210.8,0.0378,0.009,0.497,0.615,0,0,5,2,0,0.4066
0.69,1.94,3.3,5.29,7.32,10.44,15.05,0.77,8.93,23.1,83.9,15.2,2475.5,21.81,108.5,-0.0253,0.0156,0.394,0.405,0,0,3,0,0,0.055
3.13,6.67,10.4,11.89,14.9,29.15,41.85,4.63,22.96,24.5,89.5,11.2,2284.1,20.98,229.4,0.0686,0.0553,0.406,0.488,0,3,1,2,0,0.5461
3.77,5.86,9.92,12.93,16.7,32.16,37.73,4.86,23.31,19.3,84.9,23.3,1165.7,42.01,132.3,-0.0035,-0.0976,0.453,0.695,3,4,4,0,0,0.4395
0.7,1.71,3.24,4.31,4.9,6.57,8.37,0.92,5.45,5.8,89.8,37.4,1579.1,12.79,309.9,0.0347,-0.0119,0.385,0.607,2,2,3,1,0,0.0172
0.48,1.14,1.73,2.76,3.64,6.61,13.12,0.49,6.21,9.1,42.7,19.3,3765.7,18.09,228.2,0.0598,-0.0461,0.291,0.697,0,1,1,1,0,0.0438
4.32,11.91,16.95,22.46,26.3,33.2,51.61,6.47,30.41,20.2,91.6,28.3,2815.8,13.43,77.5,0.0558,-0.0604,0.466,0.402,5,1,1,1,1,0.5618
0.15,0.29,0.6,0.69,0.91,1.59,2.06,0.17,1.23,21.9,45.3,19.0,3317.7,24.69,121.0,0.018,-0.0036,0.365,0.754,1,0,2,1,1,0.035
24.68,68.91,84.57,120.72,179.58,219.71,317.54,30.66,197.17,11.3,89.6,21.8,1935.5,21.19,305.1,0.041,0.0351,0.95,0.5,1,6,1,2,1,1.0
0.73,1.16,2.47,3.24,3.94,5.5,8.26,0.75,4.82,21.3,37.6,16.4,2665.5,15.59,139.1,0.0871,0.015,0.258,0.814,0,1,3,1,0,0.0111
1.11,2.19,4.48,7.35,8.93,16.06,24.48,1.37,13.26,4.6,90.4,42.7,1080.8,16.69,192.9,0.0257,-0.0344,0.418,0.508,6,3,3,0,1,0.041
2.7,6.65,12.36,18.05,26.27,57.03,85.22,2.82,44.76,8.5,62.2,40.7,2977.7,30.55,233.6,-0.0365,-0.0073,0.637,0.422,4,4,4,0,1,0.8395
1.6,3.67,7.19,9.46,12.94,24.05,43.52,2.37,21.42,10.7,82.3,8.1,1824.5,34.69,125.2,0.0292,0.0465,0.531,0.555,3,0,3,0,1,0.5372
4.09,7.23,13.02,14.82,19.41,36.69,52.21,5.81,29.02,31.3,85.9,10.4,1886.6,13.87,105.8,-0.0019,0.0342,0.462,0.769,0,0,2,0,0,0.1433
1.11,2.18,3.87,4.85,5.45,9.23,15.08,1.51,7.98,22.2,53.5,18.6,2744.7,63.24,171.1,-0.1174,-0.0276,0.363,0.6,2,1,1,0,1,0.9976
0.18,0.3,0.56,0.68,0.91,1.81,2.72,0.22,1.45,21.4,47.2,47.6,3935.6,8.43,77.4,0.0231,-0.0309,0.26,0.633,2,3,1,0,0,0.0101
0.64,1.79,2.15,2.89,3.77,8.56,12.98,0.89,6.71,18.7,75.8,14.9,315.6,10.27,102.3,0.0058,-0.0858,0.397,0.857,2,1,5,1,0,0.0048
0.22,0.48,0.98,1.1,1.3,3.1,6.04,0.24,2.74,17.4,71.8,5.1,3472.7,16.28,22.3,0.0578,-0.0215,0.396,0.385,1,0,1,1,0,0.0768
2.06,5.43,10.94,12.35,19.34,48.19,67.14,2.19,35.6,16.0,51.8,15.9,1263.4,12.39,109.4,-0.0375,-0.0868,0.452,0.078,5,1,2,2,0,0.5871
6.19,12.45,20.99,36.53,47.61,103.69,126.31,6.24,74.16,10.4,90.6,30.9,1892.3,11.53,115.5,-0.0753,0.1034,0.717,0.467,0,0,4,1,1,0.8701
0.09,0.16,0.23,0.4,0.44,0.59,0.85,0.11,0.52,19.3,36.0,7.6,140.9,34.25,346.3,0.0084,-0.0428,0.192,0.31,3,0,5,1,0,0.0246
0.03,0.05,0.08,0.13,0.21,0.29,0.35,0.03,0.23,8.1,61.7,20.8,1299.3,25.16,212.3,0.019,0.0554,0.335,0.665,2,1,2,0,0,0.0265
0.09,0.21,0.35,0.56,0.75,1.38,2.53,0.1,1.24,16.6,83.9,22.4,2135.9,20.01,283.5,0.0047,0.0909,0.448,0.583,3,0,2,0,0,0.0313
1.67,4.49,6.1,7.05,9.94,20.66,27.08,1.69,15.42,21.9,68.7,1.1,283.1,14.17,16.3,0.001,0.0108,0.325,0.797,0,3,1,1,0,0.0595
0.34,0.59,1.07,1.28,1.66,2.27,3.64,0.35,2.06,18.4,33.8,4.9,2088.0,10.53,38.4,-0.0534,-0.005,0.303,0.573,1,1,1,2,0,0.0304
2.26,3.76,5.08,6.59,9.82,16.87,21.53,2.43,13.04,27.4,35.1,12.7,3897.5,10.24,293.2,-0.0069,-0.0661,0.29,0.54,2,3,2,1,0,0.0408
1.08,1.85,3.47,5.04,6.32,12.38,14.24,1.32,8.87,4.0,28.6,8.9,487.4,34.16,224.5,-0.0174,-0.0252,0.266,0.28,7,2,3,0,0,0.1459
1.3,2.47,4.36,7.38,9.79,14.29,19.86,1.58,11.96,9.2,77.8,6.5,3222.4,33.43,68.8,0.0536,0.0802,0.309,0.835,7,5,3,2,1,0.107
0.28,0.64,1.29,2.31,3.04,6.4,12.76,0.3,5.85,19.9,43.1,11.0,1750.1,16.49,145.7,0.019,0.0176,0.382,0.343,1,0,2,1,0,0.0613
3.15,7.75,12.39,20.38,26.84,44.02,87.04,4.43,42.16,16.6,76.9,12.7,2769.0,8.0,193.9,-0.0139,0.0014,0.681,0.373,0,0,3,0,1,0.3375
0.96,1.89,3.98,4.8,6.79,10.54,16.08,1.27,9.03,16.2,68.6,15.3,1130.0,26.31,303.7,0.0862,0.0656,0.348,0.409,2,5,1,1,1,0.2956
0.8,2.15,3.98,6.88,10.28,13.31,19.21,0.98,11.73,29.6,50.3,47.4,711.9,16.53,21.7,-0.0134,0.0348,0.374,0.624,2,4,4,1,0,0.0246
2.38,4.99,6.0,9.5,12.31,25.7,50.83,3.25,23.44,12.1,71.6,30.4,715.9,31.24,214.8,0.0279,-0.0074,0.372,0.792,4,0,4,1,0,0.1379
0.05,0.11,0.17,0.2,0.28,0.42,0.63,0.07,0.36,16.4,41.0,7.6,342.5,10.14,258.1,-0.0083,0.0108,0.413,0.559,2,0,3,1,0,0.0096
1.1,2.9,6.29,8.42,9.54,12.92,14.4,1.13,10.17,13.5,51.7,6.9,820.4,19.92,352.0,0.0816,-0.0384,0.312,0.621,2,5,2,1,0,0.0586
1.91,3.02,6.53,10.85,12.33,19.65,38.54,2.86,18.86,11.8,39.0,3.9,2806.5,9.59,290.6,0.0043,-0.0281,0.284,0.742,3,0,5,0,0,0.0116
2.38,5.45,9.66,16.53,19.06,40.94,76.13,3.55,35.94,20.3,48.7,10.1,3709.0,12.59,99.4,0.0058,-0.0103,0.481,0.712,0,5,4,1,0,0.1237
0.25,0.57,1.05,1.71,2.07,3.25,5.59,0.27,2.94,23.4,65.1,3.9,3428.6,12.42,255.4,-0.007,0.0279,0.241,0.716,3,7,1,2,0,0.0261
4.07,8.23,11.83,16.99,20.21,25.04,47.05,5.91,25.1,14.4,86.8,17.5,2893.3,16.35,274.8,0.0098,-0.0624,0.507,0.778,2,0,2,1,0,0.2264
0.58,1.2,1.82,3.27,4.38,8.72,10.74,0.79,6.4,10.4,40.7,5.0,508.3,35.67,262.7,0.06,0.0038,0.258,0.475,4,4,1,0,1,0.2465
23.87,57.19,91.25,100.53,123.99,242.35,316.53,26.35,183.12,13.8,96.9,1.8,1250.1,20.48,295.3,0.0423,-0.0195,0.95,0.857,0,2,1,0,1,1.0
1.99,4.46,7.2,8.46,12.21,28.43,33.37,2.8,19.72,11.8,42.2,14.5,1335.7,28.57,325.3,0.0014,-0.045,0.361,0.778,1,4,1,0,0,0.2361
0.83,1.96,3.73,5.3,7.9,11.18,21.61,0.89,10.96,20.4,60.5,21.2,1087.3,19.81,35.4,0.0851,-0.0192,0.395,0.739,7,2,3,1,0,0.0373
0.36,0.75,0.96,1.53,2.0,4.85,6.78,0.39,3.61,15.4,53.5,25.7,2187.3,15.12,37.7,0.0436,-0.1161,0.323,0.687,2,0,2,1,0,0.0193
9.95,20.14,25.09,28.07,43.3,54.77,106.06,10.73,55.36,17.4,85.6,11.6,2272.5,5.15,286.7,-0.0219,-0.0379,0.617,0.343,6,3,2,2,1,0.8623
7.9,17.18,29.56,41.39,57.64,111.74,171.41,10.68,90.96,13.3,75.6,14.1,1531.1,10.47,90.9,-0.069,-0.055,0.769,0.393,3,0,1,0,1,0.9964
1.31,2.7,4.8,6.12,9.41,20.85,36.5,1.33,17.63,13.0,79.5,10.7,1518.2,19.0,21.1,-0.0208,-0.014,0.386,0.574,6,6,1,2,0,0.2478
34.82,90.49,143.65,214.35,285.66,626.23,1112.98,43.7,534.78,6.9,88.5,10.7,3488.5,20.82,144.4,0.0207,-0.114,0.95,0.412,1,2,4,1,1,1.0
0.26,0.68,1.32,1.74,2.21,4.54,6.23,0.31,3.47,17.3,62.7,4.3,3325.6,31.3,295.2,0.0299,0.0095,0.287,0.364,0,0,3,1,0,0.0857
2.07,3.31,4.52,7.05,9.64,23.63,35.67,2.25,18.2,24.7,50.0,24.0,1327.4,6.74,45.6,0.068,0.0455,0.394,0.618,4,0,2,2,0,0.0571
0.41,0.65,1.42,1.71,2.2,3.87,7.4,0.43,3.59,4.3,58.5,3.6,3842.2,51.76,241.9,-0.0547,-0.0059,0.297,0.898,4,5,1,2,0,0.5183
2.15,4.04,6.26,10.21,12.86,26.44,47.75,2.53,23.05,7.0,75.8,13.2,4004.2,5.11,1.3,-0.022,0.0249,0.511,0.616,3,1,4,1,0,0.0304
3.68,5.94,9.1,13.48,15.55,21.12,33.99,4.29,19.22,19.3,57.7,11.1,1406.0,18.34,39.5,-0.0589,-0.0256,0.362,0.65,2,5,5,0,0,0.0302
0.74,1.62,2.58,4.2,5.61,9.32,13.69,1.09,7.72,10.1,57.0,4.8,1520.9,13.6,126.3,-0.0669,-0.0777,0.301,0.553,6,0,3,1,0,0.021
3.51,5.36,10.91,15.73,22.33,30.2,59.78,3.85,30.31,23.4,48.8,7.1,2148.4,10.58,30.1,-0.0314,0.0001,0.427,0.479,0,2,1,0,0,0.2589
0.94,2.36,3.35,4.58,6.86,13.29,15.11,1.17,9.5,7.5,75.3,6.7,3955.7,40.66,304.5,0.0183,0.034,0.332,0.697,3,5,3,0,0,0.1284
2.48,5.82,9.63,12.2,18.71,43.95,78.71,3.09,37.21,25.3,76.5,13.4,3686.7,13.91,311.1,0.0386,-0.0662,0.426,0.322,0,0,1,0,0,0.5009
11.15,19.79,29.02,49.91,59.14,98.48,160.19,13.88,85.37,21.8,87.6,7.6,475.7,6.41,272.0,-0.0474,-0.0233,0.785,0.5,0,1,1,0,1,0.9873
0.23,0.45,0.56,0.78,1.01,2.13,4.12,0.34,1.92,24.0,74.7,6.1,1679.8,8.77,87.3,-0.0405,-0.0124,0.342,0.351,2,6,2,3,0,0.0378
1.66,3.14,4.93,7.06,9.92,15.15,26.8,1.96,13.96,28.6,47.2,6.8,2346.5,33.29,188.4,-0.089,0.1426,0.338,0.695,4,2,2,1,1,0.2277
17.87,48.23,61.54,90.4,128.17,246.5,303.39,18.65,182.33,22.9,91.9,33.5,2138.0,9.03,66.3,0.0107,0.0112,0.95,0.767,3,3,5,1,1,1.0
0.12,0.31,0.68,1.0,1.53,2.12,3.84,0.12,2.02,26.2,63.7,11.2,854.5,7.67,101.3,-0.0366,-0.0953,0.424,0.789,7,4,4,0,0,0.0031
20.04,44.76,60.01,90.67,123.23,149.48,208.27,28.56,132.57,12.5,83.9,12.3,3614.1,21.03,185.8,0.0832,-0.1076,0.821,0.678,0,2,2,2,1,1.0
1.3,2.56,5.59,6.68,9.17,22.81,32.09,1.67,16.94,15.8,61.9,13.8,2859.3,16.29,264.6,0.0205,0.0365,0.369,0.807,2,4,5,0,0,0.0116
38.91,81.72,135.67,228.41,292.26,669.59,1030.84,42.94,527.4,12.5,87.8,6.2,3527.3,24.2,34.1,-0.0086,0.1243,0.95,0.787,0,3,2,1,1,1.0
2.94,6.57,8.97,12.03,19.0,38.37,64.12,4.19,32.27,22.9,87.5,8.0,3613.9,15.16,106.8,-0.0321,-0.014,0.485,0.496,0,3,3,1,0,0.2574
16.75,35.85,52.55,63.41,76.52,118.3,131.42,23.23,89.21,20.9,93.2,17.6,3155.7,27.67,333.6,-0.0747,-0.017,0.662,0.565,1,0,3,1,1,0.9995
0.4,0.63,0.99,1.21,1.77,3.84,7.53,0.47,3.46,23.4,53.1,24.2,1872.7,8.24,154.5,-0.0684,0.0215,0.285,0.493,1,6,3,1,0,0.0104
0.99,2.09,3.92,5.31,7.23,9.63,16.08,1.25,8.96,21.7,85.7,13.7,2583.8,7.27,338.0,-0.0311,-0.0399,0.441,0.869,2,4,2,1,1,0.015
8.35,22.5,43.06,55.15,68.02,137.56,202.31,11.0,108.77,17.6,81.0,6.2,715.5,22.08,356.9,-0.0349,-0.1272,0.824,0.911,0,1,5,0,1,0.9921
4.26,8.66,12.28,20.68,24.8,55.68,94.11,4.76,46.13,17.2,43.9,25.9,2845.6,16.3,189.6,-0.05,0.0519,0.521,0.687,2,2,2,0,1,0.4894
0.72,1.73,2.42,4.15,5.78,12.0,20.55,0.95,10.16,29.6,68.6,10.8,793.9,14.69,103.7,0.0189,-0.0307,0.36,0.609,6,1,3,1,0,0.0265
1.45,4.05,8.55,13.67,15.35,33.61,37.56,1.89,23.16,10.6,68.6,9.4,2929.9,26.31,284.7,0.0257,0.0525,0.424,0.769,3,3,4,0,0,0.0699
0.4,0.89,1.48,2.47,3.89,5.04,6.02,0.48,4.13,11.7,47.4,15.5,1002.8,55.66,57.4,-0.0229,-0.038,0.387,0.507,4,7,4,1,0,0.7253
2.15,4.58,7.14,7.92,10.07,12.61,20.21,2.8,11.73,16.1,51.0,14.7,537.8,7.39,90.7,0.0968,0.0061,0.378,0.786,4,0,2,0,0,0.0169
3.56,6.58,12.02,13.94,22.3,39.26,57.57,4.08,32.01,6.2,49.8,17.2,735.9,36.36,282.6,-0.0873,0.0427,0.49,0.725,2,7,3,2,1,0.7665
0.97,1.74,3.05,5.09,7.02,15.64,23.84,1.25,12.33,22.3,74.6,8.5,58.3,26.91,156.1,0.0029,0.0535,0.358,0.894,3,0,1,1,0,0.1195
3.09,6.86,14.37,20.53,25.75,40.95,52.86,3.98,32.46,11.9,83.5,43.3,3032.8,14.33,72.6,-0.0109,0.0116,0.482,0.251,4,2,4,2,0,0.3384
6.19,14.71,19.99,35.14,42.7,92.25,179.27,9.23,82.83,18.3,49.0,16.1,3089.5,42.25,234.4,-0.0275,0.0092,0.782,0.515,1,2,4,0,1,0.9999
1.41,2.89,4.77,8.09,11.99,15.51,21.95,1.48,13.56,29.8,45.7,14.0,2187.0,8.8,263.8,-0.0349,0.031,0.391,0.451,5,1,2,0,0,0.0353
1.23,1.85,2.59,3.47,3.91,8.02,9.25,1.28,5.68,16.3,22.3,19.4,719.7,23.75,45.0,-0.0003,0.0232,0.171,0.76,2,2,2,1,0,0.0277
4.37,9.74,12.72,16.85,25.09,60.25,100.94,5.0,49.08,14.4,83.3,8.5,396.8,17.08,99.7,-0.0113,-0.0646,0.716,0.268,0,4,2,0,1,0.928
2.32,5.19,7.73,13.28,18.81,33.82,54.91,2.67,28.77,20.4,44.5,16.5,129.4,14.33,79.7,-0.0196,-0.0636,0.423,0.342,3,1,1,0,1,0.3549
2.53,4.04,5.11,7.18,9.15,11.66,18.94,3.75,10.85,22.3,32.2,8.6,737.9,9.59,136.7,-0.0649,-0.1055,0.369,0.232,3,0,3,2,0,0.0698
9.53,15.55,28.03,39.64,54.9,117.33,136.74,14.28,82.73,29.0,81.4,7.3,3747.1,67.35,274.8,-0.0809,0.0383,0.695,0.614,2,3,5,1,1,1.0
0.44,0.83,1.7,2.5,3.86,9.07,16.26,0.59,7.68,12.8,73.4,22.2,1052.4,14.26,256.9,-0.0144,-0.0198,0.29,0.238,1,4,3,1,0,0.036
0.05,0.11,0.17,0.27,0.43,0.72,1.01,0.05,0.58,12.6,58.2,45.0,1520.2,3.8,238.5,-0.0201,0.041,0.284,0.825,2,7,3,0,0,0.0025
2.25,3.89,7.12,9.64,15.11,25.45,49.81,2.89,24.1,13.9,48.8,20.2,487.2,29.26,2.3,-0.0099,0.0202,0.259,0.171,2,0,5,0,0,0.1508
0.29,0.57,0.76,1.06,1.43,2.33,3.88,0.42,2.05,16.3,62.5,24.3,972.8,22.65,51.2,-0.0054,-0.0501,0.285,0.486,7,6,3,0,0,0.0197
0.17,0.29,0.42,0.59,0.82,1.1,1.88,0.21,1.03,22.1,15.4,28.6,2204.8,16.17,80.4,-0.0261,-0.006,0.152,0.471,4,2,2,0,0,0.013
3.88,7.5,14.08,23.74,28.29,45.21,73.48,4.93,39.57,21.3,81.6,14.5,2572.2,15.31,97.9,-0.0106,-0.0227,0.502,0.531,4,0,3,0,0,0.3386
1.28,3.14,6.65,9.25,14.43,25.28,38.09,1.66,20.89,8.8,47.6,11.4,1068.2,18.15,52.7,-0.0427,-0.0305,0.411,0.868,0,7,3,0,0,0.0412
0.25,0.5,0.6,1.02,1.15,2.01,2.82,0.33,1.61,20.2,80.8,8.1,289.6,29.39,147.7,0.0762,0.0458,0.272,0.416,1,0,5,1,0,0.0197
2.79,7.16,13.19,19.62,26.33,38.65,48.04,3.67,30.88,21.3,61.5,9.0,1672.8,22.82,27.1,-0.04,0.1255,0.44,0.538,2,3,4,1,0,0.2609
0.78,2.12,4.04,6.14,7.39,14.21,23.54,0.98,12.02,32.2,36.3,53.7,1021.9,24.86,270.0,-0.0185,0.0558,0.236,0.692,2,4,5,0,0,0.0129
14.3,27.16,48.82,75.52,99.57,189.44,378.18,16.82,176.75,11.9,89.0,20.6,961.1,24.85,283.6,-0.0362,-0.0013,0.95,0.563,0,2,1,0,1,1.0
11.4,26.32,42.83,58.6,84.64,143.58,211.01,13.55,118.27,18.4,84.0,26.3,4033.4,30.09,206.7,-0.037,0.063,0.884,0.696,2,3,2,1,1,1.0
0.06,0.1,0.23,0.35,0.45,1.1,1.45,0.07,0.8,7.9,39.6,6.6,2607.6,34.73,32.3,0.0012,0.0856,0.277,0.511,2,2,3,1,0,0.0627
0.61,1.38,2.03,2.48,3.88,9.52,17.3,0.85,8.06,13.1,59.1,5.8,2361.0,12.75,320.4,-0.0051,-0.0696,0.373,0.505,2,0,2,1,0,0.0358
0.12,0.2,0.34,0.45,0.63,1.32,2.57,0.15,1.2,28.4,61.5,4.1,1775.5,21.02,347.6,-0.023,0.0612,0.312,0.682,0,4,3,0,0,0.0113
1.99,4.55,8.53,14.48,20.04,31.47,62.53,2.1,30.51,11.8,48.6,9.9,1830.1,33.87,72.9,-0.0142,0.0385,0.404,0.81,1,6,3,2,0,0.4833
0.48,0.83,1.0,1.35,1.78,4.3,8.04,0.55,3.71,9.9,51.9,15.0,2294.8,12.69,253.7,-0.036,0.0594,0.298,0.647,4,2,3,0,0,0.0081
2.72,5.46,8.53,11.71,14.91,31.88,49.68,2.97,25.61,12.7,48.0,16.4,2940.2,37.92,303.1,0.0201,0.0407,0.442,0.687,2,7,2,1,0,0.7237
0.81,1.47,2.34,4.05,6.27,11.12,20.77,0.85,10.17,22.3,57.3,13.6,2963.9,12.62,194.3,0.1028,-0.0114,0.413,0.494,4,2,3,2,0,0.0432
3.25,8.23,9.96,13.34,17.46,40.9,47.7,3.75,28.26,21.1,56.0,16.4,762.5,23.28,116.4,-0.0437,0.1016,0.438,0.538,3,2,4,0,1,0.1457
0.37,0.65,0.8,1.24,1.72,2.41,4.41,0.38,2.31,17.3,53.9,16.5,2125.5,16.33,172.3,0.0197,0.017,0.293,0.708,5,3,3,1,0,0.0118
6.84,18.81,41.17,72.53,97.63,201.57,238.92,8.04,144.29,22.1,88.6,9.3,1759.6,14.85,184.4,0.0022,-0.0217,0.902,0.482,0,0,4,1,1,0.9998
4.35,7.19,9.42,16.94,23.73,37.05,61.05,4.37,32.83,13.0,59.4,20.1,3662.7,24.2,144.2,0.0334,0.0253,0.371,0.423,1,6,5,0,1,0.1823
0.75,1.53,2.2,3.25,3.92,7.51,10.53,0.98,5.88,14.9,37.8,15.5,2670.4,34.88,334.7,0.0348,0.0486,0.32,0.437,2,4,1,2,1,0.5208
0.26,0.64,0.86,1.32,2.1,3.31,5.31,0.3,2.89,9.4,61.2,7.6,2259.9,16.11,267.8,0.0103,0.0047,0.28,0.584,7,5,5,0,0,0.0047
1.21,2.0,3.43,4.81,6.21,12.14,16.69,1.21,9.38,18.2,31.7,26.0,528.9,36.53,86.9,-0.002,0.0197,0.272,0.734,3,3,2,1,0,0.1384
2.54,4.85,9.39,15.26,18.82,33.11,38.12,3.58,24.39,-0.6,91.7,24.2,2563.4,12.35,210.8,-0.0217,0.0044,0.471,0.724,2,5,3,1,0,0.0786
1.06,2.21,2.82,4.52,5.06,9.91,17.98,1.11,8.75,20.0,56.3,44.3,536.4,35.15,247.9,-0.0382,-0.033,0.345,0.78,0,3,5,1,0,0.0323
0.97,2.41,4.31,5.89,8.96,11.64,14.08,1.17,9.57,23.7,73.9,18.5,1449.4,20.15,50.5,-0.0048,-0.0411,0.416,0.742,2,2,3,2,0,0.052
9.24,23.32,36.21,41.26,58.81,70.82,117.22,9.31,67.59,15.8,87.7,14.8,642.8,22.51,129.0,-0.0642,-0.0701,0.623,0.782,2,6,1,0,1,0.9861
1.08,2.83,4.79,7.37,9.2,20.41,28.0,1.55,15.32,8.6,54.4,11.6,2922.1,9.41,326.0,-0.0297,0.0759,0.319,0.252,4,2,2,0,0,0.0493
2.77,5.25,7.7,8.65,11.13,17.34,28.91,3.13,15.46,15.1,84.2,19.4,905.9,14.5,204.2,0.0553,-0.0112,0.442,0.791,2,2,4,0,0,0.0196
1.31,1.99,4.11,6.37,8.52,17.92,26.59,1.78,14.11,11.7,62.7,8.8,1676.2,18.7,78.1,0.0049,-0.1714,0.453,0.74,1,0,2,1,0,0.079
13.89,33.83,55.9,93.35,122.28,152.93,288.71,15.16,153.21,5.6,91.2,26.2,3767.1,32.86,44.2,0.0446,0.0198,0.95,0.695,0,6,4,1,1,1.0
5.4,9.31,12.66,19.04,24.99,51.48,90.32,7.97,44.2,13.0,58.2,3.7,897.9,16.86,186.6,0.0735,0.0188,0.461,0.757,0,0,4,1,1,0.3362
3.29,6.61,13.16,17.55,24.77,52.78,69.85,4.64,39.33,18.3,93.6,15.6,2157.4,11.77,197.2,-0.0089,-0.0933,0.553,0.716,2,0,5,1,0,0.118
2.09,5.32,10.39,15.09,23.01,48.79,96.02,2.15,44.26,23.3,56.8,5.7,1790.0,21.52,120.4,0.0104,-0.0416,0.58,0.557,1,0,2,2,1,0.8342
0.64,1.48,2.49,3.37,4.34,10.0,13.3,0.68,7.34,14.2,60.7,19.2,125.2,48.62,226.9,-0.0151,-0.0438,0.373,0.869,2,2,2,1,0,0.4015
1.79,4.72,9.08,10.69,12.72,29.54,36.68,1.91,21.01,21.7,63.0,5.2,3339.9,22.81,24.7,-0.0406,-0.0371,0.38,0.86,3,1,2,1,0,0.1126
14.13,33.2,59.82,79.09,88.22,128.84,254.81,17.76,126.79,19.8,89.1,4.4,336.5,16.75,52.3,-0.0476,0.0606,0.92,0.666,0,3,3,0,1,0.9999
3.42,6.83,9.32,13.44,17.79,34.74,40.8,5.03,25.11,17.4,31.4,10.0,2018.2,21.62,196.7,0.0422,-0.0074,0.405,0.614,2,1,1,0,1,0.3494
0.18,0.28,0.61,0.82,0.99,1.21,1.73,0.23,1.08,3.0,69.4,11.3,2376.8,11.29,22.3,0.0104,-0.0214,0.346,0.45,5,3,2,0,0,0.0134
3.14,4.76,9.4,10.49,12.67,16.66,27.82,3.54,15.55,22.1,66.3,13.7,2658.0,39.15,317.1,0.0923,0.0561,0.397,0.703,2,0,5,1,0,0.1419
50.75,92.73,173.08,201.58,230.61,402.31,787.83,62.71,378.25,14.3,83.1,9.1,2907.8,38.79,51.2,0.0486,0.0248,0.95,0.714,2,0,3,0,1,1.0
0.11,0.26,0.52,0.62,0.73,0.91,1.24,0.12,0.79,21.7,65.4,14.2,1101.1,11.02,242.6,-0.0366,-0.087,0.381,0.869,2,4,1,1,0,0.0131
8.11,19.7,41.93,58.29,77.2,127.35,215.37,11.95,112.7,25.3,80.1,1.4,91.4,38.28,140.8,0.042,-0.0308,0.874,0.236,2,1,3,0,1,1.0
0.04,0.08,0.15,0.17,0.24,0.5,0.56,0.06,0.35,12.6,97.2,1.7,3052.3,21.74,143.9,-0.0153,0.0161,0.419,0.685,0,0,3,0,0,0.0148
2.42,6.3,11.27,16.17,21.42,48.41,84.4,3.58,40.7,24.9,92.5,3.8,2273.0,27.19,275.4,0.0608,-0.0467,0.594,0.316,0,7,3,1,1,0.8977
0.95,2.58,3.15,3.6,5.26,9.29,17.88,1.41,8.63,16.7,54.7,11.9,3519.9,18.92,179.8,-0.0243,0.1015,0.363,0.747,0,0,3,0,0,0.0191
4.36,8.22,13.28,23.09,34.31,62.82,78.27,4.59,47.28,19.5,61.1,23.7,3458.8,19.71,261.2,-0.0526,0.0056,0.497,0.688,4,0,3,0,0,0.4721
2.49,4.87,8.32,14.95,21.38,25.82,46.51,3.68,25.57,6.2,55.6,10.3,3549.8,13.28,181.9,-0.0398,-0.0377,0.394,0.863,1,1,1,1,0,0.1602
1.14,2.3,3.31,4.52,5.02,11.68,18.12,1.49,9.21,28.0,43.1,15.8,2063.1,11.12,213.4,-0.0372,-0.0561,0.286,0.677,7,0,2,1,0,0.0227
0.59,1.09,1.7,2.81,3.86,9.57,15.68,0.67,7.66,10.7,44.8,11.9,1434.6,10.77,273.9,-0.042,0.0464,0.329,0.571,4,0,4,1,0,0.011
0.04,0.1,0.16,0.27,0.34,0.61,1.06,0.05,0.54,29.9,61.0,20.4,3335.0,33.37,218.6,-0.0286,-0.0324,0.371,0.634,3,4,3,3,0,0.1146
0.09,0.24,0.37,0.63,0.96,1.54,2.67,0.09,1.39,19.9,56.8,19.7,1922.9,20.96,221.6,0.0428,0.019,0.322,0.574,3,0,5,1,0,0.0087
1.97,4.05,8.74,13.03,20.22,28.89,44.15,2.24,25.34,28.2,70.6,17.3,811.3,11.43,284.1,0.0898,-0.0576,0.484,0.638,0,0,2,1,0,0.133
1.18,2.05,3.66,5.18,6.79,14.55,22.01,1.57,11.52,15.7,56.7,4.2,3598.1,20.04,341.7,-0.0665,0.0035,0.388,0.592,2,5,1,0,0,0.1014
4.89,8.57,12.98,17.23,25.41,44.08,60.05,5.57,34.93,10.8,83.3,16.3,3712.6,6.65,135.6,0.0632,-0.0318,0.525,0.304,7,2,1,0,0,0.3549
2.97,7.25,10.91,12.66,16.33,26.78,33.39,3.47,20.76,18.1,63.8,28.6,1985.2,11.29,207.8,-0.0239,-0.0158,0.329,0.629,0,0,2,0,0,0.0568
1.09,2.69,5.5,9.78,13.13,25.84,48.25,1.47,23.12,14.5,82.2,5.6,364.2,35.09,31.1,0.0174,-0.0398,0.499,0.426,1,2,2,0,1,0.8195
2.72,5.77,10.62,12.13,19.31,43.54,80.27,3.16,37.71,29.4,84.8,16.1,1659.5,14.1,129.2,-0.0827,0.0513,0.537,0.866,0,0,2,0,0,0.1951
2.26,5.63,11.54,14.21,16.86,35.76,66.96,2.29,31.58,19.1,46.9,16.0,3384.7,32.84,148.3,0.0262,-0.0246,0.431,0.78,2,2,3,0,1,0.3361
43.57,94.29,173.84,252.96,354.72,799.71,1581.66,56.31,719.49,18.8,92.5,12.2,3792.4,18.07,300.7,-0.1003,-0.0072,0.95,0.97,0,2,2,1,1,1.0
22.26,42.22,89.28,103.43,146.77,277.43,394.56,32.26,219.37,18.8,96.8,16.8,894.4,27.29,184.8,0.0157,-0.0048,0.95,0.644,2,7,2,0,1,1.0
4.81,8.09,12.96,20.65,31.43,61.24,91.88,6.78,49.28,19.2,74.3,23.4,327.9,9.66,263.2,0.0129,0.0806,0.523,0.84,3,1,3,2,1,0.428
2.07,4.49,9.17,10.16,11.93,14.52,27.99,2.45,14.8,24.0,45.6,28.0,3691.0,25.13,6.8,0.0096,0.0445,0.269,0.433,0,4,5,1,0,0.05
0.46,1.19,1.64,2.78,4.31,7.59,9.65,0.5,5.82,18.4,63.7,12.0,1666.0,4.3,167.2,-0.0367,0.0395,0.277,0.632,4,0,2,0,0,0.0076
1.34,3.63,6.79,11.85,17.06,38.28,62.84,1.44,31.25,10.8,69.1,6.7,2298.3,14.85,324.5,0.0275,-0.0789,0.413,0.419,0,2,1,1,0,0.3958
6.81,10.74,16.8,26.46,42.26,84.81,145.74,7.94,72.42,22.6,93.2,27.1,4067.5,36.08,80.8,0.0196,-0.0328,0.675,0.569,0,0,3,1,1,0.9983
6.05,16.29,28.1,43.41,59.36,124.61,221.18,6.46,107.22,8.1,95.4,9.6,326.2,19.35,11.3,-0.0105,0.0594,0.95,0.592,1,2,1,4,1,1.0
0.5,0.87,1.68,2.55,3.6,5.02,9.31,0.66,4.84,27.9,38.5,11.9,2740.5,10.97,156.0,0.0336,-0.0585,0.273,0.59,4,2,2,1,0,0.0179
0.93,2.12,3.73,4.3,5.14,12.27,16.4,1.38,8.97,18.1,48.3,29.5,357.5,34.51,253.6,-0.0048,0.0042,0.286,0.56,5,7,5,2,0,0.0573
0.56,1.15,2.22,2.97,3.87,8.42,13.8,0.58,6.91,20.7,55.9,3.8,1608.2,51.73,163.6,0.0264,-0.0533,0.391,0.315,1,6,4,3,1,0.8941
0.24,0.58,0.71,1.1,1.65,3.89,7.57,0.28,3.44,10.6,48.7,8.0,3385.8,16.5,165.6,-0.0063,-0.0482,0.412,0.766,0,2,3,1,0,0.0142
2.12,4.64,7.43,9.27,11.6,18.26,34.88,3.17,17.35,13.3,47.6,29.8,1848.9,6.96,241.1,0.0108,0.084,0.403,0.619,4,0,1,1,0,0.0688
0.52,1.04,2.25,2.48,3.9,7.64,12.48,0.53,6.4,22.8,72.4,11.2,4188.3,19.5,91.6,0.0287,0.036,0.321,0.558,3,2,2,1,0,0.0453
0.7,1.12,2.19,3.22,4.75,10.67,14.35,0.72,7.92,14.5,77.2,24.5,2370.1,28.17,270.7,-0.0199,0.0492,0.387,0.71,0,4,3,0,0,0.0415
3.5,5.37,9.04,12.19,14.76,25.69,40.48,4.14,21.71,31.0,66.5,16.6,1382.8,17.01,55.1,-0.0617,0.0392,0.352,0.623,2,0,3,1,0,0.0965
4.09,7.39,14.11,17.81,27.78,45.61,64.75,4.8,37.31,11.8,74.0,19.3,963.5,4.74,142.5,0.0138,-0.007,0.491,0.816,5,2,3,1,0,0.1109
3.96,9.79,12.01,20.0,24.3,41.96,71.91,5.51,36.97,8.1,35.2,18.3,1504.7,26.67,236.2,0.0595,-0.0346,0.424,0.597,0,0,1,0,1,0.7736
1.38,3.18,4.74,7.55,10.35,20.99,34.07,1.65,17.39,7.8,56.6,20.8,1596.0,12.39,298.2,0.015,-0.0201,0.365,0.65,0,0,2,0,0,0.0404
0.66,1.35,2.83,4.4,6.15,10.34,12.78,0.78,7.93,16.5,65.9,13.0,335.2,14.72,285.0,0.0159,-0.0096,0.343,0.836,1,0,1,3,0,0.0641
0.38,0.83,1.41,2.5,3.24,4.81,7.03,0.49,4.09,29.2,63.0,30.4,1583.7,7.19,259.8,-0.0021,0.0888,0.406,0.67,3,7,5,0,0,0.003
2.62,5.93,12.77,19.9,24.55,45.65,89.29,3.55,42.33,28.8,46.6,3.1,1976.6,3.53,129.3,0.037,-0.0668,0.503,0.828,0,0,3,2,1,0.168
0.89,1.42,2.08,3.36,3.8,4.89,8.87,1.34,4.77,38.3,48.5,15.0,3049.4,9.45,44.0,-0.0093,-0.0277,0.33,0.064,4,0,2,2,0,0.067
1.58,3.03,6.16,7.89,12.06,28.65,42.25,1.89,21.94,16.0,52.2,12.7,2775.4,13.99,78.1,-0.0227,-0.0456,0.503,0.724,4,7,5,3,0,0.057
11.25,29.74,36.27,59.27,70.14,169.22,317.77,13.82,146.3,24.4,83.6,14.1,2991.4,13.81,311.3,0.0553,0.0528,0.95,0.594,2,2,5,1,1,0.9997
0.42,1.04,1.25,1.86,2.27,5.64,8.64,0.44,4.36,20.3,40.2,9.9,84.7,40.08,308.6,-0.0265,0.0927,0.301,0.857,0,4,3,0,0,0.0441
5.61,9.04,12.08,18.08,27.4,59.83,92.18,6.68,47.59,27.3,84.1,11.2,953.3,10.2,342.6,0.0445,0.0154,0.65,0.577,8,1,3,0,0,0.3932
0.4,0.75,1.09,1.31,1.66,3.73,6.84,0.43,3.22,21.3,57.0,11.9,2796.0,31.38,27.4,0.0553,0.0196,0.361,0.741,2,2,2,0,0,0.0565
28.2,49.72,61.78,99.75,141.61,324.35,570.47,36.77,273.27,12.8,90.4,27.0,2058.6,20.57,193.3,0.0283,0.0046,0.95,0.423,2,0,2,1,1,1.0
0.25,0.49,0.69,1.09,1.51,2.16,2.4,0.33,1.67,16.4,61.7,13.4,72.1,43.14,233.5,-0.0625,0.0219,0.335,0.295,8,2,3,2,1,0.5028
5.5,15.28,31.68,38.19,57.07,83.71,121.61,7.87,71.3,15.4,62.8,12.6,3388.7,18.23,255.8,0.0014,0.0387,0.595,0.799,5,2,4,1,0,0.8855
1.85,4.16,8.8,10.79,15.37,34.82,38.51,1.94,23.71,4.9,97.8,17.9,3257.2,5.1,231.8,-0.0101,0.0213,0.496,0.695,2,2,3,1,0,0.0347
9.34,15.93,21.0,35.8,46.29,80.64,128.61,11.23,68.51,32.0,77.6,7.2,2325.9,17.34,277.2,-0.0248,0.0249,0.671,0.33,2,2,2,0,1,0.9869
0.69,1.74,2.64,4.04,6.15,13.72,20.57,0.86,10.73,24.9,56.2,13.1,325.8,3.68,129.4,0.0071,0.0388,0.367,0.387,0,4,3,1,0,0.0164
3.51,7.95,14.39,17.36,24.68,34.25,45.39,4.65,28.55,42.8,73.5,6.4,3231.0,9.34,64.6,0.0385,-0.0889,0.343,0.564,6,2,4,1,0,0.0807
1.11,2.9,5.4,6.75,8.95,11.31,22.49,1.65,11.58,5.5,71.4,12.2,2472.4,17.49,73.7,-0.0229,0.0001,0.374,0.847,4,3,4,1,0,0.0185
35.3,75.26,92.41,131.96,169.34,290.69,353.67,36.02,220.36,21.2,88.1,8.4,3295.1,17.73,4.3,-0.0086,0.0153,0.95,0.586,1,0,2,1,1,1.0
0.37,0.99,2.09,3.61,5.07,7.87,14.95,0.52,7.48,28.7,41.8,23.1,3169.8,30.82,126.1,-0.0121,0.0208,0.39,0.294,4,5,5,1,0,0.0718
4.38,11.43,18.6,27.04,30.0,67.66,131.54,4.62,60.3,14.1,79.9,5.8,3382.5,24.01,33.0,0.0582,-0.0085,0.744,0.745,4,1,1,0,1,0.9829
0.66,1.04,1.71,2.1,3.09,7.4,14.03,0.8,6.44,6.8,37.0,14.9,2199.7,40.93,115.7,-0.0129,0.008,0.274,0.695,1,2,2,0,0,0.1341
2.33,6.0,7.71,13.06,19.17,39.29,59.21,2.73,31.33,8.1,91.3,12.3,632.3,30.8,226.2,-0.0617,-0.036,0.581,0.785,3,1,5,0,0,0.1963
0.37,0.61,1.05,1.47,1.96,2.62,5.17,0.52,2.63,17.8,56.1,9.6,2835.3,28.81,322.0,-0.0787,-0.0887,0.438,0.477,1,5,3,1,0,0.0948
0.32,0.53,0.95,1.51,1.95,2.38,2.64,0.44,1.94,18.0,59.7,21.8,2625.0,49.48,302.3,0.0181,0.0492,0.351,0.666,4,6,3,1,0,0.3158
26.79,45.76,75.83,90.55,135.94,300.72,411.79,38.31,225.71,24.2,81.6,26.9,3130.4,30.01,91.0,-0.038,-0.0567,0.95,0.478,0,0,1,0,1,1.0
1.01,2.73,5.7,9.33,11.0,25.65,31.48,1.45,18.13,7.5,43.2,6.6,755.0,37.34,48.3,0.0334,-0.008,0.35,0.517,3,4,3,0,0,0.275
0.56,1.2,1.57,2.74,4.02,9.79,12.13,0.66,6.89,22.1,56.8,13.2,859.1,6.67,69.5,-0.0666,-0.0375,0.229,0.889,1,0,5,1,0,0.0033
1.02,1.96,2.72,4.55,5.07,10.81,19.13,1.3,9.26,14.8,42.1,18.1,3745.2,15.9,349.6,-0.0269,0.0794,0.333,0.713,0,0,2,2,0,0.0465
21.84,34.33,54.07,60.64,94.24,116.99,157.12,22.93,101.51,16.0,90.1,4.0,3162.4,23.47,197.8,-0.0665,-0.004,0.826,0.193,0,4,2,0,1,1.0
1.33,2.2,3.99,6.02,9.49,17.3,25.16,1.61,13.94,5.9,56.0,5.4,3819.1,19.81,65.7,0.0217,-0.0155,0.336,0.805,3,0,2,2,0,0.0777
1.5,2.62,4.25,6.39,9.34,17.16,28.18,1.98,14.6,20.4,20.5,5.6,3198.7,12.13,302.7,0.0324,0.0374,0.294,0.65,1,0,2,1,0,0.0421
0.44,0.77,1.58,2.63,3.88,4.87,8.8,0.65,4.78,14.0,84.0,41.2,2528.2,28.99,142.3,0.0169,0.1078,0.35,0.75,3,3,3,0,0,0.0293
1.26,2.03,2.86,5.14,6.6,15.73,21.38,1.47,11.59,8.9,15.9,3.7,2764.7,32.67,323.7,-0.0543,0.0203,0.297,0.465,2,4,2,0,0,0.186
9.71,15.57,22.42,39.29,60.47,132.62,244.93,13.94,115.55,15.9,89.6,29.5,3739.9,18.15,93.8,-0.0373,-0.0189,0.95,0.721,3,0,3,3,1,0.9998
0.26,0.48,1.01,1.18,1.48,2.17,3.43,0.36,1.92,11.7,60.6,19.0,2452.0,16.37,141.6,0.0117,0.0348,0.351,0.845,2,0,2,1,0,0.0149
1.71,3.79,6.31,10.31,14.26,29.21,50.73,2.15,24.98,15.9,51.4,10.4,2674.4,14.17,181.8,-0.0844,-0.0786,0.439,0.925,1,0,3,0,0,0.0395
2.71,6.08,11.25,19.69,28.94,65.32,112.61,2.84,54.61,27.1,42.4,27.5,699.4,29.64,321.3,-0.0121,0.0023,0.565,0.894,0,0,2,0,0,0.8442
0.25,0.47,0.74,1.02,1.42,3.29,6.27,0.36,2.89,21.8,95.9,28.7,2016.8,16.18,312.8,0.0758,0.0997,0.378,0.677,1,0,3,1,0,0.0149
3.28,5.27,8.3,14.53,19.57,45.57,83.81,3.45,39.2,16.5,50.4,10.7,3023.0,19.47,206.8,-0.009,0.0079,0.512,0.654,3,6,3,1,0,0.3851
1.37,3.14,4.22,7.31,8.88,19.71,37.19,2.05,17.33,25.0,57.8,13.8,1174.4,35.27,79.8,-0.0744,0.0054,0.39,0.634,3,0,3,1,0,0.2753
2.23,5.24,10.93,16.92,24.16,48.44,82.65,2.91,41.23,13.5,67.3,2.4,889.4,22.27,145.2,-0.0304,0.001,0.572,0.664,0,2,4,1,0,0.4109
1.77,4.27,8.65,15.0,22.19,29.11,35.2,2.38,23.84,13.5,48.0,27.6,1352.4,19.47,351.2,-0.0315,-0.0198,0.405,0.75,3,6,5,1,0,0.0509
3.22,8.72,15.14,24.5,33.92,52.22,64.77,3.94,41.12,23.6,58.8,17.9,1052.2,13.5,218.8,0.107,0.0157,0.462,0.698,0,3,4,1,0,0.2137
0.09,0.14,0.18,0.27,0.41,0.78,1.43,0.11,0.7,18.1,69.7,4.8,941.9,18.87,281.2,0.0833,0.0388,0.357,0.581,1,0,5,0,0,0.0053
6.5,11.53,16.43,21.67,30.32,50.88,84.68,8.09,44.5,14.3,47.8,28.7,1813.1,12.36,162.0,0.0365,-0.0166,0.488,0.501,2,2,1,0,1,0.6699
3.18,7.14,9.93,14.8,21.82,46.37,52.3,4.49,32.3,11.6,53.1,22.2,3817.5,21.52,191.5,-0.0172,-0.1245,0.38,0.688,1,6,3,1,0,0.2342
0.07,0.1,0.17,0.28,0.43,0.58,0.73,0.09,0.48,20.3,48.8,5.9,2154.3,14.5,154.4,0.06,0.0233,0.293,0.616,3,1,2,2,0,0.0217
0.44,0.68,0.93,1.36,1.68,4.08,7.7,0.45,3.53,25.1,75.3,16.5,829.9,15.6,253.1,-0.0567,0.1067,0.366,0.52,7,1,4,2,0,0.0183
1.15,2.31,3.78,5.48,7.25,11.9,19.13,1.5,10.3,8.8,82.8,18.2,369.4,18.96,306.5,0.0538,-0.0188,0.442,0.463,0,0,4,1,0,0.0425
2.91,6.54,9.12,15.75,24.46,45.82,55.08,3.0,33.79,12.2,59.5,14.2,2939.0,43.64,182.7,0.0464,-0.0736,0.551,0.889,2,2,1,1,1,0.975
0.56,1.34,1.99,3.57,4.79,7.83,9.01,0.58,5.89,5.3,56.6,17.3,1638.6,23.26,173.1,-0.0076,0.0339,0.415,0.738,6,0,3,1,0,0.0337
0.08,0.14,0.21,0.34,0.37,0.83,1.66,0.1,0.75,27.3,39.3,37.4,3460.6,9.41,122.5,0.057,0.0872,0.278,0.705,0,3,4,0,0,0.0031
2.27,5.24,7.48,10.02,11.24,15.74,21.5,2.35,13.24,12.8,47.6,15.1,2787.0,16.18,63.8,-0.0224,0.0265,0.328,0.373,2,3,3,1,0,0.0661
0.85,1.69,2.47,4.27,4.91,8.16,13.83,1.15,7.22,8.1,54.9,10.1,3354.4,13.69,338.1,-0.0633,0.0862,0.409,0.845,0,2,2,1,0,0.0217
2.15,4.77,6.46,10.83,14.12,28.24,39.42,2.94,21.86,13.4,90.8,5.0,1178.6,13.33,113.8,0.0489,0.0397,0.463,0.69,3,3,1,0,0,0.1164
0.59,1.4,2.76,4.47,5.77,7.27,12.99,0.62,7.09,29.8,79.2,8.0,2923.3,13.62,288.2,-0.0043,0.0353,0.341,0.219,3,0,3,1,0,0.0398
2.56,4.68,10.17,13.95,19.67,39.21,75.21,3.24,35.49,32.4,65.9,10.4,1145.9,16.45,257.5,0.0301,-0.0259,0.459,0.325,3,3,1,0,1,0.6147
0.67,1.32,2.62,3.98,4.8,10.11,15.44,0.99,8.07,15.8,60.1,19.4,3947.1,12.55,284.7,0.091,0.0143,0.43,0.804,2,3,3,1,0,0.015
0.97,2.15,3.37,4.62,6.06,14.76,28.28,1.12,12.88,22.4,35.3,8.4,2691.0,12.58,337.2,-0.0361,-0.0015,0.254,0.58,3,3,5,1,0,0.012
4.15,7.48,14.64,17.87,25.83,63.75,87.09,4.73,46.75,17.8,47.0,5.8,1396.7,13.72,224.4,-0.0072,-0.0032,0.526,0.651,0,0,2,0,1,0.4266
0.24,0.65,0.83,1.36,2.17,3.34,5.71,0.29,3.02,19.4,67.0,19.2,1168.5,13.33,323.3,0.0785,-0.0127,0.343,0.851,7,3,4,0,0,0.0041
15.31,37.36,58.04,92.27,123.39,255.37,318.11,21.58,186.56,14.5,94.0,13.9,842.3,11.45,60.4,0.0334,0.0113,0.95,0.818,1,2,4,2,1,1.0
7.21,16.7,26.67,34.97,38.52,50.41,66.97,9.58,42.83,15.1,86.5,11.6,2932.8,26.04,225.6,-0.035,-0.0648,0.611,0.675,0,2,1,2,1,0.9781
19.36,47.39,57.47,83.76,117.97,252.23,463.42,23.67,220.2,22.6,89.7,12.7,957.7,15.21,278.0,-0.0478,0.0406,0.95,0.768,7,1,5,2,1,1.0
0.83,1.51,3.24,4.91,6.68,10.91,21.19,1.11,10.36,5.5,70.6,12.7,2520.5,16.87,97.8,-0.0264,-0.0439,0.39,0.758,4,0,1,2,0,0.0904
2.43,3.67,6.11,10.17,12.98,19.16,33.52,3.27,17.71,8.8,67.4,7.2,1148.2,16.14,266.7,-0.0369,-0.0125,0.305,0.675,4,2,2,1,0,0.0814
0.98,2.29,5.01,5.61,7.12,8.7,10.8,0.98,7.37,16.2,59.3,7.8,2797.2,13.03,280.3,0.0119,0.0165,0.323,0.625,0,2,4,3,0,0.0249
1.55,4.27,6.31,10.79,15.79,29.74,33.37,1.95,21.3,22.1,56.3,8.3,3432.0,11.18,299.2,0.0039,-0.0464,0.389,0.652,4,2,3,1,0,0.049
0.61,1.45,3.15,4.31,5.43,7.78,9.14,0.64,6.13,9.4,66.6,6.9,3278.8,27.4,112.6,0.014,-0.0983,0.395,0.53,3,3,2,1,1,0.1359
11.51,19.87,36.03,52.81,83.79,163.7,228.33,12.83,127.33,19.2,86.3,3.3,3207.5,11.57,245.4,-0.042,-0.0192,0.936,0.256,3,1,1,0,1,1.0
0.34,0.9,1.45,2.07,2.38,4.43,6.2,0.49,3.49,18.8,48.8,11.3,829.0,11.91,109.5,-0.0035,-0.0716,0.309,0.72,7,1,2,0,0,0.0099
0.95,2.13,4.33,7.15,8.18,16.39,18.66,1.27,11.62,15.8,69.4,17.8,416.8,31.72,266.1,-0.1028,0.0356,0.325,0.914,0,2,5,0,0,0.0157
3.37,7.75,13.5,21.1,32.94,50.0,99.38,4.16,48.88,12.1,47.7,6.6,2950.6,13.85,166.7,0.0073,-0.0577,0.592,0.763,2,2,1,2,1,0.7949
0.21,0.46,0.93,1.51,1.98,2.68,4.28,0.26,2.43,18.7,69.1,3.7,1578.6,18.87,215.1,0.0588,0.0743,0.306,0.625,4,2,4,0,0,0.0079
0.57,1.4,2.39,4.25,5.7,12.65,14.49,0.65,8.78,17.4,64.5,11.2,1844.2,15.71,149.7,-0.0712,-0.0003,0.389,0.469,2,5,2,1,0,0.0545
0.6,1.65,2.67,4.4,5.05,12.57,21.46,0.73,10.27,21.9,55.4,10.5,179.3,18.47,58.3,0.0242,0.003,0.387,0.807,0,4,3,2,0,0.0351
2.26,4.49,8.12,13.11,16.77,28.41,53.41,2.44,26.33,-0.4,27.2,1.8,1127.2,39.44,64.1,-0.0306,-0.099,0.292,0.6,0,0,3,2,0,0.5526
1.18,2.65,5.19,6.21,8.58,14.61,19.46,1.51,11.52,4.3,34.2,16.8,189.8,12.37,27.9,0.0401,0.0072,0.301,0.442,3,2,2,1,0,0.0483
0.81,2.11,2.63,3.54,4.05,9.42,17.13,0.99,8.05,-3.5,64.6,48.9,3698.6,26.09,222.5,0.0079,-0.004,0.441,0.627,1,2,1,0,1,0.17
0.1,0.26,0.41,0.62,0.9,1.29,2.45,0.14,1.25,30.8,36.1,5.7,1060.1,27.34,305.5,0.0202,-0.065,0.286,0.654,0,1,1,1,0,0.0723
5.28,13.58,18.59,24.29,34.59,57.06,69.81,5.99,43.83,17.2,74.6,39.7,2362.9,26.28,7.5,0.0032,0.0044,0.503,0.621,1,7,3,1,1,0.7466
2.47,5.5,11.83,18.43,25.62,40.03,58.94,3.69,33.71,26.7,32.7,26.7,211.8,38.54,23.8,0.0664,-0.0199,0.417,0.825,1,2,5,0,1,0.2684
0.09,0.24,0.51,0.66,0.85,1.16,1.37,0.13,0.93,5.2,54.4,3.7,2817.4,4.86,164.7,0.0174,-0.0108,0.254,0.708,0,3,5,6,0,0.014
0.07,0.12,0.26,0.34,0.44,0.84,0.94,0.09,0.6,21.7,57.1,7.0,1390.6,7.99,265.6,-0.0353,0.0013,0.319,0.44,0,7,1,0,0,0.0138
0.44,0.77,1.32,1.48,2.28,4.59,8.2,0.58,3.99,34.0,83.8,22.9,3776.4,11.03,56.8,0.0049,-0.0236,0.347,0.732,5,0,4,3,0,0.0133
0.08,0.14,0.27,0.34,0.38,0.9,1.06,0.12,0.62,23.9,73.0,3.4,3735.7,14.31,97.8,-0.0184,0.0123,0.408,0.544,0,0,2,1,0,0.0226
2.03,4.1,8.7,12.69,18.78,38.37,61.2,2.34,31.47,22.8,44.0,12.0,1400.0,21.71,83.5,0.0081,-0.0043,0.453,0.466,4,1,5,0,0,0.12
0.34,0.82,1.69,2.61,3.12,3.94,6.07,0.35,3.59,21.4,77.6,24.0,3789.0,11.38,143.7,-0.021,0.0236,0.363,0.627,4,0,4,1,0,0.0081
3.2,6.54,11.36,16.0,23.78,30.04,46.17,3.63,27.38,11.4,66.0,11.5,4184.1,11.33,81.0,-0.0338,-0.0264,0.488,0.503,2,0,5,0,0,0.0531
1.41,3.87,5.22,6.98,9.38,11.98,22.8,1.47,11.98,20.6,46.2,8.6,3475.5,19.9,126.9,0.01,-0.0532,0.28,0.792,1,7,2,2,0,0.0643
14.65,26.56,56.03,83.8,107.3,164.05,266.84,20.39,145.28,19.3,83.9,0.7,3556.2,24.52,262.3,0.0028,-0.0354,0.95,0.351,5,7,3,0,1,1.0
0.18,0.46,0.92,1.05,1.31,2.0,3.92,0.2,1.94,12.1,49.3,6.7,1083.4,18.68,220.0,0.0532,0.0721,0.374,0.572,2,3,3,0,0,0.0147
0.21,0.53,0.85,1.09,1.47,3.24,5.71,0.22,2.75,23.7,12.8,2.0,2443.3,25.17,29.2,-0.0207,0.0478,0.254,0.901,0,4,2,0,0,0.0149
0.19,0.37,0.62,0.85,1.24,1.57,2.4,0.29,1.43,13.3,49.7,6.8,329.1,7.0,229.6,-0.099,0.0607,0.304,0.77,2,0,5,1,0,0.0027
0.36,0.75,1.65,2.37,3.26,6.5,7.89,0.36,4.74,17.1,61.0,39.1,443.9,12.56,171.7,-0.0182,0.0641,0.34,0.617,0,2,2,2,0,0.0284
30.22,75.24,135.53,225.68,320.42,632.95,1030.93,45.1,528.12,23.1,90.8,26.2,4195.4,10.73,336.4,-0.0813,-0.0233,0.95,0.732,2,0,5,1,1,1.0
0.2,0.53,0.72,1.18,1.84,3.44,5.92,0.27,2.99,28.8,94.3,6.1,1405.6,13.85,104.1,0.0208,0.0148,0.333,0.862,2,1,4,1,0,0.0057
2.51,5.99,8.16,11.68,16.48,20.27,39.65,3.18,20.75,24.5,38.3,5.3,3155.0,18.13,261.4,-0.0837,0.0038,0.334,0.817,2,1,3,0,0,0.0489
2.69,7.25,9.18,13.26,18.47,41.99,57.56,3.55,31.35,17.4,95.4,29.5,3397.7,5.99,263.1,-0.0494,0.033,0.536,0.664,3,3,1,0,1,0.1201
0.53,1.23,2.2,3.5,4.51,7.63,15.24,0.78,7.3,28.8,52.3,10.6,3610.8,13.77,79.7,-0.0181,-0.0145,0.31,0.644,6,0,2,1,0,0.0259
9.31,18.87,23.16,33.61,42.41,75.61,87.39,9.75,55.6,18.2,88.0,9.0,4190.2,12.49,325.2,0.0772,0.0046,0.578,0.451,1,0,4,0,0,0.6185
1.43,3.3,6.65,7.93,10.82,22.41,28.98,1.9,16.63,13.5,88.2,16.7,1052.2,7.42,176.8,-0.0536,0.0036,0.546,0.58,2,3,3,1,0,0.0336
0.41,0.93,1.42,2.02,2.23,4.6,9.09,0.5,4.2,15.5,27.4,15.2,217.5,25.5,244.4,0.0006,0.0266,0.348,0.544,3,3,5,3,0,0.0342
1.43,3.17,4.88,7.43,10.32,16.09,23.68,2.03,13.55,18.4,57.2,3.2,1756.4,18.62,52.5,0.029,0.0328,0.323,0.473,2,1,2,0,1,0.0725
0.95,1.81,3.55,5.35,6.78,8.24,16.38,1.16,8.53,21.3,85.2,23.8,589.8,13.91,92.8,0.0742,0.0047,0.465,0.673,2,0,4,1,0,0.0169
1.48,3.51,4.58,5.45,8.1,18.2,36.23,1.79,16.44,16.4,44.9,17.5,143.1,42.17,211.0,0.0389,0.0062,0.429,0.781,4,5,4,0,0,0.1877
2.33,5.92,10.24,18.21,21.28,46.46,63.57,3.42,34.96,17.8,68.2,6.2,1545.8,7.85,114.8,0.0547,0.0113,0.551,0.763,5,0,5,1,0,0.0543
18.76,51.52,80.88,109.77,160.41,326.19,497.9,26.24,262.17,13.4,82.5,11.4,3302.5,43.4,179.9,0.0432,0.0823,0.95,0.637,2,3,2,0,1,1.0
8.54,18.34,23.86,42.75,56.56,136.61,175.87,9.49,97.92,9.5,80.8,2.3,2399.6,16.36,134.6,-0.0605,-0.0865,0.827,0.489,0,0,2,0,1,0.9978
1.87,4.64,6.94,11.61,15.22,22.31,41.08,2.31,21.17,25.0,66.6,4.8,1348.0,11.9,230.6,0.018,-0.0485,0.418,0.551,2,3,1,3,0,0.2791
4.49,11.42,20.88,26.49,29.74,39.69,48.62,6.08,32.49,12.8,40.3,16.9,2765.5,14.12,175.4,0.0424,0.0337,0.341,0.926,2,3,3,1,0,0.1327
19.11,45.41,84.6,147.44,187.52,468.52,584.9,21.38,328.99,29.9,89.2,10.6,1012.9,14.98,1.7,-0.0478,0.0135,0.95,0.885,2,4,3,0,1,1.0
4.18,8.33,11.04,13.94,21.83,50.84,92.78,5.69,43.55,15.6,68.0,39.8,109.7,46.4,233.9,-0.029,0.0131,0.603,0.339,1,1,2,0,1,0.9999
0.91,2.2,4.71,5.64,6.24,7.82,14.09,1.27,7.66,6.6,86.9,36.6,3222.1,21.77,152.0,-0.0402,0.0334,0.46,0.512,2,0,1,0,0,0.1623
0.25,0.68,0.95,1.32,1.55,2.52,4.57,0.34,2.31,7.2,83.4,17.6,2638.5,9.71,123.0,0.0386,0.0107,0.475,0.735,2,4,3,0,0,0.0062
2.01,4.59,8.55,10.25,15.3,28.66,36.89,2.09,21.74,19.9,68.8,16.4,3213.6,27.32,33.9,-0.0035,-0.028,0.443,0.88,1,2,2,1,0,0.2114
1.78,4.38,6.68,7.57,9.86,19.89,34.68,2.09,17.09,12.0,43.9,16.7,211.6,15.06,79.3,-0.016,0.0314,0.317,0.472,6,4,2,1,0,0.0905
0.75,1.36,2.59,3.44,4.04,7.03,10.25,1.13,5.73,37.2,88.0,8.6,3524.0,2.88,80.6,-0.0641,0.001,0.364,0.436,5,4,2,1,0,0.0142
0.54,1.28,2.57,3.36,3.99,5.24,8.86,0.75,4.92,17.0,50.4,12.1,2621.0,26.95,336.7,-0.0034,-0.0224,0.311,0.751,4,2,3,0,0,0.0221
1.49,2.3,2.94,5.14,5.96,10.82,13.88,2.08,8.26,25.7,59.2,2.3,2388.1,27.33,155.7,-0.0284,0.0345,0.324,0.488,2,7,1,0,0,0.1818
29.0,74.83,149.43,208.67,234.12,447.36,861.81,39.01,409.24,23.1,90.3,28.0,2642.1,15.53,15.1,0.0122,0.0326,0.95,0.412,2,2,3,0,1,1.0
3.09,5.52,7.29,13.08,20.87,33.58,54.86,4.44,29.41,19.1,49.1,6.6,3637.4,12.91,50.0,-0.0571,0.0107,0.418,0.288,3,3,1,1,0,0.484
0.7,1.12,1.92,2.28,3.06,4.3,7.67,0.96,4.06,18.2,96.5,6.0,2485.8,28.79,28.5,0.0089,0.0859,0.478,0.748,3,3,1,0,0,0.1558
3.16,5.48,8.42,12.4,15.29,28.64,42.79,4.08,23.21,13.5,48.9,18.2,2460.9,12.52,212.0,-0.0219,0.0663,0.389,0.739,3,2,3,2,0,0.0905
30.34,64.05,96.52,154.8,210.47,328.55,613.25,39.95,309.11,19.3,89.7,2.0,4161.3,32.2,67.2,-0.0625,0.0501,0.95,0.409,0,2,3,2,1,1.0
0.71,1.11,1.5,1.98,2.54,3.84,5.56,0.89,3.24,19.1,64.2,28.7,3190.4,12.7,179.5,-0.0664,0.1283,0.357,0.631,3,4,2,1,0,0.0195
0.02,0.04,0.07,0.08,0.12,0.26,0.36,0.03,0.2,8.8,68.1,29.6,1885.5,17.43,133.2,-0.0589,-0.0073,0.321,0.381,6,2,1,2,0,0.0775
6.59,14.25,21.41,32.77,45.88,88.43,175.45,7.33,82.03,2.1,77.2,11.8,2985.7,22.98,289.4,-0.0103,-0.0232,0.736,0.728,0,2,1,1,1,0.9981
2.24,5.01,8.54,12.87,19.51,42.25,65.07,2.38,33.66,13.3,57.7,10.5,1665.3,20.46,115.4,0.006,0.043,0.479,0.22,1,3,2,1,1,0.7028
0.38,0.73,0.89,1.19,1.45,2.59,3.66,0.53,2.07,19.4,42.8,19.7,999.8,12.08,165.0,0.0135,-0.0126,0.291,0.693,2,0,3,3,0,0.0177
2.07,3.15,5.68,7.28,9.97,12.97,20.81,2.54,11.94,13.4,72.7,9.8,2526.9,22.29,259.7,0.0154,0.0006,0.407,0.177,3,0,4,0,0,0.0902
0.68,1.43,2.68,4.54,5.59,10.3,18.96,0.81,9.27,25.4,66.7,29.4,3902.0,26.62,156.0,-0.0379,-0.0493,0.41,0.932,0,0,1,0,0,0.0758
0.43,1.15,1.45,2.55,3.13,6.18,9.67,0.48,5.06,13.0,55.8,18.7,3905.9,10.01,285.6,0.0529,0.0303,0.253,0.475,5,2,2,0,0,0.0137
25.28,53.84,93.28,148.3,176.53,390.09,612.35,26.99,312.39,28.9,84.6,6.4,1468.9,23.32,238.2,-0.0221,-0.0736,0.95,0.51,0,5,2,1,1,1.0
0.02,0.03,0.06,0.09,0.12,0.24,0.37,0.02,0.2,26.4,51.7,22.7,2239.9,17.12,147.8,0.0225,-0.0048,0.25,0.441,5,3,4,0,0,0.0072
5.62,12.52,16.8,19.55,28.32,63.29,97.47,6.51,50.1,14.1,63.8,4.6,928.3,10.42,181.4,-0.0082,-0.0008,0.557,0.358,0,7,1,0,0,0.7533
4.3,7.36,9.16,10.75,14.55,27.17,46.95,4.72,23.62,15.5,50.9,9.0,4181.9,21.78,348.2,0.0188,-0.0218,0.498,0.71,0,0,1,0,1,0.3634
34.56,87.93,122.53,174.3,276.49,551.76,1021.09,38.76,489.98,13.1,90.2,13.3,4121.6,28.22,238.2,-0.0107,-0.0879,0.95,0.826,4,3,2,1,1,1.0
0.08,0.13,0.2,0.34,0.42,0.52,0.86,0.12,0.49,18.3,51.2,5.1,2745.5,13.39,325.8,0.0197,-0.0882,0.365,0.697,5,1,3,0,0,0.0065
0.12,0.18,0.3,0.49,0.71,1.64,2.28,0.14,1.23,6.6,71.2,4.5,3388.3,22.38,64.4,-0.0004,-0.0373,0.316,0.304,8,0,4,0,0,0.0177
1.57,2.47,3.14,4.97,6.4,9.06,16.54,2.25,8.64,18.2,63.7,7.8,3017.7,14.99,174.0,0.0407,0.027,0.35,0.485,0,4,2,0,0,0.0388
2.41,6.1,13.3,17.05,21.73,46.95,55.99,3.48,33.34,9.7,54.9,19.5,2511.6,25.33,327.1,-0.0409,0.0144,0.513,0.494,2,0,2,0,0,0.6324
0.08,0.17,0.31,0.37,0.49,0.87,1.26,0.11,0.71,16.9,61.6,12.1,271.4,30.97,116.1,-0.0885,-0.0008,0.345,0.818,0,0,2,3,0,0.09
1.24,2.91,3.88,6.69,8.17,19.27,35.51,1.79,16.55,32.8,38.4,16.3,1937.3,21.16,348.4,-0.0487,-0.0442,0.338,0.559,0,1,1,1,0,0.1956
10.17,16.3,32.56,40.09,62.8,100.21,174.89,14.86,90.76,13.1,98.2,27.6,2850.4,26.48,34.9,0.0534,0.0171,0.905,0.423,0,4,5,0,1,0.9989
0.27,0.67,1.01,1.28,1.65,4.07,8.03,0.3,3.6,11.5,52.4,13.9,2861.8,28.96,325.0,-0.0077,-0.09,0.324,0.683,0,3,3,1,0,0.0375
35.64,68.97,108.65,177.68,218.88,472.03,681.13,50.71,364.9,9.8,100.0,21.4,1598.5,13.33,160.3,0.0046,-0.1198,0.95,0.565,5,1,2,0,1,1.0
4.02,7.15,9.1,14.98,20.88,41.75,69.87,5.96,35.21,20.4,45.0,21.0,3958.0,14.84,26.5,-0.0527,-0.0122,0.386,0.558,0,0,2,0,0,0.2803
0.77,1.87,3.03,4.79,5.66,13.72,24.89,0.97,11.63,20.8,38.0,10.6,744.5,22.69,316.6,0.0033,-0.0273,0.354,0.847,3,0,4,0,0,0.0155
0.48,0.76,0.97,1.17,1.71,3.26,5.08,0.69,2.69,26.5,56.3,17.8,2126.5,34.58,90.7,-0.0511,0.0507,0.28,0.639,3,0,3,0,0,0.0395
3.67,7.81,14.69,18.09,23.57,39.42,53.86,4.79,31.57,34.1,93.0,14.0,2917.2,8.99,8.0,-0.0438,0.0079,0.537,0.647,0,5,3,2,1,0.1859
0.06,0.11,0.17,0.29,0.4,0.84,1.01,0.08,0.6,9.7,45.4,7.4,2943.1,24.01,48.9,-0.0201,0.0825,0.3,0.482,8,6,3,0,0,0.0201
0.45,1.1,1.65,2.19,3.32,5.03,6.54,0.5,4.06,7.6,59.9,4.7,2741.9,33.09,237.3,0.0223,-0.0274,0.313,0.313,1,7,4,1,0,0.0813
1.45,3.38,6.25,9.31,10.91,20.5,23.57,1.6,14.84,13.7,73.9,13.7,1192.4,16.83,352.0,0.0276,0.0243,0.43,0.972,6,4,1,0,0,0.0463
43.53,115.76,218.57,363.96,507.23,1198.43,1606.05,61.43,878.65,16.1,88.3,14.4,698.3,18.41,40.1,0.029,-0.0126,0.95,0.173,7,5,1,1,1,1.0
0.38,0.94,1.72,2.23,2.49,4.42,5.34,0.52,3.31,14.5,77.5,9.9,2689.2,18.17,166.3,-0.0794,0.0691,0.369,0.684,7,4,5,0,0,0.0055
2.04,4.15,8.26,10.1,13.13,22.99,25.98,2.94,16.84,15.0,33.5,10.5,2537.1,17.61,65.0,-0.0003,-0.0102,0.31,0.825,4,7,1,1,1,0.091
0.93,1.61,2.97,4.0,6.11,10.01,14.37,0.94,8.24,18.3,60.2,6.1,794.3,11.86,268.2,-0.0098,0.0427,0.337,0.47,1,4,2,1,0,0.0349
2.41,5.02,10.78,15.8,23.11,47.45,72.71,3.16,38.13,18.1,76.3,27.3,2976.3,17.2,42.5,-0.0766,-0.0539,0.574,0.626,0,2,5,1,0,0.1801
3.87,6.65,11.75,16.54,24.69,38.19,62.19,4.72,33.73,26.3,72.7,3.5,1939.0,12.08,86.3,0.0008,-0.0208,0.481,0.369,2,1,2,0,0,0.3317
0.41,0.67,1.4,1.81,2.37,5.32,9.78,0.48,4.6,7.1,64.7,6.8,2821.2,25.56,70.7,-0.0125,-0.0042,0.418,0.806,2,2,3,3,0,0.0619
0.89,1.39,3.01,4.16,5.57,11.25,12.96,1.27,8.0,21.2,67.9,29.4,3525.1,6.4,198.9,0.0256,0.0632,0.328,0.512,4,3,4,0,0,0.007
0.08,0.18,0.25,0.4,0.61,1.49,1.78,0.1,1.03,17.8,61.1,15.6,754.4,28.37,314.3,0.0041,-0.1099,0.421,0.523,3,2,2,1,0,0.1143
2.16,4.82,9.05,13.49,18.26,43.8,64.05,2.57,33.35,19.2,57.8,17.1,129.5,30.65,184.0,-0.0275,-0.0166,0.421,0.247,1,3,2,0,1,0.8352
11.97,28.16,52.27,68.89,96.22,155.25,255.32,13.42,136.32,25.9,94.6,10.4,3283.3,20.36,21.0,0.0463,-0.0183,0.95,0.512,0,3,2,1,1,1.0
1.58,4.19,8.67,12.62,19.2,43.58,56.27,2.35,31.68,12.1,52.2,11.5,2580.2,41.68,202.8,-0.1111,-0.1038,0.365,0.664,1,0,2,1,1,0.7952
0.72,1.93,2.97,4.86,7.33,9.3,11.99,0.95,7.89,24.9,66.2,4.5,2953.5,23.17,287.1,-0.0032,-0.0232,0.374,0.562,2,1,2,1,0,0.0897
0.23,0.45,0.71,0.93,1.14,1.85,2.09,0.31,1.38,6.7,52.0,17.5,3528.3,21.74,47.6,-0.0882,-0.077,0.27,0.288,0,5,3,3,0,0.069
6.02,14.0,17.46,21.48,29.94,65.96,107.01,8.97,53.72,26.8,86.5,1.0,3381.7,6.18,26.2,-0.0456,-0.1165,0.573,0.262,3,2,4,0,1,0.4554
32.48,68.22,134.14,199.27,239.69,310.53,498.89,41.42,286.25,19.8,85.0,19.8,4037.8,31.66,67.6,0.0262,-0.0131,0.95,0.406,3,1,2,1,1,1.0
4.08,10.12,14.84,21.32,23.88,47.16,73.57,5.05,38.54,24.6,51.5,13.6,2274.1,11.08,268.6,-0.0637,-0.0148,0.396,0.521,0,5,2,0,0,0.2614
3.51,8.53,18.16,27.47,31.64,69.17,134.4,4.34,61.96,19.6,58.6,18.5,2077.3,10.3,213.0,-0.0712,-0.0122,0.672,0.599,2,0,5,2,1,0.5832
4.23,7.43,13.83,16.29,21.74,46.09,70.65,5.76,36.79,16.1,56.6,23.4,1717.8,20.8,194.6,0.1191,0.0126,0.445,0.636,3,2,2,0,1,0.4336
39.97,68.99,105.73,132.5,204.62,451.82,823.94,58.11,390.56,26.4,81.0,7.9,687.8,12.12,89.8,-0.068,-0.044,0.95,0.734,2,1,4,2,1,1.0
0.84,1.39,2.8,3.2,4.28,6.05,8.69,1.17,5.19,26.8,39.0,4.1,2426.3,16.7,119.6,0.0825,0.0895,0.315,0.57,7,5,3,1,0,0.022
1.12,1.86,3.75,6.33,7.36,11.87,21.23,1.42,10.85,19.9,57.9,21.7,1199.6,32.94,347.7,-0.0086,-0.0017,0.382,0.738,0,3,1,0,0,0.2442
1.94,3.54,4.81,6.63,7.77,16.99,31.26,2.2,14.78,19.2,66.0,11.9,3873.4,39.16,86.6,-0.0262,0.0643,0.478,0.719,2,2,1,3,1,0.8875
0.53,1.04,1.81,3.13,4.41,8.66,9.85,0.76,6.17,27.6,60.3,28.4,2470.2,13.39,324.6,0.0283,-0.084,0.417,0.721,5,6,3,0,0,0.011
0.32,0.74,0.89,1.57,2.4,3.15,3.81,0.45,2.58,7.4,54.6,14.6,2510.3,17.08,209.0,0.0668,-0.0417,0.356,0.724,2,6,4,3,0,0.0184
42.73,105.52,162.94,185.91,234.27,562.37,1066.25,47.46,489.15,28.5,88.3,13.1,1522.9,52.89,44.4,-0.0573,0.0343,0.95,0.7,2,3,3,1,1,1.0
0.97,1.63,3.09,4.35,5.98,8.5,13.04,1.3,7.48,27.8,45.1,9.1,265.8,38.97,168.2,-0.0255,-0.0113,0.33,0.889,3,5,3,1,0,0.0823
4.17,7.63,11.68,16.42,25.39,50.01,88.67,5.33,43.56,6.0,72.0,16.9,181.7,29.26,341.5,0.0423,-0.0537,0.584,0.864,3,3,3,0,1,0.6496
0.92,2.1,2.8,4.35,5.07,7.46,12.33,1.03,6.72,10.8,91.5,19.5,1806.8,12.1,150.7,0.0144,-0.0919,0.476,0.304,0,3,2,2,0,0.0853
8.39,20.86,37.08,42.63,50.23,113.66,185.04,9.62,92.26,19.2,89.5,14.5,400.9,13.52,310.8,0.0551,0.0367,0.79,0.613,2,2,3,1,1,0.9868
0.25,0.64,1.38,2.42,3.12,6.11,7.37,0.34,4.47,18.2,67.0,2.6,2568.4,29.1,92.3,0.0258,0.0326,0.285,0.343,1,1,1,1,1,0.2432
0.19,0.39,0.62,1.02,1.36,2.36,2.64,0.28,1.73,20.3,50.6,14.3,3706.0,5.58,205.5,0.0904,0.0122,0.306,0.398,3,0,5,1,0,0.0045
0.42,0.88,1.86,2.08,2.52,5.44,8.93,0.56,4.47,21.9,87.1,12.8,3714.1,31.91,303.8,0.0089,-0.0248,0.372,0.666,2,4,3,0,0,0.048
0.13,0.31,0.65,0.81,1.11,1.83,3.64,0.19,1.75,17.5,43.2,18.4,2785.0,36.06,331.4,0.0111,-0.0557,0.269,0.686,3,0,1,1,0,0.1436
0.68,1.27,2.37,3.97,6.15,7.39,12.32,0.87,7.08,2.7,63.7,23.3,926.6,15.72,174.9,0.0161,-0.0026,0.411,0.776,3,2,2,1,0,0.0295
3.08,4.94,6.28,7.89,12.17,16.02,28.24,4.39,15.32,1.9,86.2,17.4,3631.4,39.49,230.3,-0.0071,-0.0658,0.511,0.472,1,0,1,1,1,0.9777
0.96,1.99,3.69,5.01,5.66,7.23,8.33,1.43,5.87,15.8,84.2,9.3,3727.3,23.71,1.1,0.0424,-0.0376,0.43,0.569,1,2,2,0,0,0.0739
1.91,5.32,9.52,14.82,20.77,30.85,59.08,1.94,29.75,11.8,49.4,3.1,866.1,9.41,91.2,0.0119,0.0631,0.407,0.538,2,1,2,1,0,0.1549
0.19,0.38,0.68,0.78,0.94,2.25,3.77,0.2,1.84,27.1,65.1,15.3,3110.3,19.79,100.3,0.0394,-0.0925,0.366,0.931,1,4,3,1,0,0.0106
0.62,1.18,1.81,2.85,4.08,5.9,10.35,0.7,5.49,23.9,47.4,1.9,1239.1,12.83,33.7,0.0472,0.0339,0.281,0.947,3,7,2,1,0,0.0117
0.81,2.08,4.06,5.23,7.24,14.19,26.71,0.92,12.76,11.2,48.1,17.0,3381.0,21.16,100.7,0.0214,0.0747,0.311,0.715,3,6,4,0,0,0.0182
12.87,34.67,72.22,88.11,106.78,237.24,402.77,16.45,197.38,21.9,92.2,5.0,4188.5,9.0,115.6,0.0251,0.0408,0.95,0.708,1,3,1,0,1,1.0
0.11,0.27,0.5,0.59,0.92,2.0,2.43,0.13,1.43,27.5,85.2,40.6,174.6,41.04,348.8,-0.0505,0.0199,0.361,0.96,5,7,3,1,1,0.0539
0.1,0.22,0.29,0.35,0.47,0.77,1.24,0.14,0.67,12.1,68.2,22.7,3774.1,25.37,240.7,-0.0275,-0.0232,0.351,0.779,2,2,4,0,0,0.0087
0.13,0.35,0.7,1.04,1.34,2.44,3.08,0.17,1.85,29.2,49.9,13.0,2633.9,14.77,153.4,0.0422,-0.0323,0.393,0.593,0,2,2,1,0,0.0228
0.23,0.51,0.7,1.23,1.83,2.38,4.36,0.26,2.33,17.0,71.0,12.2,4089.5,21.46,355.7,0.0712,-0.1124,0.447,0.684,1,1,2,0,0,0.0316
0.0,0.0,0.0,0.0,0.0,0.01,0.01,0.0,0.01,15.0,49.4,26.6,1979.8,18.55,55.2,-0.097,0.0019,0.335,0.561,2,5,2,1,0,0.0254
0.54,1.47,2.65,3.75,5.23,7.96,9.49,0.62,6.2,32.4,54.7,7.1,3566.7,41.8,171.4,-0.0284,-0.0201,0.355,0.771,1,0,4,0,0,0.0594
0.79,1.87,2.89,5.13,6.17,8.61,13.11,0.85,7.59,11.3,86.9,9.9,308.9,18.35,232.9,0.0012,-0.0349,0.428,0.543,5,3,5,1,0,0.0168
1.19,2.0,3.53,4.47,5.06,6.52,10.03,1.56,5.91,14.8,94.4,17.6,1441.4,20.8,20.0,-0.044,-0.001,0.45,0.412,2,4,1,0,0,0.1642
10.66,20.63,41.75,70.07,94.54,145.35,283.18,11.94,140.22,31.3,91.6,12.6,328.1,8.18,258.1,-0.0411,0.0031,0.95,0.71,6,2,3,1,1,0.9997
15.65,36.91,63.17,76.65,90.56,171.62,202.38,22.43,125.2,13.5,84.3,7.7,4097.7,21.06,36.0,0.0237,-0.0318,0.893,0.792,0,0,3,2,1,0.9999
4.17,10.8,18.1,22.75,29.13,42.93,56.72,6.18,35.11,16.5,73.9,28.8,3440.4,23.24,50.5,0.0791,0.0807,0.501,0.619,3,3,1,0,1,0.7492
2.09,5.81,8.21,11.81,15.8,24.73,45.39,2.49,23.06,14.5,72.4,20.0,3588.1,10.26,57.5,-0.1016,0.0365,0.438,0.573,5,4,1,1,0,0.1556
14.74,25.99,40.7,47.69,52.6,119.43,159.79,21.6,88.21,15.1,87.7,21.5,3942.6,27.2,334.4,-0.0085,0.0448,0.837,0.489,1,0,1,0,1,1.0
1.12,2.85,4.91,6.4,8.15,17.74,34.3,1.61,15.86,12.9,79.3,7.0,403.2,5.19,246.0,0.0232,-0.0052,0.436,0.871,0,3,2,1,0,0.0206
1.8,2.98,3.91,6.14,8.11,10.06,14.21,2.26,8.91,15.0,51.7,13.4,1650.2,17.01,236.0,0.039,0.0256,0.355,0.826,2,5,2,1,0,0.0346
0.25,0.6,1.15,1.64,2.25,2.93,5.41,0.27,2.87,26.7,63.7,13.5,344.8,7.99,200.0,0.016,-0.0448,0.342,0.381,7,7,2,1,0,0.0183
0.11,0.18,0.39,0.58,0.88,2.11,3.57,0.14,1.73,20.7,69.8,24.0,924.8,19.35,105.4,0.0881,0.0333,0.358,0.691,3,2,3,2,0,0.0225
1.45,3.22,6.42,7.29,9.21,15.38,20.62,2.01,12.22,22.3,50.7,10.4,1001.9,15.2,223.5,0.0014,-0.0102,0.311,0.767,3,0,4,1,0,0.0171
10.01,21.81,36.77,46.9,73.22,90.09,140.55,10.63,83.29,10.6,89.9,37.6,1996.8,24.1,147.7,0.0656,-0.0511,0.661,0.784,3,2,2,1,1,0.9967
1.08,2.88,3.48,5.7,7.23,12.35,17.8,1.59,10.07,15.1,28.7,25.1,1164.5,18.21,52.3,-0.0323,-0.0011,0.3,0.391,0,3,1,0,1,0.0936
1.78,3.92,6.49,9.75,13.47,29.56,56.76,2.46,26.3,-3.0,46.6,20.7,469.1,23.76,248.3,0.0029,-0.0146,0.461,0.764,2,5,1,0,0,0.336
1.9,4.63,6.13,6.75,7.68,18.23,35.56,2.7,16.14,19.5,65.9,22.7,745.1,19.59,46.6,-0.0606,0.1162,0.46,0.589,0,6,4,2,0,0.0817
7.06,18.51,35.95,54.69,71.16,150.2,300.03,9.06,137.46,27.7,79.1,9.4,661.2,32.73,68.6,0.045,0.0218,0.95,0.302,1,6,4,0,1,1.0
4.14,6.97,9.24,11.03,16.42,25.53,48.24,4.64,24.19,12.3,57.4,18.8,4088.3,30.31,294.4,-0.006,0.079,0.411,0.563,4,3,1,0,0,0.6748
1.15,1.9,2.52,3.01,3.75,9.32,17.99,1.17,8.14,14.6,85.1,15.9,3201.1,12.45,237.6,0.0179,0.0566,0.369,0.479,3,3,1,2,1,0.0818
3.77,6.25,10.7,18.73,20.71,28.94,48.44,4.65,26.59,18.3,93.8,24.4,4066.2,31.44,227.2,-0.0157,0.0019,0.506,0.429,8,0,4,0,0,0.4793
1.25,2.4,3.46,6.15,9.62,16.15,24.78,1.3,13.6,9.2,95.6,1.4,1874.9,23.14,150.6,0.0293,-0.0222,0.437,0.728,0,1,3,1,0,0.0696
1.53,3.07,4.43,6.5,7.17,11.93,19.69,1.67,10.42,15.0,50.7,1.2,1205.2,34.31,142.7,0.0199,-0.087,0.332,0.873,2,6,3,0,0,0.053
0.63,0.97,2.09,3.17,3.91,7.19,13.37,0.77,6.51,17.4,51.9,5.4,3362.9,10.49,248.5,-0.0497,-0.0435,0.359,0.931,4,3,3,1,0,0.0084
0.96,1.75,2.62,3.62,5.62,7.59,13.48,1.21,7.24,7.6,73.6,13.4,1404.0,8.97,266.4,-0.0468,0.0331,0.348,0.608,1,2,4,2,0,0.0142
2.21,3.33,7.06,12.13,14.18,28.32,33.24,2.77,20.35,1.3,14.8,26.7,1292.4,9.08,183.7,-0.0014,-0.0151,0.253,0.656,0,0,2,0,0,0.036
1.9,3.33,4.77,6.99,10.69,21.7,34.55,2.4,17.8,25.0,54.8,15.9,1014.9,39.43,348.9,0.033,0.0188,0.363,0.36,2,0,2,1,1,0.7898
0.29,0.59,1.24,2.17,3.42,6.11,8.92,0.34,4.96,17.4,54.2,13.4,588.2,34.67,344.1,0.0931,-0.1015,0.401,0.874,2,2,1,0,0,0.1368
0.41,1.01,1.42,1.78,2.51,3.34,4.51,0.53,2.84,10.2,81.2,23.2,1114.3,30.3,148.5,0.0151,0.0227,0.325,0.434,8,5,3,1,0,0.0765
1.27,3.55,4.88,5.69,7.2,15.77,22.45,1.5,12.07,22.3,58.8,12.1,1524.6,8.36,295.4,0.0504,0.0548,0.378,0.838,2,0,5,2,0,0.0097
9.02,15.87,23.45,42.01,52.69,126.79,179.03,11.18,94.9,25.2,83.4,18.4,2847.1,30.48,195.6,-0.0806,-0.0888,0.801,0.57,5,0,2,1,1,0.9999
2.08,5.02,8.14,11.77,13.76,22.82,28.69,2.4,17.7,9.9,43.0,10.6,309.6,8.7,184.2,0.1006,0.0186,0.441,0.77,5,3,5,2,0,0.0203
0.43,0.84,1.19,1.81,2.81,4.24,6.63,0.46,3.7,18.4,89.6,15.1,923.6,2.92,19.8,0.0303,0.0672,0.396,0.522,0,1,3,0,0,0.0052
0.59,1.54,2.8,3.75,5.61,13.68,27.1,0.63,12.16,18.8,44.4,10.3,3407.4,15.02,206.6,-0.0025,0.084,0.22,0.463,3,0,2,0,1,0.0328
0.69,1.33,2.22,2.65,3.21,4.43,5.99,0.96,3.73,35.3,64.9,21.5,659.7,17.25,324.2,-0.0082,-0.0252,0.356,0.86,1,0,3,0,0,0.0089
0.84,1.61,2.79,4.72,6.77,12.34,15.89,1.11,9.43,15.7,64.2,10.7,1472.0,36.95,280.8,-0.0554,0.039,0.399,0.656,0,2,2,0,0,0.2467
11.86,26.04,48.56,58.33,81.45,171.23,289.85,11.98,143.78,20.1,92.4,11.7,3638.3,10.39,283.1,-0.0411,0.0715,0.95,0.966,5,2,1,0,1,0.9998
0.03,0.08,0.13,0.19,0.22,0.28,0.37,0.04,0.24,12.2,57.5,10.9,692.9,54.98,57.6,0.0955,0.0201,0.328,0.389,1,6,1,0,1,0.9779
0.23,0.46,0.59,1.0,1.22,2.74,4.79,0.23,2.31,16.4,71.2,10.7,393.4,21.08,129.0,-0.0495,0.0643,0.328,0.307,1,2,1,1,0,0.1222
1.2,2.12,3.29,5.14,6.0,12.43,20.63,1.28,10.37,24.4,61.8,2.9,2060.8,17.87,84.0,-0.0504,-0.0018,0.369,0.607,1,3,4,2,0,0.0335
1.0,2.41,4.13,6.5,8.9,19.31,37.28,1.04,17.26,18.4,37.3,1.2,1305.0,17.82,113.7,-0.0351,0.0197,0.377,0.515,1,0,4,0,0,0.0335
4.54,12.08,16.66,21.01,25.15,37.04,48.76,5.38,30.25,7.8,64.6,16.1,2388.1,8.94,208.6,-0.0599,-0.0311,0.429,0.876,2,3,2,1,0,0.1216
0.09,0.22,0.38,0.55,0.88,1.36,2.55,0.09,1.29,10.3,45.4,22.3,3385.8,15.74,131.3,0.0008,-0.0082,0.314,0.646,2,3,3,0,0,0.0083
0.53,1.39,1.85,2.08,2.58,6.43,11.2,0.61,5.31,27.9,80.2,9.3,619.2,21.94,201.9,0.0544,0.0217,0.356,0.705,2,0,3,0,1,0.0183
2.26,3.48,5.41,6.18,9.03,15.05,22.53,2.47,12.56,24.3,53.8,28.8,2459.9,30.81,157.9,-0.0305,-0.0348,0.34,0.706,6,3,3,1,0,0.1041
4.88,7.83,15.97,25.64,32.39,39.9,54.43,6.83,34.92,14.6,56.1,34.7,2147.9,15.39,103.2,-0.0687,-0.0112,0.495,0.487,1,0,2,0,0,0.47
7.74,19.57,24.4,40.27,51.5,85.52,112.63,8.23,67.56,14.6,53.3,30.9,647.9,20.97,34.3,0.0146,0.038,0.654,0.803,0,2,1,0,1,0.9747
0.52,1.05,1.3,1.56,1.96,3.32,4.97,0.54,2.76,30.2,65.8,11.5,2639.6,28.38,321.1,-0.0028,0.1026,0.288,0.869,0,3,2,0,0,0.0233
1.36,2.83,4.53,8.0,9.24,21.7,30.57,1.53,16.3,22.5,64.6,20.2,1185.6,15.13,4.1,0.0501,-0.1025,0.423,0.427,3,3,3,0,0,0.0507
4.75,9.57,20.24,24.12,37.71,58.89,97.02,5.55,52.18,17.9,52.0,20.1,2074.5,31.85,0.6,-0.0227,0.0988,0.572,0.713,2,6,4,0,1,0.8236
5.68,9.76,17.7,24.68,36.76,82.03,120.03,6.71,63.38,17.6,71.0,42.3,391.4,25.48,297.6,-0.013,-0.013,0.635,0.651,7,6,1,0,1,0.9861
2.96,8.06,15.21,18.82,22.94,30.79,40.23,3.0,25.78,33.6,84.4,26.4,1957.3,29.25,358.9,-0.0075,0.0482,0.489,0.312,3,4,3,2,1,0.7583
0.66,1.61,2.83,3.3,4.14,7.72,14.04,0.79,6.89,11.9,44.1,13.3,1321.8,5.89,261.8,0.0045,0.0581,0.226,0.452,0,5,1,1,0,0.0244
1.98,3.81,7.52,13.36,17.65,30.51,45.71,2.25,25.23,21.9,64.8,8.9,3462.9,16.16,5.5,-0.0196,0.0782,0.43,0.834,0,0,4,0,0,0.0384
21.03,47.72,76.72,107.96,160.57,260.89,408.27,26.86,223.49,20.7,82.9,10.9,286.5,13.15,81.6,-0.0277,-0.0364,0.95,0.755,2,1,3,1,1,1.0
1.29,2.81,5.49,7.3,11.23,24.81,42.44,1.43,20.74,15.7,26.8,3.7,1787.2,5.02,349.9,-0.0925,-0.0113,0.395,0.835,3,0,3,2,0,0.0295
0.84,1.79,3.82,5.08,7.54,14.95,19.54,1.17,11.26,10.3,44.1,6.1,1952.5,44.99,291.1,-0.0283,-0.0027,0.313,0.268,0,0,4,0,1,0.3777
2.79,7.68,11.86,14.77,23.27,56.68,79.83,3.8,42.27,16.1,74.1,15.4,3058.8,30.42,204.0,0.0358,-0.0179,0.635,0.544,3,1,2,0,1,0.9431
8.33,17.38,28.0,49.78,73.71,123.02,159.61,8.69,96.46,35.7,92.7,20.9,2433.3,7.33,85.3,0.0425,0.0659,0.802,0.594,5,5,2,1,1,0.9889
0.39,0.9,1.23,1.78,2.16,2.93,4.93,0.44,2.72,23.4,87.7,3.2,2818.9,37.63,5.2,-0.0236,-0.0038,0.435,0.245,3,2,4,1,0,0.2785
1.82,3.35,4.41,6.49,8.37,12.62,23.62,2.18,11.99,31.2,38.3,11.9,3274.8,18.51,7.5,0.065,-0.0809,0.278,0.847,3,3,4,1,0,0.0176
2.57,5.07,9.89,15.8,23.24,48.53,71.12,2.81,38.05,22.1,42.6,15.2,3628.1,24.22,220.3,-0.0014,-0.0317,0.496,0.561,4,1,1,1,1,0.8204
7.47,16.78,30.01,41.58,48.36,99.31,125.63,9.06,73.16,16.3,88.8,13.1,1352.6,13.37,7.9,-0.0669,-0.0789,0.722,0.136,0,3,5,0,1,0.91
0.53,1.42,2.73,3.54,4.29,8.67,15.44,0.73,7.53,21.9,55.9,21.4,2282.8,31.73,357.7,-0.0826,-0.0114,0.372,0.745,1,4,2,0,0,0.0854
0.37,1.03,1.41,1.84,2.93,6.26,12.5,0.38,5.72,23.5,72.4,9.4,3536.4,18.14,66.0,0.0609,0.0336,0.381,0.477,0,1,2,3,0,0.1016
0.45,1.14,2.24,3.01,4.31,5.77,7.39,0.46,4.8,14.2,51.3,39.8,4156.2,24.94,255.9,-0.0187,-0.0327,0.254,0.787,0,6,2,1,0,0.0321
0.43,1.1,1.67,2.51,2.99,4.71,6.16,0.61,3.76,17.0,49.0,13.7,3741.5,33.52,55.8,-0.0607,-0.0202,0.355,0.515,6,0,5,0,0,0.0254
0.97,1.61,2.93,4.93,5.65,10.99,19.84,1.26,9.68,15.3,60.1,11.0,1591.6,26.71,194.4,-0.113,-0.0137,0.389,0.564,1,6,2,0,0,0.109
0.5,1.34,2.74,3.48,5.51,9.73,13.88,0.57,7.83,5.5,73.1,17.7,859.9,15.2,29.0,-0.0198,0.007,0.368,0.728,3,0,5,2,0,0.0119
34.96,95.56,173.49,261.76,353.21,656.84,1165.28,52.23,579.15,23.8,80.1,24.3,2081.0,18.2,276.0,0.0202,0.0258,0.95,0.725,3,2,3,1,1,1.0
0.08,0.15,0.2,0.33,0.44,0.64,0.9,0.11,0.54,11.9,53.9,22.3,3127.8,29.75,210.6,-0.0349,0.0404,0.319,0.752,3,7,1,3,0,0.1433
27.34,59.05,100.39,180.31,270.15,538.39,953.38,37.16,467.49,20.1,82.1,17.7,2094.2,2.12,31.0,-0.0527,0.1128,0.95,0.892,2,3,3,1,1,1.0
2.55,5.14,7.47,12.96,18.59,30.42,53.17,3.69,27.41,33.4,47.7,6.5,2055.2,16.35,305.5,-0.0275,0.0062,0.439,0.369,2,2,4,1,1,0.1684
2.79,6.9,12.09,18.77,25.89,57.97,105.97,3.32,50.05,7.6,92.8,33.0,3528.7,19.1,196.9,0.0622,0.0368,0.751,0.414,2,3,3,2,1,0.9124
1.34,2.28,2.91,5.13,6.23,12.24,22.34,1.39,10.83,11.3,68.2,33.4,1549.8,22.42,331.8,-0.0696,-0.0794,0.307,0.723,6,1,1,3,0,0.1728
0.76,1.85,4.05,7.11,9.8,24.46,28.49,1.13,16.67,15.1,65.8,11.2,3618.1,13.38,330.0,-0.0321,-0.019,0.365,0.676,0,0,2,0,1,0.0354
0.46,1.21,2.2,2.49,3.41,6.72,11.47,0.53,5.74,26.5,50.0,2.8,1738.2,18.01,331.4,0.0605,-0.0135,0.392,0.467,0,1,2,0,0,0.0404
0.06,0.1,0.16,0.25,0.28,0.36,0.54,0.08,0.32,8.9,54.8,17.0,1412.2,21.0,28.0,0.0247,-0.0509,0.256,0.77,2,0,1,2,0,0.0374
6.97,12.54,19.37,30.14,40.7,60.37,107.07,7.37,56.11,17.4,46.0,11.2,1934.1,20.8,43.5,0.009,-0.0268,0.579,0.777,1,6,2,1,1,0.8942
0.72,1.2,2.13,3.36,4.7,7.19,13.98,0.85,6.94,15.3,70.1,12.0,3214.2,20.41,355.6,-0.0324,-0.0054,0.404,0.436,2,5,3,0,0,0.0394
0.7,1.79,3.34,5.87,8.61,10.61,15.77,0.8,9.61,21.9,56.7,14.5,572.9,15.47,175.5,0.0015,-0.0252,0.338,0.747,8,1,2,1,0,0.0321
0.76,1.16,1.67,2.17,2.99,7.15,9.18,1.13,5.13,20.9,44.1,31.9,865.1,21.53,85.8,-0.0269,0.1301,0.286,0.624,4,4,2,0,0,0.0284
2.25,5.99,10.49,13.27,18.32,36.91,60.8,2.36,30.84,10.3,36.9,8.9,3998.5,36.49,277.1,-0.043,0.0256,0.416,0.428,5,0,2,3,1,0.9367
1.61,3.54,7.29,10.46,14.47,32.64,39.84,1.63,23.19,13.9,32.6,20.9,778.3,18.17,95.1,-0.054,0.1001,0.372,0.325,2,0,5,0,0,0.0498
24.16,43.01,86.46,113.49,140.19,275.14,345.26,31.37,204.17,18.5,94.9,18.5,2406.1,21.38,261.8,0.0392,0.0746,0.95,0.773,1,4,3,2,1,1.0
0.12,0.2,0.27,0.36,0.56,1.29,2.52,0.14,1.15,3.5,57.2,25.5,2454.2,17.99,301.4,-0.003,-0.032,0.343,0.595,4,1,4,2,0,0.0148
10.32,17.55,27.79,35.39,49.86,100.48,123.25,12.82,73.39,22.8,91.9,32.9,2081.9,35.51,282.3,0.0157,0.0019,0.666,0.395,4,0,2,0,1,0.9998
1.34,2.47,4.91,7.71,11.12,14.53,23.9,1.62,13.5,11.3,55.6,9.7,2725.7,16.38,98.7,0.0076,-0.0217,0.324,0.69,2,3,1,1,0,0.0835
3.98,6.38,9.63,15.54,21.01,26.01,47.1,4.03,25.63,28.2,48.8,8.4,1003.8,11.22,144.6,0.022,-0.0081,0.375,0.847,5,7,4,0,0,0.0343
2.17,5.5,10.82,12.65,14.84,26.37,40.6,2.44,21.94,21.0,43.5,3.9,2343.5,27.22,148.8,-0.0127,-0.0488,0.472,0.252,7,2,4,0,1,0.2832
3.55,6.59,12.58,20.87,24.63,50.13,88.03,5.09,43.16,13.6,88.5,19.0,1594.5,15.93,176.9,-0.0241,-0.0221,0.615,0.875,2,1,2,0,0,0.4019
4.22,6.41,8.87,11.42,15.19,34.95,56.5,5.75,28.18,18.3,89.2,14.8,2795.9,26.43,60.3,-0.0408,0.018,0.54,0.793,1,1,3,1,1,0.3568
1.1,2.8,5.31,6.33,9.72,22.97,45.9,1.52,20.62,17.9,62.0,11.6,636.1,14.5,162.9,-0.0707,0.0167,0.539,0.442,2,3,1,2,0,0.3795
21.15,47.84,97.45,138.37,160.58,364.06,426.51,30.9,253.85,15.6,96.1,29.4,2419.1,9.76,183.9,-0.0561,0.0127,0.95,0.759,8,3,1,1,1,1.0
7.87,12.13,25.56,39.09,52.83,70.67,92.47,9.28,59.27,16.7,85.1,21.9,818.9,18.49,191.4,-0.0183,-0.003,0.55,0.804,1,5,4,3,1,0.8679
2.27,4.07,5.88,9.44,10.58,23.08,37.26,2.61,18.79,11.8,54.7,29.8,1206.4,7.82,295.2,-0.0802,0.043,0.448,0.586,3,6,5,1,0,0.019
3.68,7.06,15.51,23.59,36.23,59.93,93.52,5.22,51.04,19.3,74.4,11.7,957.6,22.16,186.2,-0.0691,-0.0129,0.577,0.511,3,5,2,0,1,0.8898
0.7,1.92,3.24,5.69,7.01,16.21,19.2,1.03,11.31,14.3,47.4,28.6,808.8,29.01,83.1,0.0521,0.0696,0.271,0.641,1,3,3,1,0,0.0629
32.05,65.84,95.57,106.49,135.84,308.75,491.92,46.11,247.71,26.5,77.1,3.5,3476.7,46.78,238.7,0.0112,-0.0924,0.95,0.919,2,2,3,2,1,1.0
2.68,6.42,12.33,21.44,25.34,51.85,62.13,3.57,37.36,2.6,73.4,10.9,1235.7,14.15,287.0,-0.0226,0.0328,0.525,0.615,1,3,3,2,0,0.3357
1.25,3.15,6.02,9.71,12.2,29.17,50.23,1.3,24.12,19.6,51.2,4.7,3897.6,12.31,115.0,0.1136,0.0244,0.403,0.825,5,3,2,2,1,0.0916
0.98,2.13,3.86,6.78,8.79,16.75,28.25,1.09,14.33,20.3,62.9,12.4,4075.2,28.65,232.3,-0.0824,-0.0337,0.459,0.753,3,0,3,2,0,0.1606
0.48,0.78,1.05,1.34,1.59,2.4,2.78,0.7,1.85,14.2,61.2,5.3,2420.7,27.61,52.9,0.0488,-0.0178,0.376,0.962,4,2,3,0,0,0.0139
1.15,3.13,3.85,4.75,5.9,12.08,18.36,1.55,9.67,14.4,69.7,13.6,643.5,28.54,123.1,-0.0056,0.0232,0.355,0.63,0,0,1,1,0,0.2253
11.34,23.65,45.76,82.27,118.65,171.9,299.11,13.96,159.28,24.7,89.2,13.8,1604.4,47.15,327.3,0.0393,0.0458,0.95,0.778,0,5,3,4,1,1.0
0.96,1.64,2.55,3.6,5.52,12.09,22.01,1.27,10.45,14.3,81.2,42.0,3360.6,19.12,328.1,0.0054,-0.0875,0.403,0.46,5,1,3,2,0,0.0829
2.85,7.11,9.23,11.92,16.97,39.77,45.05,4.13,27.15,6.4,54.0,3.3,1574.7,52.13,207.1,-0.0936,0.0314,0.417,0.564,2,4,2,0,1,0.9809
2.8,7.42,15.8,26.15,41.35,85.41,129.87,3.8,68.29,19.1,58.5,10.2,411.1,15.63,252.8,0.0048,-0.0229,0.532,0.634,0,1,2,0,0,0.8433
8.17,20.03,42.59,62.86,76.87,141.25,280.92,9.93,132.44,17.2,93.0,14.0,2360.7,12.91,307.4,0.0168,0.0563,0.95,0.556,0,4,3,1,1,0.9998
1.18,2.46,4.54,6.96,8.91,21.73,31.41,1.75,16.41,21.2,53.3,6.9,3557.3,12.23,345.1,-0.1096,-0.092,0.39,0.512,2,0,1,0,0,0.0754
4.15,11.53,16.64,18.94,23.96,53.35,84.33,5.62,42.8,23.4,88.3,40.0,3353.1,11.79,176.4,0.0972,0.1223,0.575,0.615,0,4,4,1,0,0.2628
0.89,1.44,3.15,4.94,6.74,12.13,16.61,1.24,9.54,14.2,74.2,17.1,776.8,48.33,202.2,0.0156,-0.0443,0.429,0.744,2,0,1,3,1,0.9358
0.18,0.3,0.43,0.68,0.99,1.89,2.17,0.19,1.36,23.0,58.4,9.8,2842.0,34.54,149.6,0.0336,0.0715,0.311,0.482,3,2,4,1,0,0.0474
3.96,7.36,8.91,10.65,12.85,27.39,52.41,5.22,24.45,2.2,79.6,18.9,965.1,46.08,25.9,-0.0583,-0.0035,0.44,0.853,2,0,4,1,0,0.5356
0.79,1.32,2.76,4.48,6.77,12.0,20.02,1.11,10.37,15.4,63.2,14.7,955.6,5.67,152.2,0.0345,-0.0409,0.385,0.6,6,2,5,2,0,0.0104
3.14,6.54,9.13,10.49,13.32,22.96,36.07,4.13,19.42,15.8,76.9,10.7,3677.4,8.66,284.6,0.0545,0.0133,0.547,0.537,0,4,2,1,0,0.0964
3.35,7.62,13.94,16.24,21.63,50.34,92.12,3.49,43.19,20.0,56.9,12.3,1086.1,15.97,289.8,0.0127,0.0515,0.586,0.561,2,4,1,2,1,0.8136
1.63,3.08,4.43,6.81,10.34,17.27,21.28,1.68,13.26,21.1,80.6,17.1,1142.5,14.62,321.3,-0.0005,-0.0776,0.391,0.547,0,0,3,1,1,0.0433
12.31,18.95,31.22,54.99,69.5,173.09,325.77,14.45,149.04,9.6,81.2,8.0,52.7,21.44,18.5,-0.0447,0.0351,0.95,0.514,5,2,2,0,1,1.0
0.11,0.25,0.4,0.57,0.81,1.33,2.2,0.15,1.17,10.7,53.1,19.2,3663.3,19.38,189.8,-0.0108,-0.0006,0.393,0.565,6,5,1,1,0,0.0615
0.69,1.55,2.44,2.96,3.94,8.57,14.88,0.97,7.24,15.6,86.3,13.5,3339.3,10.25,38.7,-0.0256,0.0289,0.421,0.426,2,3,4,1,0,0.0153
14.56,38.31,58.16,94.32,116.65,217.14,360.15,20.0,185.15,17.5,82.2,8.9,2653.4,13.72,72.3,0.0286,0.0005,0.95,0.874,1,0,1,0,1,1.0
21.74,35.52,43.17,65.3,86.46,110.35,203.13,22.04,108.63,11.1,81.2,8.8,3163.6,16.48,324.1,-0.0425,-0.0286,0.914,0.874,1,1,3,2,1,0.9997
0.14,0.29,0.4,0.72,1.06,2.38,4.32,0.16,2.05,22.7,45.2,23.4,681.0,9.31,178.8,0.0282,-0.0557,0.243,0.801,5,2,4,0,0,0.0029
1.33,2.39,5.24,6.28,9.01,20.56,33.19,1.88,16.59,28.0,81.0,6.8,1952.0,17.69,273.1,-0.0419,0.0336,0.4,0.245,3,0,1,1,1,0.3403
1.65,2.69,3.25,5.32,7.85,17.04,31.63,1.99,14.92,17.6,19.8,20.8,1507.6,9.69,23.2,-0.0131,0.0334,0.29,0.684,5,3,4,1,0,0.0162
0.38,0.71,0.91,1.16,1.46,3.5,6.32,0.38,2.97,17.8,58.8,23.8,439.2,17.41,150.1,0.0308,0.0331,0.276,0.41,0,3,2,0,0,0.0248
0.05,0.13,0.16,0.28,0.41,0.53,0.82,0.07,0.48,17.4,59.7,17.6,2067.4,11.17,242.7,-0.0352,0.0214,0.256,0.429,2,0,2,0,0,0.0112
0.03,0.06,0.1,0.16,0.21,0.33,0.4,0.04,0.26,20.3,54.7,17.5,3871.1,30.42,48.0,0.0325,0.0472,0.371,0.916,3,2,1,2,0,0.0897
0.67,1.79,2.22,3.15,4.31,10.69,20.11,0.71,9.21,18.3,42.9,14.5,216.2,23.67,117.3,0.0276,0.0703,0.318,0.782,5,4,3,0,0,0.0218
26.49,63.59,110.42,124.92,192.3,356.88,513.14,32.95,284.81,23.2,85.7,8.8,1259.6,23.36,23.2,-0.0135,-0.0938,0.95,0.552,2,1,2,2,1,1.0
1.27,2.06,3.15,4.97,7.25,11.24,20.65,1.3,10.51,5.0,62.0,17.2,911.3,27.37,234.5,0.0581,-0.1171,0.52,0.44,1,0,5,0,0,0.0564
0.43,0.77,1.6,2.28,3.33,5.57,10.0,0.63,5.06,23.2,57.6,18.8,1038.3,24.34,349.5,0.0039,0.0859,0.305,0.58,6,3,3,0,0,0.0252
0.62,0.96,1.49,2.47,3.34,8.09,9.52,0.69,5.57,30.0,59.6,18.8,3820.0,30.52,297.7,0.0551,-0.0671,0.287,0.882,0,0,4,0,0,0.0127
0.63,1.05,2.11,3.42,4.75,10.16,13.67,0.9,7.62,10.9,72.1,8.4,1992.5,20.46,350.9,0.0897,-0.0543,0.355,0.774,2,4,1,1,0,0.0616
4.02,9.79,18.65,30.28,44.73,60.73,112.03,5.54,58.85,1.5,53.9,18.1,1985.1,27.17,304.4,-0.0121,-0.0144,0.599,0.248,2,6,3,2,1,0.9919
2.97,5.04,10.94,13.35,14.71,22.52,36.57,3.66,19.92,12.9,40.0,2.2,3206.4,22.98,307.9,0.0322,-0.0827,0.297,0.551,0,7,3,0,0,0.096
1.57,2.95,4.85,6.81,8.9,11.93,16.59,1.7,10.24,17.4,69.1,16.6,691.1,22.89,207.8,-0.0319,-0.0191,0.383,0.842,2,2,2,1,0,0.0607
2.68,6.39,13.77,19.68,24.6,57.09,70.93,3.87,40.61,16.0,92.4,20.0,2072.2,7.49,186.6,-0.0516,-0.0474,0.462,0.507,3,3,4,0,0,0.1077
0.12,0.28,0.52,0.85,1.05,1.75,2.61,0.13,1.46,17.9,60.1,23.9,1834.4,10.38,146.3,-0.0098,-0.0117,0.348,0.819,2,5,5,0,0,0.0022
0.66,1.76,2.78,3.85,5.83,14.41,24.0,0.72,11.64,17.9,56.2,16.2,2527.2,21.56,294.5,-0.0681,0.014,0.424,0.927,1,0,1,1,0,0.0778
32.63,63.12,106.67,181.96,243.52,602.86,854.35,36.22,449.53,14.1,84.4,15.0,4198.2,12.27,65.5,-0.0469,-0.0172,0.95,0.763,4,0,4,1,1,1.0
1.94,3.83,7.39,9.55,10.75,22.13,36.31,2.22,18.37,13.2,55.2,12.1,3243.2,18.18,20.2,0.0296,-0.0197,0.446,0.746,8,1,5,2,0,0.0403
0.04,0.06,0.12,0.22,0.35,0.74,1.35,0.04,0.64,22.9,66.9,7.9,1701.1,14.01,341.2,-0.0257,0.0129,0.332,0.58,4,5,2,1,0,0.0172
0.32,0.61,0.98,1.13,1.33,2.45,3.29,0.49,1.9,10.4,87.8,5.3,3484.3,14.32,1.4,0.0355,0.0522,0.342,0.241,4,2,2,0,0,0.0298
83.21,216.3,463.51,671.13,883.73,1540.22,1818.39,110.81,1148.95,8.4,86.4,12.4,758.4,19.32,351.7,0.015,0.0801,0.95,0.914,6,2,4,0,1,1.0
0.67,1.12,1.89,2.85,4.04,6.85,8.64,0.7,5.29,26.0,48.5,6.6,176.4,16.23,262.4,0.0926,-0.0109,0.31,0.347,4,3,5,1,0,0.0134
0.92,1.82,3.59,5.06,7.0,16.82,22.1,0.96,12.18,23.5,65.7,5.6,898.5,37.27,118.3,0.0262,0.0912,0.37,0.573,8,2,5,1,0,0.0838
0.59,1.54,3.26,4.83,6.36,10.94,13.31,0.61,8.29,16.2,67.8,9.2,1462.7,7.98,251.2,0.0557,0.0438,0.402,0.655,3,0,1,0,0,0.0199
9.12,16.29,23.13,38.05,47.66,116.92,171.34,11.24,88.74,22.9,74.7,15.6,2168.9,25.35,294.4,0.0201,-0.0616,0.803,0.535,3,2,4,1,1,0.9966
3.01,5.14,7.2,8.78,12.15,26.96,37.57,3.61,20.39,17.8,76.1,17.3,2602.8,27.97,88.3,0.0156,-0.0631,0.525,0.487,3,3,3,1,0,0.4166
0.13,0.19,0.36,0.64,0.98,1.47,2.13,0.18,1.24,36.3,77.3,13.6,3829.0,38.59,277.5,0.0582,-0.0289,0.359,0.716,6,3,2,1,1,0.1479
0.52,1.4,2.57,3.53,4.3,7.08,10.08,0.62,5.8,16.4,76.4,8.9,2165.9,19.58,289.6,0.0334,0.0722,0.278,0.773,3,3,4,1,0,0.0112
0.46,1.22,2.48,3.81,4.31,6.0,7.94,0.57,4.99,33.1,57.9,3.4,2130.3,26.53,89.8,0.0105,-0.0251,0.439,0.704,4,2,4,2,0,0.0425
12.58,21.95,38.23,53.87,68.89,96.65,162.05,16.58,88.79,20.0,97.6,13.3,258.5,37.02,15.1,0.0103,-0.0946,0.802,0.522,1,6,3,1,1,1.0
3.34,8.43,16.25,24.69,36.38,69.89,92.09,4.67,53.23,11.6,47.1,11.3,194.9,13.38,73.5,0.0269,-0.0114,0.55,0.562,6,2,2,0,1,0.6406
2.57,7.11,9.74,15.66,24.99,39.01,75.6,3.61,37.4,15.5,75.0,2.5,2337.3,11.21,72.2,-0.0336,-0.099,0.548,0.64,2,2,2,0,1,0.26
3.49,6.63,11.56,16.82,23.98,58.27,80.82,4.77,43.17,15.5,48.9,7.8,1868.4,20.06,23.5,-0.0357,-0.0527,0.548,0.384,0,4,2,1,1,0.8126
0.36,0.85,1.03,1.21,1.64,2.75,5.38,0.45,2.61,16.7,52.7,13.2,3532.6,16.68,261.4,0.0713,-0.0294,0.354,0.575,4,4,3,1,0,0.0179
20.25,35.79,67.36,89.8,102.23,128.91,163.84,29.76,108.97,16.7,88.0,16.2,716.8,26.81,136.8,0.0932,0.0075,0.723,0.507,2,3,4,0,1,0.9999
0.48,1.09,2.37,3.95,5.02,6.8,8.0,0.58,5.46,13.5,71.9,14.4,153.6,8.29,318.4,-0.0464,0.0512,0.45,0.657,0,0,2,1,0,0.0169
1.18,2.28,3.14,4.7,5.3,8.9,12.26,1.45,7.15,17.9,53.0,14.5,1913.5,35.78,90.8,-0.0334,0.0347,0.349,0.567,1,1,4,2,1,0.119
1.67,3.84,5.13,8.37,10.96,20.66,28.71,2.38,16.18,24.7,30.4,13.1,1035.5,21.65,163.2,0.0571,-0.059,0.353,0.445,0,0,2,1,0,0.1776
8.03,19.03,31.84,54.82,73.75,91.02,166.36,9.4,90.16,14.9,94.9,20.7,255.9,16.41,230.0,0.0267,-0.0186,0.838,0.786,0,1,1,0,1,0.9981
0.55,1.34,2.21,3.11,3.85,6.34,11.39,0.66,5.78,10.6,60.2,35.8,3057.1,18.91,315.9,0.0338,0.0038,0.287,0.786,2,2,1,2,0,0.0532
1.5,4.01,6.59,8.87,10.07,21.76,27.58,1.66,15.86,29.3,92.9,7.3,513.1,31.44,188.9,0.0448,-0.0131,0.507,0.822,5,4,2,0,0,0.2266
1.03,1.7,2.53,2.98,3.92,5.22,10.08,1.04,5.2,28.4,61.9,26.7,2574.5,24.58,134.5,-0.012,-0.0135,0.432,0.747,2,2,3,0,0,0.0281
2.65,4.92,6.58,8.49,13.45,18.12,25.71,3.62,15.66,16.5,42.3,8.2,1216.4,18.71,312.1,0.0165,-0.0861,0.388,0.864,3,0,1,1,0,0.1156
0.08,0.14,0.3,0.42,0.53,0.86,1.71,0.08,0.83,24.8,63.8,37.8,770.0,16.91,111.7,0.0126,-0.0576,0.318,0.817,4,1,3,2,0,0.0128
9.01,18.62,28.84,34.39,43.23,57.6,113.39,11.38,57.88,21.1,95.3,14.8,1626.0,17.34,28.6,-0.0429,-0.0201,0.686,0.642,2,2,3,0,1,0.8886
1.77,3.65,5.86,6.91,8.12,13.77,18.53,2.63,10.92,17.5,63.3,15.2,3376.0,26.22,160.2,0.0158,-0.1547,0.464,0.436,3,3,5,0,0,0.0474
3.02,5.85,9.49,13.39,18.45,39.41,59.35,3.93,31.15,18.5,61.7,29.8,1677.2,16.16,282.6,0.0619,0.032,0.442,0.579,2,5,1,0,0,0.3323
2.8,7.78,10.34,14.06,19.24,47.68,88.7,2.84,40.83,15.9,70.5,26.2,3165.7,25.18,11.1,-0.0167,-0.0686,0.535,0.622,3,7,3,0,1,0.5129
0.24,0.61,0.85,1.44,1.86,2.34,3.21,0.33,2.04,14.2,55.3,18.9,570.8,11.41,210.9,0.0076,0.0343,0.302,0.865,1,5,2,0,0,0.0066
1.54,2.49,3.02,3.38,5.23,10.21,15.36,2.13,8.22,19.9,33.9,16.5,3257.0,12.54,214.0,0.0103,0.0299,0.347,0.304,7,2,2,1,0,0.0567
13.88,28.07,47.65,77.86,89.32,133.35,169.8,16.15,107.05,24.6,84.6,13.2,1033.3,18.6,334.3,-0.0142,-0.0272,0.792,0.295,0,3,1,2,1,1.0
1.78,4.66,8.17,10.18,15.89,28.22,43.66,1.82,23.53,26.9,52.2,5.2,2861.2,16.84,103.1,0.0338,0.05,0.396,0.636,2,0,1,1,0,0.219
0.71,1.21,1.72,2.95,3.85,9.58,12.9,0.81,6.97,22.4,79.8,10.3,2398.0,12.96,100.4,-0.034,0.0372,0.396,0.817,1,0,1,1,0,0.0293
0.17,0.37,0.59,0.77,0.9,2.24,2.7,0.18,1.55,19.4,66.7,1.5,3906.0,9.64,158.6,0.0666,-0.0154,0.339,0.703,3,0,1,3,0,0.0308
1.49,3.73,7.05,10.47,14.47,28.78,49.57,1.73,24.65,10.1,48.8,11.4,1657.4,11.9,128.5,0.0313,-0.0211,0.388,0.729,2,0,1,2,0,0.1665
1.36,2.2,3.21,4.1,5.9,8.35,11.87,1.9,7.12,31.3,41.6,8.3,324.6,40.3,265.1,-0.0468,0.0549,0.341,0.779,1,0,3,3,0,0.235
57.02,146.11,228.99,317.92,394.13,729.34,1151.35,82.99,608.11,24.9,84.4,13.9,129.5,12.94,231.0,0.0849,0.0116,0.95,0.526,1,5,3,0,1,1.0
7.01,11.53,21.95,27.81,42.22,96.56,154.37,8.47,77.51,20.2,91.8,30.5,3481.5,4.54,273.2,0.0084,0.0522,0.796,0.627,0,2,2,0,1,0.8508
1.03,2.17,3.9,5.3,5.86,11.41,18.61,1.5,9.56,5.9,68.2,7.8,2227.7,19.37,295.2,-0.0361,-0.1194,0.437,0.613,4,4,1,0,1,0.0942
69.23,189.98,324.14,552.79,704.46,1502.54,2694.89,98.96,1295.92,5.7,93.4,3.4,3267.3,12.93,332.3,0.0552,0.0049,0.95,0.598,1,6,2,0,1,1.0
14.8,32.0,66.19,105.0,161.58,355.88,621.34,18.19,300.86,19.0,87.4,14.9,1022.9,15.95,155.1,0.0247,-0.0789,0.95,0.58,4,7,2,0,1,1.0
0.07,0.18,0.23,0.3,0.44,0.78,1.39,0.1,0.7,11.5,61.4,10.8,1482.1,29.48,354.5,-0.0886,-0.0013,0.315,0.578,2,6,5,2,0,0.0206
2.27,6.13,10.57,17.95,21.76,45.07,82.51,2.86,39.51,3.4,58.5,10.6,174.9,16.63,77.6,-0.0263,0.0357,0.555,0.643,0,3,3,0,1,0.2784
3.41,7.02,13.34,15.16,20.11,27.4,39.88,4.57,23.86,11.3,76.1,11.4,4040.2,15.58,257.2,0.014,0.087,0.467,0.78,0,2,1,2,0,0.3049
1.5,4.07,6.01,9.58,11.82,20.06,36.39,1.5,18.25,18.7,69.1,4.7,2821.7,13.37,192.2,-0.108,-0.0469,0.423,0.269,5,2,2,0,0,0.1162
3.05,4.93,7.34,11.29,15.09,28.11,40.0,4.03,22.31,14.7,83.0,16.9,3922.8,16.27,294.1,0.0043,-0.0263,0.477,0.674,3,4,2,0,0,0.1215
0.35,0.68,1.16,1.58,2.4,5.15,7.59,0.46,4.02,17.5,57.4,26.6,1151.8,22.96,171.6,0.0079,-0.0048,0.321,0.538,0,5,2,0,0,0.0381
3.47,9.19,14.17,19.67,22.14,39.91,76.31,4.02,36.81,17.0,69.1,19.0,2587.6,6.12,282.2,-0.0592,-0.0487,0.519,0.891,3,7,3,3,0,0.1827
3.02,6.61,10.73,14.65,17.91,43.81,74.82,4.26,35.93,35.7,87.2,4.9,2865.8,8.8,334.9,0.0135,0.0489,0.505,0.481,4,3,3,0,0,0.1428
0.5,1.22,2.31,3.58,3.99,6.27,8.3,0.56,5.04,21.1,90.5,18.0,1367.8,23.25,263.6,0.0004,-0.0035,0.405,0.363,1,2,3,0,0,0.0527
0.64,0.99,1.55,1.97,3.14,4.5,7.64,0.82,4.14,27.2,55.5,5.2,3569.7,19.2,279.4,-0.0596,0.0061,0.324,0.577,2,7,4,0,0,0.011
1.86,4.4,5.4,9.71,11.45,16.69,20.67,2.33,13.35,10.7,61.8,18.7,3980.7,13.76,24.2,0.046,0.031,0.398,0.424,1,7,1,0,0,0.1017
12.58,32.78,42.39,46.71,57.97,97.5,130.12,15.51,77.19,21.4,92.1,11.8,3722.1,23.94,73.8,0.0419,-0.0036,0.781,0.873,0,2,1,1,1,0.9986
1.48,3.52,6.0,8.56,13.06,24.69,28.41,1.49,17.85,27.4,83.6,17.1,3117.1,15.15,350.7,-0.0145,-0.0409,0.477,0.583,2,3,4,1,0,0.0441
0.51,1.4,2.98,3.76,5.1,8.19,14.02,0.76,7.33,15.4,61.5,20.0,1201.5,29.25,249.5,-0.0099,-0.0032,0.319,0.743,4,4,2,0,0,0.055
0.04,0.11,0.16,0.21,0.33,0.77,1.51,0.06,0.69,17.1,61.9,5.6,1218.7,13.44,202.1,0.0363,-0.0428,0.428,0.739,2,2,3,0,0,0.0068
2.55,4.88,5.97,10.17,14.19,29.97,58.14,2.58,26.99,16.8,77.0,15.6,4047.9,11.25,132.1,-0.01,0.0054,0.557,0.625,2,4,4,0,1,0.0513
0.07,0.12,0.24,0.33,0.48,0.75,1.36,0.08,0.7,11.9,68.3,30.0,92.7,58.8,16.0,-0.0965,0.0498,0.326,0.754,2,0,5,1,0,0.1913
5.49,12.73,25.09,31.36,44.18,96.88,120.54,6.4,69.82,19.7,86.3,8.2,3021.6,26.28,132.9,0.0243,-0.0587,0.697,0.825,2,2,3,0,1,0.9453
1.37,2.23,4.62,6.27,9.21,17.96,33.4,1.61,16.06,7.6,81.6,35.5,2980.9,12.13,179.6,-0.0407,-0.0766,0.391,0.411,1,2,4,1,1,0.0366
0.87,1.74,2.89,3.83,4.73,9.88,10.9,1.1,6.85,7.5,61.8,7.3,2634.2,15.21,76.1,-0.0195,0.0025,0.34,0.572,3,3,3,1,0,0.0223
1.98,4.09,5.21,7.59,9.61,23.3,44.85,1.99,20.4,17.5,28.0,12.8,4159.0,13.48,62.3,0.0729,-0.0384,0.362,0.776,0,0,1,0,0,0.0658
1.89,4.31,5.81,10.04,14.08,21.39,37.07,2.07,19.54,25.6,60.0,22.8,1344.3,7.01,183.0,-0.0067,0.0016,0.405,0.466,4,0,5,1,0,0.0233
0.74,1.33,2.87,4.56,6.98,16.72,21.03,0.8,11.88,24.8,43.3,8.1,1460.9,15.73,210.9,0.0001,0.016,0.339,0.623,0,6,4,0,0,0.0138
0.36,0.98,2.01,3.41,4.14,8.74,14.06,0.41,7.15,9.7,40.2,36.8,377.6,20.24,86.4,0.0255,-0.1072,0.309,0.492,3,1,4,0,0,0.016
25.35,69.08,124.8,163.6,258.24,380.01,632.44,36.13,343.5,6.9,84.2,13.6,1887.6,36.32,211.5,0.0253,0.0345,0.95,0.632,2,1,2,1,1,1.0
10.87,24.75,30.98,34.72,45.96,109.44,146.8,11.1,80.15,33.7,98.5,4.3,1133.4,17.7,324.1,-0.046,-0.0585,0.795,0.408,4,4,5,1,1,0.9678
7.91,18.77,23.77,32.17,37.56,66.58,124.23,9.05,60.85,16.6,81.0,12.9,1475.1,14.46,170.3,-0.003,-0.0011,0.563,0.716,4,2,2,0,1,0.8167
0.68,1.29,1.78,2.84,4.36,6.4,10.0,0.99,5.63,6.4,35.3,13.5,3513.5,38.62,308.7,0.0018,-0.033,0.272,0.322,1,4,3,1,0,0.2247
26.22,48.07,89.36,115.55,180.71,279.56,449.52,37.07,245.52,14.7,90.1,21.6,3932.3,34.45,333.8,0.0136,-0.0276,0.95,0.695,3,2,1,3,1,1.0
5.95,11.01,23.92,30.94,46.77,100.39,190.5,7.75,89.09,15.2,38.5,31.9,820.8,20.17,33.3,0.0145,0.0847,0.717,0.824,0,4,2,0,1,0.9887
0.8,1.62,2.88,3.35,4.42,10.72,18.11,0.9,8.75,22.7,54.4,20.0,1595.9,19.16,34.5,0.1294,0.016,0.337,0.505,0,2,2,0,0,0.0444
2.34,6.35,12.94,16.12,25.33,38.24,62.37,3.11,34.02,28.2,90.9,17.6,3903.8,22.82,171.4,-0.0588,0.0452,0.534,0.815,6,6,3,1,0,0.3378
4.21,8.01,15.75,25.41,32.17,76.94,93.36,5.91,53.83,24.0,52.8,4.7,306.5,13.35,211.7,0.049,0.0075,0.398,0.656,0,1,4,0,0,0.3004
0.31,0.58,0.84,1.23,1.4,1.8,2.86,0.36,1.66,27.6,43.7,21.8,433.3,18.75,153.3,0.0592,0.031,0.251,0.613,1,1,2,2,0,0.0312
9.74,18.73,33.4,38.3,48.72,66.36,127.58,10.0,65.54,22.7,88.8,5.8,725.6,13.06,117.5,0.0246,0.0209,0.667,0.643,0,7,4,0,1,0.8099
1.82,3.29,6.27,11.27,14.46,24.17,39.77,2.72,21.04,14.8,81.9,15.7,2520.1,35.03,230.8,-0.0325,0.0127,0.471,0.915,2,3,4,0,0,0.1266
0.74,1.81,2.75,4.12,6.18,12.14,16.47,0.87,9.31,9.1,29.4,6.0,674.5,11.57,0.7,0.0832,0.0554,0.326,0.973,6,4,4,0,0,0.0049
5.94,12.03,21.79,26.34,38.4,74.71,137.92,8.46,66.6,25.4,53.0,48.9,4067.5,20.99,348.5,-0.1096,0.0078,0.631,0.63,1,1,3,1,1,0.9465
3.02,6.38,8.48,9.61,13.56,17.06,25.43,3.32,15.37,19.2,57.7,5.2,1903.9,21.52,83.5,-0.0342,0.1143,0.362,0.595,2,2,4,1,0,0.0604
7.74,18.82,37.65,56.11,67.12,83.7,98.04,11.06,68.93,13.2,48.2,2.1,2131.3,36.5,330.2,0.0586,0.048,0.591,0.451,2,1,4,0,1,0.9955
1.2,2.81,4.25,5.42,8.13,16.72,25.67,1.75,13.44,6.9,73.2,12.3,1073.6,14.36,39.2,-0.0185,-0.057,0.48,0.527,1,1,3,0,0,0.0373
0.38,0.76,1.15,1.47,1.64,2.91,5.2,0.49,2.6,20.6,76.0,24.2,2004.5,12.76,85.7,0.0798,-0.0088,0.402,0.748,2,2,4,0,0,0.0049
0.49,0.75,1.45,2.1,2.54,4.63,8.93,0.69,4.28,12.6,65.1,22.7,2796.9,25.55,84.6,-0.0756,0.0199,0.403,0.546,2,7,2,0,0,0.0698
2.35,6.26,12.42,17.69,24.32,30.13,51.17,3.39,28.84,16.5,45.1,14.0,3167.4,23.85,358.6,-0.0556,0.0022,0.437,0.599,2,0,3,0,0,0.2636
0.67,1.11,2.14,2.9,3.87,9.68,17.96,0.95,8.27,23.9,77.5,5.4,3178.6,46.64,1.7,-0.0266,0.0343,0.395,0.621,5,0,1,1,1,0.8582
0.36,0.94,1.44,2.41,3.48,6.84,12.13,0.53,5.96,13.8,20.3,12.0,2448.2,20.36,230.3,0.0209,0.0399,0.273,0.582,0,0,4,0,0,0.0117
3.82,9.46,20.06,27.68,41.42,98.94,125.05,4.32,70.5,17.1,82.4,25.9,3803.1,34.67,313.1,-0.0111,-0.068,0.75,0.798,0,4,1,0,1,0.9991
8.69,22.45,40.3,56.99,87.33,146.33,290.58,9.21,139.79,7.8,91.2,50.3,3442.2,32.74,242.0,-0.0245,0.0641,0.95,0.532,8,2,2,1,1,1.0
0.13,0.34,0.53,0.82,1.29,2.49,2.87,0.18,1.79,15.4,47.2,21.2,3191.7,12.72,130.6,0.071,-0.0248,0.297,0.725,3,1,2,1,0,0.0123
1.25,1.96,3.03,4.84,6.67,11.69,15.74,1.87,9.19,9.3,46.3,1.1,280.8,7.66,345.0,0.0757,-0.0298,0.306,0.392,4,4,1,0,0,0.0323
1.2,2.48,3.17,4.31,6.0,8.13,14.53,1.3,7.76,22.0,56.4,37.3,78.5,15.88,321.7,-0.0207,-0.03,0.369,0.806,3,1,5,1,0,0.0084
0.82,1.3,1.77,2.6,3.58,6.33,7.72,1.11,4.77,12.3,60.9,9.0,931.7,28.68,156.2,-0.0855,0.0404,0.326,0.819,2,1,5,0,0,0.0092
0.89,1.7,3.14,4.56,7.07,10.64,17.15,1.13,9.42,18.8,41.3,34.5,2803.6,36.81,206.4,-0.1079,-0.0134,0.292,0.518,3,0,4,0,0,0.0713
0.37,0.63,0.95,1.63,2.42,3.73,6.22,0.42,3.33,12.8,64.4,11.7,1756.5,1.79,348.3,0.012,-0.0332,0.329,0.322,0,0,2,1,0,0.0118
23.37,52.63,76.73,106.81,144.06,313.89,539.49,31.7,263.77,11.1,87.8,8.2,1720.0,11.52,353.7,0.0328,-0.0212,0.95,0.406,4,0,1,0,1,1.0
1.0,2.3,2.77,3.94,5.69,9.35,11.63,1.33,7.24,10.6,38.7,15.9,3721.0,22.82,161.9,0.0031,-0.0897,0.231,0.673,2,1,1,3,1,0.1248
5.37,12.02,24.58,36.94,46.26,100.21,128.94,6.49,73.48,11.9,82.9,4.7,3766.6,26.1,305.0,-0.0035,-0.0421,0.678,0.755,7,2,4,0,1,0.9297
36.87,66.03,97.18,152.15,180.01,446.08,540.45,37.18,309.63,15.7,91.6,6.2,3823.1,10.55,108.7,-0.0402,-0.062,0.95,0.449,3,0,2,2,1,1.0
21.74,39.53,59.59,65.58,73.69,119.64,150.05,30.76,93.22,25.8,82.1,5.2,1352.6,13.03,133.9,0.0327,-0.0135,0.752,0.316,0,0,4,2,1,0.9991
3.55,6.75,14.81,23.05,30.13,45.4,83.97,3.95,42.89,17.2,66.0,12.1,2917.9,6.68,59.3,0.0839,0.0332,0.453,0.613,2,0,4,1,0,0.1777
0.87,1.48,2.49,3.0,3.86,8.41,10.11,1.17,5.98,15.2,61.2,11.7,1177.3,40.95,75.3,-0.1108,0.0277,0.413,0.67,0,1,2,1,0,0.3977
0.92,1.9,3.3,5.89,8.71,16.96,24.78,1.38,13.48,20.4,74.0,10.6,841.0,21.07,236.5,-0.0039,0.0628,0.434,0.459,3,0,3,1,0,0.0997
0.67,1.61,2.03,2.74,3.71,8.29,9.23,0.98,5.68,22.8,61.0,3.4,816.2,12.94,183.9,-0.0485,0.0517,0.366,0.593,2,0,2,1,0,0.0256
3.17,8.07,13.79,19.82,23.5,33.03,59.04,3.94,31.24,24.8,38.3,5.5,1469.7,33.5,83.2,-0.0745,-0.0264,0.498,0.837,2,7,2,0,0,0.6284
0.92,1.4,2.28,2.62,3.01,6.17,12.1,0.96,5.62,29.6,48.0,0.8,1834.3,21.06,145.0,-0.0565,0.001,0.341,0.603,7,2,3,1,0,0.0305
0.01,0.01,0.03,0.05,0.05,0.11,0.16,0.01,0.09,18.7,52.4,4.3,3498.4,36.47,134.3,0.019,-0.0016,0.194,0.701,7,4,4,2,0,0.0262
4.11,9.5,16.36,20.83,23.1,31.74,43.62,4.13,26.93,18.4,83.9,14.9,547.5,39.1,355.4,0.0202,-0.1076,0.468,0.471,7,4,5,1,1,0.5635
5.48,11.48,23.76,31.23,35.52,49.73,80.38,6.34,44.96,3.7,54.3,11.5,3099.9,10.57,307.3,0.073,-0.0609,0.525,0.64,1,3,1,0,1,0.5585
0.85,1.65,3.23,4.96,7.33,17.75,21.62,1.16,12.41,27.4,42.5,14.1,2255.5,34.53,139.7,0.0004,-0.0084,0.285,0.964,3,3,2,0,0,0.0616
0.86,2.16,2.62,2.9,4.31,6.23,10.23,1.2,5.62,17.4,96.2,22.6,1245.0,33.87,329.0,-0.0879,-0.0086,0.462,0.449,7,3,3,2,1,0.3362
10.03,21.45,46.61,83.59,106.79,223.49,356.53,12.92,182.38,29.1,89.7,7.4,2095.2,23.97,123.3,-0.0119,0.0256,0.95,0.611,2,3,2,2,1,1.0
0.34,0.77,0.97,1.42,1.58,3.02,4.41,0.39,2.41,19.6,56.1,12.7,1294.8,24.96,240.4,-0.0693,0.0232,0.365,0.46,1,6,2,0,0,0.0596
0.19,0.37,0.46,0.77,0.9,2.05,3.55,0.2,1.71,14.0,36.0,4.6,2523.7,20.29,348.0,-0.0603,-0.0885,0.227,0.652,4,0,4,3,0,0.0184
2.38,4.49,6.78,11.77,15.93,20.16,32.04,2.97,18.63,35.2,59.9,20.7,1850.5,9.4,140.5,0.029,0.0259,0.493,0.927,5,1,4,0,0,0.0152
1.09,2.97,4.82,5.31,8.43,10.28,19.11,1.42,10.3,12.7,68.8,18.3,732.3,8.95,244.8,0.0097,0.0089,0.45,0.969,3,0,3,0,0,0.0083
0.51,1.23,1.76,2.46,2.85,6.21,10.89,0.76,5.28,16.6,72.2,7.8,533.8,41.8,106.5,0.0294,0.0312,0.376,0.922,1,4,4,3,1,0.1076
3.88,7.48,12.7,21.87,25.75,60.3,97.83,5.77,48.55,6.8,62.5,16.5,2318.8,21.04,95.9,-0.0179,0.0533,0.594,0.606,0,2,2,0,1,0.7899
10.25,28.7,62.22,98.61,128.43,259.83,360.01,14.45,199.91,13.6,94.8,23.5,3795.0,16.47,206.7,0.0395,-0.0071,0.95,0.572,3,6,4,0,1,1.0
4.14,6.5,11.41,18.45,25.98,44.13,49.68,4.38,32.54,4.6,50.8,7.7,1477.4,25.76,352.5,-0.0207,0.0623,0.361,0.744,2,2,1,1,0,0.554
0.44,0.91,1.19,1.77,2.29,4.06,5.82,0.64,3.27,6.9,44.6,1.8,3092.0,12.66,163.1,0.0558,-0.0445,0.328,0.928,3,2,5,1,0,0.0035
3.02,8.38,17.7,31.57,44.61,98.59,177.05,3.68,84.52,16.2,57.9,33.2,2783.4,14.86,337.5,0.0172,-0.0473,0.699,0.843,0,2,5,1,1,0.8405
10.74,28.66,37.54,44.01,49.85,93.23,177.33,11.19,85.09,23.9,82.5,6.1,3916.0,19.23,329.2,-0.0103,0.0214,0.811,0.362,0,3,4,1,1,0.995
2.17,4.53,7.5,12.82,15.25,31.93,59.57,2.93,28.21,8.8,97.2,6.8,3457.1,13.82,91.4,0.0106,-0.0184,0.52,0.689,2,4,3,0,0,0.0912
2.55,6.19,10.29,16.21,18.4,44.77,64.13,3.46,33.66,17.8,58.9,20.5,2401.4,24.45,144.7,-0.0009,0.0131,0.498,0.678,1,1,3,0,1,0.298
2.46,4.88,9.4,13.95,21.44,33.39,37.62,2.59,25.26,15.9,59.9,1.8,2776.7,17.64,231.6,0.0798,0.0996,0.45,0.524,3,3,1,0,0,0.3105
2.84,6.02,11.32,17.75,26.61,37.34,72.57,2.93,36.79,4.9,61.8,18.5,3778.3,24.36,186.5,0.0123,0.0197,0.427,0.896,2,0,1,1,0,0.5679
5.61,13.13,23.85,39.32,48.5,111.78,191.74,8.3,92.85,24.2,82.0,16.2,1708.0,25.57,34.5,-0.0001,0.0106,0.883,0.913,3,2,2,2,1,0.9992
5.3,10.53,19.33,23.77,35.11,73.9,113.18,7.08,59.06,27.0,86.5,15.8,1406.2,33.07,357.7,-0.0119,-0.0435,0.557,0.81,4,2,1,2,1,0.9913
0.37,0.93,1.82,2.29,3.44,6.29,11.33,0.42,5.61,18.8,68.1,8.2,94.9,15.9,271.0,0.0422,-0.085,0.406,0.941,0,5,3,2,0,0.0165
0.11,0.22,0.3,0.38,0.58,1.13,1.34,0.14,0.82,13.2,61.2,12.3,3480.2,10.43,157.6,0.0354,-0.0036,0.299,0.338,6,5,2,0,0,0.0137
0.48,0.85,1.86,2.49,3.28,7.82,9.21,0.64,5.41,-1.8,71.7,7.5,3374.1,56.38,222.5,-0.0137,0.0533,0.409,0.661,4,2,2,1,1,0.9333
2.98,5.46,9.52,14.25,22.58,55.19,95.83,3.69,45.66,17.1,60.4,21.3,483.5,36.47,31.5,-0.0578,-0.0161,0.477,0.931,3,0,1,0,1,0.886
22.72,60.76,116.76,202.89,313.7,381.09,442.4,25.07,315.67,25.9,88.2,7.7,2444.0,6.33,178.3,-0.0451,0.0201,0.95,0.628,6,4,3,1,1,1.0
0.83,2.05,3.64,4.65,6.77,14.5,16.59,0.85,10.14,10.2,70.8,6.9,1975.5,60.68,335.1,-0.0092,0.0713,0.384,0.523,1,0,3,1,1,0.9799
0.95,2.53,5.24,7.8,8.7,21.47,37.54,1.33,17.8,17.9,56.9,10.9,542.6,13.37,322.8,0.0674,0.0701,0.311,0.418,2,2,2,0,0,0.0592
33.28,90.18,161.17,287.47,422.18,609.31,1076.82,43.36,569.3,16.9,88.3,11.2,4119.4,17.74,121.5,-0.0125,0.0214,0.95,0.584,0,0,1,1,1,1.0
9.91,15.03,19.47,30.64,43.33,62.1,91.38,10.11,53.54,25.3,86.2,13.2,941.0,9.47,191.3,-0.0297,0.0085,0.577,0.414,2,1,3,1,1,0.7498
7.43,13.0,26.96,37.75,59.37,80.93,117.55,10.53,70.4,21.4,90.1,33.0,329.0,20.11,251.1,-0.088,-0.0759,0.752,0.66,2,3,1,0,1,0.9955
1.73,3.47,4.52,5.21,6.91,12.11,18.14,2.15,9.98,11.6,57.1,20.7,2518.6,13.76,122.4,0.0757,-0.0315,0.392,0.9,3,1,4,0,0,0.0083
0.48,0.85,1.47,1.95,2.72,6.02,8.62,0.59,4.61,18.7,67.3,2.9,3116.3,9.66,23.4,0.0285,-0.014,0.454,0.685,0,6,3,0,0,0.0079
0.77,1.22,1.7,2.26,3.13,5.95,8.93,0.79,4.81,31.4,100.0,41.0,184.6,8.34,182.0,0.0398,-0.0426,0.376,0.622,0,3,2,1,0,0.0155
0.77,2.09,2.76,4.34,4.83,8.22,10.42,1.13,6.35,20.2,57.5,20.3,2783.7,12.07,216.6,0.0481,0.0124,0.389,0.772,2,3,4,1,0,0.0089
0.58,1.53,2.02,2.47,2.98,5.79,9.41,0.62,4.84,15.5,63.7,40.7,2259.0,27.0,2.1,-0.0082,0.0956,0.351,0.743,0,1,1,3,0,0.1787
2.4,4.2,8.67,12.53,14.92,24.71,38.69,3.17,21.07,21.3,63.5,10.1,478.5,24.57,34.4,0.0042,0.0759,0.405,0.718,4,0,3,0,0,0.107
1.17,2.49,3.85,5.32,6.79,12.63,21.46,1.24,10.9,8.6,51.9,21.5,766.0,10.79,74.6,0.0744,0.0122,0.37,0.688,3,3,3,0,0,0.0135
1.23,3.41,5.3,6.35,7.86,14.25,18.01,1.67,10.82,14.7,57.8,3.4,2407.1,15.51,125.3,0.009,0.039,0.393,0.869,1,3,1,0,0,0.035
0.41,0.94,1.77,3.05,3.84,9.19,10.85,0.55,6.36,19.6,47.7,19.3,1279.9,30.37,194.8,0.0294,-0.0364,0.338,0.376,0,2,3,1,0,0.1168
0.83,1.82,3.7,5.68,6.46,12.24,22.34,0.86,10.91,13.8,66.0,22.8,3944.0,15.84,105.8,0.0435,0.0732,0.383,0.315,0,2,3,1,0,0.0578
0.63,1.3,2.63,4.13,4.86,9.99,19.11,0.69,8.98,18.6,63.7,25.1,3447.8,36.96,99.4,0.0321,-0.0781,0.335,0.84,3,2,5,0,0,0.0219
3.57,5.95,11.0,15.14,20.49,32.48,40.75,4.94,25.48,19.7,53.5,12.9,4131.8,53.02,313.0,-0.0064,0.0456,0.441,0.51,8,3,3,1,1,0.9853
0.06,0.1,0.18,0.31,0.42,0.7,1.03,0.08,0.58,19.3,62.0,10.3,1127.6,12.15,52.2,-0.0017,0.0248,0.346,0.565,1,3,2,1,0,0.0155
0.29,0.76,1.38,2.42,2.78,6.86,12.02,0.34,5.69,22.5,53.4,13.2,4074.4,13.06,178.4,0.0389,-0.0378,0.338,0.504,4,3,4,1,0,0.0123
1.62,2.94,5.98,6.68,9.37,18.66,29.33,1.99,15.27,19.4,57.0,11.4,1839.6,39.83,343.0,0.0388,-0.0104,0.286,0.758,5,6,2,0,0,0.2126
5.72,10.6,16.37,23.16,36.81,58.52,94.23,6.51,51.07,24.6,84.1,10.8,1492.2,15.68,225.0,0.0584,-0.0567,0.571,0.44,0,3,4,1,1,0.6617
1.88,3.16,4.54,7.12,9.23,11.93,16.79,2.79,10.41,10.8,46.9,37.7,259.0,31.46,258.2,0.0276,-0.0546,0.3,0.658,6,0,4,3,0,0.1142
0.07,0.14,0.2,0.33,0.39,0.78,0.94,0.08,0.56,22.2,74.3,6.7,269.0,20.98,155.2,0.0298,-0.0796,0.438,0.748,2,3,3,0,0,0.0129
3.21,7.44,13.41,22.15,35.39,46.3,90.95,3.34,46.7,17.3,44.3,9.9,2921.8,16.85,7.2,-0.0223,0.0384,0.485,0.654,7,3,2,2,1,0.7222
4.01,8.83,12.69,22.67,30.91,43.59,77.11,4.49,40.99,21.8,51.1,17.8,1950.4,26.27,232.6,-0.0291,0.0603,0.581,0.733,2,0,3,0,0,0.6273
2.28,3.53,4.69,7.65,9.34,13.84,19.22,2.83,11.54,24.1,47.3,20.3,990.1,40.1,227.5,0.039,-0.1081,0.406,0.663,1,2,5,3,1,0.2202
0.29,0.61,1.32,1.56,2.4,4.89,8.52,0.34,4.19,9.6,53.0,15.0,2598.0,34.07,39.8,-0.0287,0.0919,0.29,0.88,7,3,3,0,0,0.0239
2.33,4.77,7.53,9.12,10.61,18.29,26.55,2.89,14.92,23.8,91.0,39.4,1099.4,18.32,166.4,-0.001,-0.0006,0.361,0.245,1,3,4,1,0,0.0804
0.57,1.05,2.2,3.89,4.64,9.97,12.72,0.76,7.3,17.7,76.3,9.3,2447.2,21.31,329.5,0.069,0.0145,0.315,0.528,5,5,2,0,0,0.0428
0.25,0.58,1.1,1.23,1.82,2.71,4.64,0.29,2.48,14.6,87.7,12.2,1540.7,31.59,73.8,0.061,-0.0736,0.433,0.683,0,4,2,0,0,0.0917
0.13,0.35,0.53,0.73,1.13,2.66,3.91,0.16,2.04,10.9,69.4,18.9,3467.7,22.0,166.0,0.0151,0.066,0.32,0.361,3,0,2,0,0,0.0447
0.07,0.17,0.23,0.33,0.43,0.64,0.77,0.1,0.5,8.3,29.3,17.9,3455.9,43.15,166.0,-0.0148,0.01,0.201,0.172,2,3,2,0,1,0.3449
2.77,4.8,9.81,12.57,14.27,17.74,24.84,4.02,15.64,17.0,62.2,19.0,2031.0,4.15,291.9,-0.0062,0.0569,0.41,0.267,7,2,2,2,0,0.0885
2.78,6.52,13.64,21.97,31.03,55.45,80.51,3.82,44.85,16.2,49.5,12.4,1505.9,12.54,296.8,0.0434,0.061,0.454,0.952,0,1,4,0,0,0.1204
0.05,0.09,0.12,0.2,0.3,0.4,0.58,0.05,0.35,24.0,53.4,15.5,1554.6,25.14,273.3,-0.0018,0.0667,0.347,0.575,2,0,1,1,0,0.0863
1.89,4.17,7.62,13.49,18.39,32.25,52.06,2.51,27.51,19.2,56.6,30.0,3393.7,14.6,131.6,-0.0279,-0.0324,0.426,0.584,3,0,3,0,0,0.0952
0.44,1.21,2.13,3.79,4.91,12.08,18.04,0.64,9.25,14.0,90.8,26.8,1411.9,40.78,25.9,0.0608,-0.0104,0.45,0.382,7,0,2,1,0,0.8301
12.79,35.34,75.22,103.37,148.74,333.36,588.83,17.62,282.61,24.3,86.7,15.6,917.6,13.05,125.8,0.0091,-0.0306,0.95,0.604,1,4,5,1,1,1.0
1.24,3.28,6.06,10.68,14.26,25.67,42.63,1.29,22.07,23.1,39.9,26.7,401.5,20.1,244.7,-0.0289,0.0448,0.422,0.36,2,0,4,1,0,0.1257
0.92,1.82,2.67,3.85,5.73,12.31,19.35,1.2,9.92,25.4,74.0,9.6,1986.8,12.04,253.0,0.0239,0.0166,0.412,0.834,2,1,2,1,0,0.0232
0.31,0.76,1.46,2.45,2.7,4.74,8.46,0.36,4.25,19.9,74.3,12.3,2050.8,17.98,347.4,0.0486,0.0535,0.353,0.37,1,0,3,0,0,0.0241
0.01,0.01,0.03,0.04,0.06,0.07,0.14,0.01,0.07,10.4,53.5,14.4,3539.8,6.1,163.3,-0.0504,0.0556,0.216,0.153,4,3,3,1,0,0.0108
67.36,182.49,282.36,354.96,540.55,1211.32,1577.18,82.12,886.32,15.1,88.3,15.3,968.1,8.07,227.7,-0.01,-0.0864,0.95,0.578,0,0,1,0,1,1.0
3.98,8.33,15.07,22.59,32.55,71.32,129.22,4.28,61.53,20.3,91.0,25.8,1631.1,51.5,194.1,-0.0123,0.0675,0.711,0.837,3,0,3,0,1,0.9996
39.64,88.76,191.92,341.6,472.75,1131.21,1682.91,46.9,868.99,14.3,95.0,19.9,3404.9,19.18,54.2,0.0226,0.0475,0.95,0.809,2,1,1,1,1,1.0
7.67,15.34,30.95,45.45,55.07,74.32,119.68,8.71,67.77,18.2,80.3,9.8,3468.0,15.36,166.0,0.0316,-0.0185,0.644,0.225,1,1,1,0,1,0.9943
0.72,1.46,2.84,4.17,5.73,12.94,23.8,1.01,11.19,35.4,73.7,15.8,1646.1,9.48,196.1,-0.0276,0.0175,0.466,0.561,2,1,2,0,0,0.0254
4.96,9.85,12.57,19.35,29.17,65.7,105.13,6.54,52.92,3.6,43.5,16.6,1955.4,10.5,342.3,-0.0746,-0.0062,0.612,0.469,4,4,5,0,1,0.3215
3.79,8.03,10.6,18.55,28.37,47.45,59.98,4.31,36.78,13.7,38.9,19.3,1308.6,48.39,132.0,0.0516,0.0308,0.394,0.734,2,0,5,3,1,0.825
0.74,1.95,3.53,4.84,6.87,11.84,23.44,1.04,11.23,28.2,74.3,22.4,3920.1,19.84,352.8,-0.056,-0.0186,0.548,0.675,0,0,5,1,0,0.0251
4.26,11.06,13.62,15.34,24.43,42.67,79.22,4.58,39.02,16.9,51.1,13.5,542.4,33.55,195.2,0.0136,0.0239,0.505,0.201,0,1,1,0,1,0.9967
0.14,0.27,0.49,0.6,0.69,1.15,1.38,0.15,0.88,25.6,56.2,4.7,3925.1,2.04,87.3,-0.0066,0.0034,0.236,0.342,4,5,4,0,0,0.0034
0.02,0.03,0.05,0.08,0.12,0.24,0.3,0.02,0.18,22.9,29.5,3.6,2888.0,13.53,69.0,0.0081,-0.0216,0.257,0.712,1,0,4,2,0,0.0073
0.6,1.26,1.71,2.19,2.46,4.6,6.51,0.78,3.64,28.9,75.9,16.6,2256.0,44.71,51.0,0.0826,0.0095,0.353,0.766,6,7,2,1,0,0.2784
0.31,0.46,0.58,0.94,1.43,2.78,4.25,0.31,2.26,6.2,24.3,10.4,185.5,14.12,163.1,0.1519,0.1353,0.282,0.904,3,4,2,1,0,0.0101
1.83,4.52,6.38,8.73,13.0,25.75,32.08,2.47,19.01,16.1,55.6,3.0,2023.7,10.1,7.9,-0.0817,-0.0343,0.343,0.676,2,2,4,1,1,0.0251
1.48,2.22,4.21,4.74,7.14,15.02,22.58,1.63,11.9,24.3,59.0,29.1,1742.2,23.96,160.2,0.0492,-0.0125,0.376,0.517,2,3,1,0,0,0.1809
0.62,1.09,1.81,2.4,3.08,4.88,7.32,0.82,4.13,20.4,94.9,16.1,719.1,7.31,355.8,-0.0078,-0.0334,0.391,0.674,2,2,3,2,0,0.0125
2.1,3.57,4.4,6.11,7.37,10.66,14.19,2.75,8.79,19.3,50.4,4.0,2774.1,6.21,241.2,0.0524,-0.0282,0.346,0.432,6,2,3,1,0,0.02
0.75,1.98,2.52,3.18,3.84,7.24,8.93,0.8,5.38,26.8,57.1,19.1,4080.3,40.82,273.5,0.0479,0.0408,0.36,0.863,2,2,3,0,0,0.0697
24.87,69.62,124.17,220.85,343.22,604.43,751.93,25.43,459.22,14.3,96.9,35.2,2383.1,12.0,42.8,0.0705,0.0358,0.95,0.658,0,3,4,0,1,1.0
3.56,6.01,12.25,21.97,29.9,63.59,117.51,3.63,55.74,13.8,76.8,12.3,3016.2,26.45,170.3,0.0142,-0.0003,0.693,0.728,2,0,2,0,1,0.9426
0.46,1.03,1.85,2.39,2.86,5.55,10.08,0.49,4.91,9.4,67.0,8.6,334.1,49.39,103.0,-0.0445,0.0513,0.353,0.714,3,3,2,2,0,0.5991
0.3,0.78,1.23,2.18,2.49,5.22,5.84,0.38,3.64,14.6,62.3,13.7,1783.3,19.47,321.9,0.0464,0.0397,0.298,0.723,4,3,4,1,0,0.0103
2.74,5.37,8.78,15.31,20.04,29.1,37.69,3.5,23.71,15.4,61.3,11.6,532.9,25.96,65.3,0.0059,-0.0081,0.398,0.585,6,1,3,0,0,0.1966
0.59,1.08,1.73,3.06,3.57,8.89,10.0,0.68,5.97,16.8,36.3,12.3,2593.1,6.16,165.1,-0.0117,-0.0767,0.232,0.261,2,7,3,0,0,0.0107
2.45,4.61,9.66,15.61,19.94,29.87,36.55,2.52,23.58,23.5,96.2,11.6,3944.7,11.32,211.7,-0.0238,0.0415,0.457,0.551,2,0,2,1,0,0.1296
1.57,3.01,4.07,5.86,6.85,11.76,13.75,2.12,8.77,0.7,68.6,23.6,2796.4,44.37,185.1,0.0503,0.0085,0.388,0.415,2,6,2,0,1,0.7676
0.09,0.17,0.27,0.37,0.51,1.08,1.93,0.1,0.93,16.0,43.9,36.1,368.7,15.42,298.9,0.0802,0.0011,0.391,0.763,6,3,3,1,0,0.0103
0.03,0.05,0.08,0.09,0.1,0.13,0.18,0.05,0.11,19.1,45.3,34.4,1521.9,8.22,83.3,-0.0598,-0.0233,0.307,0.473,7,3,1,1,0,0.0176
0.88,2.38,4.26,5.32,6.02,13.69,23.7,0.96,11.45,17.3,77.0,8.4,2335.3,25.23,135.9,0.0311,0.0372,0.462,0.582,7,5,3,1,0,0.1024
3.9,10.42,19.71,31.88,48.09,93.9,148.79,4.12,77.5,23.5,74.0,14.4,1723.3,37.47,285.2,-0.0186,0.0174,0.642,0.611,1,4,2,0,1,0.9991
1.53,3.99,6.85,8.08,9.23,21.63,28.58,2.17,15.78,21.6,84.0,5.4,3509.6,14.14,190.1,-0.0734,-0.0118,0.438,0.422,2,1,3,0,0,0.0489
2.92,7.28,15.96,17.7,28.05,53.43,82.68,3.83,43.84,17.3,73.4,15.8,3430.9,25.27,144.8,0.0074,-0.0613,0.545,0.833,1,3,1,0,1,0.7767
0.07,0.17,0.24,0.4,0.56,0.69,0.9,0.07,0.59,6.1,71.8,6.0,2589.1,30.85,10.6,-0.0417,0.0534,0.331,0.556,2,0,2,0,0,0.0623
8.59,20.76,25.3,34.77,43.36,79.84,112.5,8.95,63.26,19.2,79.1,20.3,1599.9,17.02,271.2,-0.0789,0.0302,0.61,0.355,0,2,4,0,1,0.8627
0.09,0.24,0.46,0.63,0.78,1.84,3.48,0.1,1.6,22.9,68.1,5.6,1109.6,15.6,350.0,-0.0391,0.0128,0.225,0.681,0,6,4,0,0,0.0046
9.64,15.15,21.89,28.24,40.46,62.15,113.98,12.46,58.19,26.7,93.3,17.5,489.4,48.41,223.3,-0.0514,-0.1328,0.635,0.787,2,1,2,1,1,0.9998
0.5,1.25,2.72,4.59,7.04,11.37,16.99,0.73,9.55,28.0,36.2,2.8,1522.8,8.69,308.4,-0.0323,-0.0019,0.307,0.727,2,0,2,1,0,0.018
3.82,10.03,20.1,33.61,45.74,56.82,71.07,5.69,47.98,16.1,31.8,35.0,1764.7,20.48,186.1,-0.0663,-0.0121,0.451,0.751,1,2,3,0,1,0.5381
2.56,5.99,10.94,15.91,23.59,54.39,67.63,2.9,38.76,11.8,72.0,6.9,2854.7,17.86,83.4,-0.0198,-0.0309,0.467,0.731,1,1,3,2,1,0.3289
37.56,97.77,186.19,281.4,441.2,1026.78,1730.67,50.48,843.78,13.0,79.6,41.5,2781.4,17.79,5.2,-0.0357,0.0377,0.95,0.317,3,1,3,0,1,1.0
7.38,13.92,27.83,35.4,49.65,70.06,108.26,10.53,61.96,16.9,100.0,20.7,340.9,29.93,235.2,0.0188,0.0357,0.639,0.752,1,2,1,3,1,0.9983
1.06,2.09,3.95,4.74,6.21,9.18,14.52,1.17,8.1,19.7,70.8,5.1,1690.3,26.27,177.5,0.0297,0.0218,0.387,0.825,3,3,1,0,0,0.0847
0.15,0.35,0.53,0.71,0.82,1.55,1.81,0.19,1.13,16.9,85.4,34.5,804.4,22.38,281.6,0.013,0.0519,0.428,0.398,2,2,1,1,0,0.162
3.01,5.07,8.65,14.22,20.56,30.43,43.86,4.42,25.77,22.0,70.5,11.4,700.8,6.24,250.1,-0.0118,-0.0511,0.42,0.705,4,2,1,0,0,0.0866
5.81,10.16,15.38,26.53,40.48,59.74,85.65,7.08,50.51,14.5,87.8,9.1,3483.3,10.73,355.7,-0.0131,-0.0227,0.709,0.503,0,7,1,1,1,0.8865
0.15,0.43,0.81,1.13,1.26,2.17,2.91,0.2,1.71,17.1,72.8,12.0,223.9,16.34,183.7,-0.0419,0.0037,0.424,0.774,0,7,5,2,0,0.0077
6.17,15.57,18.82,32.52,46.28,89.56,159.41,7.55,78.44,19.5,71.3,35.6,1789.6,20.03,153.8,-0.0406,-0.0311,0.687,0.464,3,3,1,0,1,0.9971
39.02,64.25,101.87,133.05,150.86,186.33,227.42,49.95,156.24,19.3,87.2,2.8,748.0,44.07,103.2,0.0352,0.0364,0.879,0.366,6,0,1,1,1,1.0
4.15,6.85,9.3,12.71,19.98,46.8,84.68,6.09,39.86,25.0,89.2,6.3,3699.2,19.74,171.7,-0.088,-0.0261,0.514,0.427,0,1,2,1,1,0.7411
7.85,15.78,33.91,44.85,58.64,125.5,147.83,8.12,88.86,24.3,96.0,7.3,2361.7,29.14,314.2,-0.004,0.0649,0.731,0.284,0,5,5,2,1,0.998
0.99,2.78,5.34,6.77,8.08,10.62,13.16,1.11,8.77,25.6,58.6,5.1,1010.2,18.26,15.3,-0.0162,-0.0466,0.397,0.753,6,2,5,1,0,0.0121
0.48,1.33,2.27,3.13,3.76,7.33,11.53,0.6,6.03,9.5,69.5,10.9,2135.1,27.85,352.0,0.03,0.1066,0.365,0.561,0,7,3,3,0,0.1227
2.01,4.24,6.12,8.17,9.36,12.84,20.8,2.24,11.69,17.1,73.7,2.2,3085.7,19.08,357.6,-0.0713,0.1015,0.401,0.202,1,2,1,1,0,0.3659
0.51,1.06,1.3,1.62,2.32,4.84,9.54,0.66,4.41,19.4,43.0,20.7,4026.2,9.62,215.2,0.0006,-0.0047,0.286,0.643,6,5,1,0,0,0.0148
0.63,1.44,2.81,4.14,6.37,9.25,15.22,0.68,8.35,19.4,64.0,16.4,964.9,25.88,119.4,0.0171,0.0573,0.461,0.422,4,0,2,1,0,0.2395
1.81,4.26,7.23,11.26,14.54,21.89,35.18,2.49,19.36,15.1,68.3,9.8,3727.7,24.44,80.3,-0.0952,-0.02,0.426,0.869,1,2,1,0,0,0.182
1.27,2.34,3.02,4.89,6.67,15.32,19.45,1.64,11.03,19.4,57.9,10.0,3927.4,7.45,99.5,-0.0537,0.0507,0.356,0.791,7,3,4,0,0,0.0063
0.51,0.88,1.56,2.58,3.18,5.1,6.0,0.61,3.89,21.7,75.0,37.2,3853.1,18.26,18.0,-0.0046,-0.0088,0.387,0.838,2,5,5,0,0,0.0046
3.84,9.84,12.2,17.76,26.43,60.41,109.42,5.27,51.71,9.4,43.9,9.0,2687.0,18.16,171.0,0.0257,-0.0643,0.516,0.433,0,3,1,2,1,0.9387
1.9,3.73,6.09,8.25,11.76,25.7,46.17,2.7,22.08,3.8,81.3,14.2,2663.8,13.19,20.6,0.0091,-0.1766,0.437,0.813,3,0,2,1,0,0.0769
0.54,0.84,1.37,1.76,2.82,4.55,6.75,0.8,3.81,19.7,89.1,24.3,1723.3,9.27,258.7,0.028,-0.0134,0.359,0.693,2,5,5,0,0,0.0032
2.98,7.79,16.07,22.42,34.2,71.71,83.92,4.32,50.88,22.2,58.6,1.3,3172.5,21.58,133.9,-0.054,0.014,0.509,0.728,2,2,3,2,1,0.7042
0.56,1.38,3.02,3.96,4.64,5.61,8.6,0.83,5.18,29.0,56.6,18.6,2254.9,41.78,71.8,-0.0794,0.0665,0.359,0.571,8,0,4,1,0,0.1394
5.57,13.58,18.26,27.1,41.25,80.26,117.24,7.57,63.81,25.8,47.9,6.1,2861.4,27.22,196.1,0.0042,0.0018,0.65,0.778,0,2,5,1,1,0.8577
3.58,8.4,15.98,17.71,19.96,45.44,80.06,3.83,38.36,14.6,65.2,20.6,1828.1,6.78,350.6,-0.0615,0.0501,0.597,0.737,3,3,2,0,0,0.1456
0.77,1.57,3.25,4.65,5.46,12.54,20.28,0.77,10.12,13.8,47.1,19.2,3085.7,40.03,250.2,-0.0433,-0.0227,0.34,0.536,2,2,3,1,0,0.2584
22.43,59.55,97.07,157.04,202.97,407.01,499.43,27.49,297.65,18.9,85.0,25.1,3471.6,36.91,177.0,0.0466,-0.0169,0.95,0.604,1,5,3,0,1,1.0
8.87,17.51,26.73,34.64,41.38,68.62,86.48,11.97,53.26,7.7,85.9,13.3,657.7,13.7,279.7,0.0095,0.0527,0.551,0.668,3,2,3,0,0,0.6593
14.23,26.31,32.09,54.88,68.2,168.01,207.26,16.56,117.69,11.3,88.9,17.2,3506.7,7.11,265.5,-0.0284,-0.1232,0.919,0.66,3,2,2,0,1,0.9974
2.98,6.55,11.55,14.17,20.62,51.28,71.89,4.02,38.01,7.9,57.1,11.4,2292.2,14.03,321.0,-0.0349,0.0006,0.501,0.561,5,0,4,1,1,0.1944
1.49,3.14,4.33,7.16,9.89,12.18,16.47,1.67,10.62,40.9,61.9,5.6,3555.4,14.65,73.7,0.031,-0.02,0.311,0.599,5,2,4,1,0,0.0199
1.22,1.88,2.39,3.87,5.03,7.09,9.45,1.52,5.9,15.7,50.6,8.4,1839.9,7.5,309.2,0.0106,0.068,0.235,0.732,2,0,2,1,0,0.0125
0.62,1.16,1.4,1.93,2.75,6.78,10.2,0.77,5.21,33.0,80.7,17.3,1623.0,21.39,108.4,-0.0607,-0.0264,0.407,0.962,1,0,2,0,0,0.0186
10.01,19.97,43.15,47.52,52.27,130.25,240.53,13.53,110.99,6.1,88.8,11.4,3847.5,11.6,338.8,-0.0974,0.0258,0.93,0.572,2,1,1,1,1,0.9997
1.4,3.54,7.28,8.49,13.07,31.73,43.85,1.86,23.47,23.7,52.7,22.8,1092.4,8.53,101.2,0.0941,0.0461,0.493,0.504,2,0,4,1,0,0.0433
2.53,5.1,11.03,16.38,21.25,27.64,37.71,3.08,23.77,7.6,89.0,23.7,3553.5,16.12,333.7,-0.0611,-0.0746,0.477,0.456,1,0,2,2,1,0.3519
1.66,4.51,9.65,16.89,22.72,46.61,70.79,1.82,37.3,20.9,25.1,23.1,2058.7,41.14,347.0,0.0264,-0.007,0.44,0.959,2,2,2,0,1,0.6948
0.36,0.88,1.61,2.28,2.64,3.39,4.69,0.49,2.94,17.2,44.3,21.5,2183.5,30.17,52.4,0.0755,-0.0216,0.27,0.67,3,0,2,0,0,0.0412
0.23,0.59,1.06,1.73,2.56,4.64,7.66,0.3,3.97,18.7,78.2,15.6,1330.1,23.86,350.8,0.0074,0.0473,0.49,0.458,2,0,3,0,0,0.0552
6.4,17.02,34.83,42.15,67.33,166.36,193.12,6.63,113.44,19.1,56.9,31.5,2428.1,13.74,30.9,-0.03,0.0338,0.789,0.659,7,7,2,0,1,0.9962
3.4,5.97,12.82,21.27,31.55,73.39,95.79,4.2,53.34,21.6,47.4,12.1,1399.6,7.55,78.7,-0.0713,-0.0117,0.548,0.828,1,2,1,1,1,0.4851
1.95,4.96,8.88,11.41,13.34,18.2,32.33,2.53,17.3,10.2,59.6,21.6,213.0,9.39,159.9,-0.072,-0.0524,0.425,0.488,2,2,4,2,1,0.0487
4.01,7.02,9.27,11.0,17.22,32.82,61.68,5.84,29.65,14.8,96.1,8.7,1178.8,29.2,357.7,0.0188,0.0519,0.527,0.9,3,1,1,2,1,0.7789
0.73,1.62,2.15,3.07,4.28,5.92,8.76,1.02,5.17,13.6,78.1,6.3,76.5,11.54,175.9,0.0725,-0.0034,0.344,0.783,3,2,1,0,0,0.0166
0.57,1.08,2.01,2.93,4.49,6.27,8.24,0.59,5.2,10.8,54.4,18.3,4110.2,20.34,198.1,-0.0198,-0.0809,0.314,0.458,0,2,1,1,0,0.0939
0.62,1.32,1.69,2.56,3.36,4.58,6.49,0.88,3.94,16.6,49.7,22.8,4057.9,24.01,250.0,-0.0278,-0.0766,0.346,0.252,1,2,2,2,0,0.1866
0.9,1.6,2.91,4.15,5.15,6.83,12.57,1.06,6.65,24.9,83.3,14.6,1689.9,6.51,348.6,0.0349,0.0219,0.452,0.678,1,1,2,1,0,0.0158
0.63,1.73,3.74,5.21,5.79,8.49,14.07,0.91,7.67,5.7,75.5,18.0,3072.7,18.76,282.0,-0.0343,-0.0638,0.325,0.352,4,3,4,0,0,0.0221
0.38,0.9,1.09,1.68,2.65,6.33,8.79,0.45,4.7,20.0,62.1,22.9,1485.1,22.91,80.7,0.0137,0.093,0.364,0.469,5,6,1,0,0,0.0984
3.65,6.67,9.24,14.86,17.49,29.12,52.36,5.24,26.49,11.6,63.4,19.2,2835.0,46.88,109.1,0.0021,-0.0469,0.4,0.327,1,5,4,0,1,0.8834
2.13,3.86,8.27,11.47,17.1,39.48,58.26,2.4,30.42,7.5,81.3,16.2,3392.5,20.14,35.1,-0.0205,-0.0,0.578,0.746,0,0,1,0,0,0.4271
1.54,2.62,4.43,7.42,9.2,11.49,14.12,1.9,9.62,8.3,53.4,22.6,3979.0,28.44,232.0,-0.0008,0.008,0.381,0.447,1,3,2,3,1,0.3976
0.88,2.2,3.27,4.44,6.15,12.07,15.0,1.13,8.92,16.3,68.9,21.0,1710.9,13.92,65.1,0.0882,-0.0365,0.415,0.863,0,0,4,0,0,0.0076
0.41,0.87,1.27,2.19,3.31,6.47,12.84,0.51,5.99,24.1,82.6,24.7,3300.7,32.3,92.7,0.0302,-0.112,0.433,0.627,1,3,2,1,0,0.202
0.26,0.7,1.45,1.79,2.28,5.46,7.0,0.32,3.91,21.4,37.4,19.8,1153.6,8.16,319.7,0.0546,0.0095,0.336,0.943,1,2,5,2,0,0.0038
0.22,0.34,0.55,0.83,1.09,1.51,2.88,0.24,1.48,19.7,23.0,10.1,4159.9,24.45,117.6,-0.0459,-0.0377,0.335,0.784,2,2,3,0,0,0.0132
4.62,9.91,18.2,31.73,37.18,81.21,147.25,6.67,70.13,23.8,48.2,24.8,156.9,20.67,204.0,0.0548,0.0058,0.663,0.473,1,2,4,1,1,0.9418
4.28,9.13,13.79,17.27,22.63,50.37,71.54,5.37,38.4,26.6,53.8,8.0,2554.6,35.43,143.1,0.032,-0.0061,0.459,0.731,2,3,3,1,0,0.7314
1.66,4.6,8.03,14.37,21.73,40.89,58.08,2.35,32.35,24.6,71.1,3.0,2786.9,24.06,26.7,-0.075,0.0132,0.485,0.258,1,3,2,1,1,0.7849
0.94,2.3,4.58,7.63,11.75,17.55,29.43,1.18,15.86,11.4,49.7,18.0,2905.4,16.58,130.6,0.027,0.0781,0.4,0.664,4,0,1,1,0,0.1216
3.31,7.28,11.2,15.49,21.94,36.12,52.9,4.13,29.94,23.6,54.3,10.5,549.6,32.22,146.9,-0.0257,-0.0273,0.374,0.407,7,3,1,1,1,0.8928
2.02,4.55,7.28,10.5,14.01,26.56,32.09,2.1,19.56,18.7,35.2,8.3,3944.9,23.86,322.5,-0.0773,-0.0234,0.324,0.677,2,4,3,0,0,0.0685
2.2,5.29,8.7,10.12,12.17,22.38,43.91,2.24,20.83,10.9,60.0,11.7,801.9,10.09,116.8,0.0065,-0.0833,0.38,0.731,0,0,3,1,0,0.0402
21.89,58.97,106.08,149.95,199.07,420.04,610.35,26.88,327.27,10.2,78.4,6.5,2634.4,17.21,136.5,0.027,-0.0098,0.95,0.542,1,1,5,0,1,1.0
3.82,6.05,9.1,16.32,24.53,37.6,50.37,3.95,30.58,9.8,43.7,5.7,974.1,9.31,281.8,0.0076,0.0205,0.448,0.634,0,4,4,0,0,0.0608
0.56,0.88,1.46,2.61,3.28,5.2,6.12,0.7,3.98,19.6,64.0,15.6,1324.9,22.83,273.2,-0.0055,-0.0242,0.371,0.403,1,2,4,0,0,0.0228
8.18,14.46,25.27,30.7,46.08,109.5,173.62,9.24,86.9,16.2,80.0,15.4,2317.8,24.25,287.4,-0.0165,0.0208,0.787,0.628,3,3,2,0,1,0.9981
1.33,2.76,4.29,4.76,5.25,11.36,16.82,1.76,8.88,32.0,53.9,11.0,1781.4,43.09,343.4,0.1233,-0.0089,0.351,0.496,2,2,2,0,1,0.5205
0.65,1.27,1.53,1.83,2.33,3.88,7.54,0.77,3.67,17.1,62.7,36.1,714.9,17.0,286.4,-0.0591,-0.0651,0.258,0.796,1,7,1,0,0,0.0183
0.09,0.14,0.2,0.3,0.48,1.02,1.15,0.1,0.71,9.0,90.3,9.7,759.4,15.44,146.7,0.0436,0.0156,0.352,0.356,4,6,3,1,0,0.0206
4.9,11.17,22.52,39.13,60.87,75.1,147.1,7.28,76.86,19.9,74.1,15.9,1785.3,6.92,295.7,0.0008,-0.0103,0.759,0.303,0,1,1,1,1,0.9882
3.51,9.11,13.51,15.07,21.46,35.63,67.56,4.51,33.31,12.0,82.0,3.8,3192.7,17.0,183.1,-0.0427,0.0061,0.552,0.554,1,1,2,0,1,0.4061
0.02,0.02,0.05,0.07,0.09,0.12,0.19,0.02,0.11,19.8,34.5,10.8,3776.6,15.92,100.0,-0.0024,-0.0283,0.26,0.774,3,2,3,0,0,0.0055
12.91,28.15,45.29,81.34,118.3,186.61,277.3,18.28,157.38,15.2,98.1,12.4,399.1,19.9,109.1,-0.0696,-0.0328,0.95,0.51,0,0,2,2,1,1.0
1.09,3.04,6.28,9.29,14.78,28.58,41.6,1.56,22.72,15.0,36.4,10.4,1681.4,15.66,80.6,-0.0298,0.0079,0.427,0.834,3,2,4,2,0,0.0542
0.71,1.12,1.76,2.55,2.85,5.8,7.99,1.05,4.44,19.3,78.3,6.6,466.0,15.68,52.2,-0.0023,-0.0115,0.369,0.446,7,4,3,0,0,0.0186
8.75,16.48,24.59,28.23,34.95,85.75,149.23,8.78,70.98,16.4,85.5,13.7,118.9,19.87,66.4,-0.0776,0.0862,0.687,0.787,4,4,1,1,1,0.9833
0.33,0.68,0.98,1.33,2.12,4.23,7.36,0.45,3.64,14.2,32.7,5.9,2796.1,17.74,22.7,0.0253,0.0399,0.279,0.889,0,5,5,0,0,0.0033
0.49,0.85,1.28,1.81,2.54,4.03,5.36,0.68,3.24,15.4,71.1,7.8,2550.2,15.5,319.8,-0.0482,0.0273,0.475,0.729,2,0,3,1,0,0.0165
1.22,2.7,3.78,5.48,8.03,17.82,26.21,1.33,13.82,12.3,71.5,13.0,726.5,15.41,335.2,-0.0726,-0.0089,0.384,0.445,2,4,1,0,0,0.099
0.99,2.58,5.03,8.69,12.84,21.89,27.34,1.23,16.8,22.4,83.6,14.4,1020.3,49.98,211.2,-0.054,-0.1013,0.415,0.777,8,2,2,1,1,0.8186
0.48,0.96,2.09,3.63,4.71,6.39,11.81,0.59,6.2,10.7,62.9,9.7,148.4,15.16,302.6,0.1088,-0.0404,0.38,0.752,7,0,5,1,0,0.0074
2.46,3.72,5.94,8.29,13.01,25.88,34.62,2.6,19.68,13.9,75.1,6.0,3515.0,16.48,66.1,-0.0989,-0.0324,0.477,0.569,0,2,5,0,0,0.0298
20.61,47.36,72.61,81.2,96.0,183.24,310.04,30.74,156.92,9.0,96.5,26.3,4095.0,5.97,324.6,0.0218,-0.0137,0.95,0.676,6,4,1,1,1,1.0
0.33,0.87,1.6,2.73,4.11,5.09,9.69,0.45,5.14,16.8,40.5,14.7,612.2,32.36,182.3,-0.0376,-0.0017,0.203,0.243,0,2,4,0,0,0.0451
0.8,2.03,3.3,4.95,6.81,9.87,13.75,0.85,8.29,29.7,66.2,27.4,1010.6,3.61,24.2,-0.0175,0.0328,0.288,0.459,1,7,3,1,0,0.0123
1.84,4.31,5.37,6.56,8.16,11.31,19.61,2.35,10.59,30.6,61.4,10.3,3653.9,10.36,50.9,0.0302,0.0137,0.428,0.772,2,3,1,1,0,0.0428
0.59,1.47,2.27,3.47,4.65,8.21,13.73,0.74,7.11,17.8,64.6,4.9,3894.8,25.41,111.2,0.0277,0.058,0.342,0.315,1,2,4,1,0,0.0566
0.58,1.1,2.21,3.32,4.54,11.31,17.19,0.72,8.71,23.5,81.4,17.4,1791.5,5.5,15.7,-0.034,-0.0156,0.422,0.246,5,1,2,0,0,0.0219
20.88,44.51,56.47,76.29,97.79,213.38,388.14,26.1,184.61,26.7,84.6,35.0,260.1,12.55,111.3,-0.0679,0.0129,0.95,0.688,1,0,2,0,1,1.0
0.16,0.32,0.47,0.54,0.67,1.08,1.89,0.16,0.98,19.3,31.7,8.8,213.5,18.44,21.6,0.0311,0.0172,0.174,0.783,4,3,2,2,0,0.0174
0.52,0.81,1.76,1.96,2.59,6.32,11.01,0.69,5.24,11.9,23.9,16.3,2431.9,17.59,85.0,0.0276,0.0123,0.255,0.319,8,2,3,2,0,0.0437
1.91,3.47,5.15,8.15,12.37,23.38,39.13,2.72,19.96,5.6,59.4,5.7,1680.5,12.32,95.6,-0.0142,0.0641,0.424,0.392,4,2,3,2,0,0.1212
1.16,2.48,5.1,5.95,8.67,19.91,25.83,1.62,14.47,27.9,50.1,12.8,168.9,28.52,358.0,0.0221,0.0402,0.344,0.741,1,2,3,0,0,0.0587
2.61,6.11,12.84,22.32,25.47,63.15,121.82,2.9,55.16,16.0,39.5,26.9,2470.5,29.47,84.8,-0.0223,-0.066,0.656,0.548,3,4,2,1,1,0.9833
1.9,2.9,5.45,6.56,9.73,21.91,31.08,2.25,16.65,28.1,46.9,9.3,96.9,25.82,86.1,-0.0414,-0.0057,0.38,0.617,2,1,3,0,0,0.0861
0.74,1.99,3.33,4.94,7.73,17.61,32.42,1.02,15.21,13.4,96.0,22.8,3317.6,14.17,247.2,0.0002,-0.0007,0.548,0.757,4,2,1,0,0,0.0738
0.23,0.53,1.13,1.86,2.94,7.16,12.06,0.31,5.83,6.5,64.4,7.8,1321.7,20.47,309.4,0.026,0.1076,0.33,0.915,0,3,5,0,0,0.0046
3.7,9.56,20.67,35.15,45.81,67.85,93.88,5.13,56.46,28.7,60.4,24.4,217.1,13.19,139.3,0.0155,-0.0165,0.584,0.669,3,0,2,0,0,0.715
0.05,0.08,0.14,0.25,0.39,0.89,1.71,0.06,0.79,17.2,62.3,9.8,2491.7,58.77,315.2,0.0255,-0.0491,0.285,0.627,4,6,1,0,0,0.8652
4.74,10.97,21.35,31.78,37.62,53.55,63.46,6.93,42.42,18.8,63.2,24.4,1700.4,22.4,122.5,-0.038,0.0219,0.522,0.408,4,3,3,0,0,0.7349
2.44,3.92,8.15,10.33,13.43,25.81,42.27,2.59,21.72,16.1,74.1,13.7,4091.3,14.22,70.9,0.0791,0.0248,0.425,0.549,7,0,3,1,0,0.0875
0.44,0.91,1.19,1.48,2.0,2.68,4.53,0.48,2.5,28.0,58.3,2.5,2308.4,53.02,118.7,-0.0171,-0.0037,0.289,0.522,0,5,1,2,1,0.9043
15.31,36.85,65.05,91.96,109.56,179.17,313.23,22.74,161.44,26.2,90.9,6.3,1192.2,15.26,219.4,-0.0059,-0.011,0.95,0.749,1,6,1,0,1,1.0
0.89,2.11,4.34,6.69,9.66,13.44,21.84,1.29,12.2,20.3,64.3,30.0,2994.2,21.93,132.2,-0.0659,0.0474,0.365,0.525,2,4,5,1,0,0.03
2.45,4.42,9.33,15.9,20.76,47.39,60.07,3.11,34.13,27.4,65.7,15.8,1176.7,28.77,242.2,-0.0097,-0.0427,0.455,0.826,1,2,2,1,0,0.4994
4.04,6.64,14.6,21.2,24.68,49.2,81.12,5.25,41.22,25.9,65.7,4.9,3802.6,13.52,85.3,0.0266,-0.017,0.514,0.514,1,7,2,2,1,0.6087
1.03,2.03,3.92,6.23,8.49,12.38,21.63,1.12,11.48,16.5,73.4,9.5,1605.1,12.94,252.4,0.0381,-0.0261,0.347,0.267,0,0,3,0,0,0.0359
1.45,3.33,4.69,7.43,9.23,21.34,39.82,1.66,18.52,32.1,48.8,16.7,2332.0,31.57,125.1,0.0781,0.0547,0.371,0.614,4,2,1,1,0,0.4923
1.64,2.64,4.85,5.73,9.01,18.33,32.43,1.94,15.84,22.7,83.4,13.6,259.9,28.75,164.1,0.026,0.0143,0.379,0.813,6,0,1,1,0,0.2437
1.31,3.4,7.44,12.44,18.82,24.46,28.49,1.53,19.82,15.6,84.6,4.3,1818.4,28.71,200.8,0.0138,-0.0532,0.443,0.61,0,2,1,2,0,0.6573
0.31,0.66,1.19,1.66,2.51,4.04,6.56,0.43,3.53,26.6,53.9,19.9,3504.3,24.34,247.0,-0.0223,-0.0482,0.27,0.72,0,6,4,1,0,0.0136
2.17,5.68,9.01,10.27,14.6,20.03,34.42,3.21,18.72,11.7,82.2,17.3,3393.4,49.71,85.9,-0.0331,0.0937,0.407,0.342,1,4,2,2,1,0.9936
0.17,0.4,0.59,0.88,1.01,1.33,2.63,0.23,1.34,28.3,58.2,13.3,980.9,19.47,300.9,0.0485,0.0542,0.373,0.411,2,4,3,0,0,0.0213
0.86,2.37,3.68,6.38,8.44,17.6,21.43,1.23,12.71,10.8,42.4,15.2,988.2,11.48,259.9,0.0476,0.0421,0.308,0.585,4,1,2,1,0,0.036
0.31,0.66,1.27,2.08,2.96,4.05,5.49,0.41,3.42,20.5,77.8,6.4,3441.8,8.85,84.3,-0.0539,0.0006,0.402,0.571,0,6,3,0,0,0.0078
10.29,25.14,35.46,41.99,50.35,70.07,127.91,10.74,67.12,16.4,87.1,10.1,3911.2,15.02,351.0,0.0362,0.0754,0.699,0.702,3,1,3,2,1,0.9532
0.18,0.39,0.72,1.2,1.56,3.46,5.66,0.23,2.83,19.1,52.6,18.6,445.7,1.61,239.3,0.0325,-0.0552,0.357,0.655,0,0,2,0,0,0.0047
0.83,1.42,2.59,2.94,3.94,9.44,13.03,0.99,7.0,19.3,70.9,8.6,1917.7,37.95,162.9,-0.0557,0.0376,0.388,0.429,7,3,2,0,1,0.4147
0.15,0.24,0.34,0.52,0.79,1.21,2.08,0.19,1.1,16.5,77.6,13.7,1450.4,23.56,56.7,0.027,-0.0222,0.282,0.763,5,1,3,0,0,0.0107
6.29,11.37,19.37,22.87,29.51,71.79,97.44,8.5,52.64,19.3,85.8,2.6,3663.4,11.42,192.0,-0.0525,-0.0124,0.553,0.915,7,0,4,1,1,0.3243
3.46,7.78,16.08,24.47,31.19,48.79,61.69,5.12,38.53,38.5,57.8,12.1,396.6,32.81,59.3,-0.1215,0.0363,0.477,0.791,0,6,2,1,1,0.8083
0.56,1.46,2.91,3.51,5.13,8.59,10.25,0.6,6.5,15.6,47.8,35.9,926.2,8.83,154.6,-0.008,-0.0072,0.445,0.863,2,3,3,1,0,0.009
2.74,4.62,8.25,14.24,18.09,37.01,60.39,3.98,30.68,23.5,52.4,6.6,3172.7,10.27,147.1,0.0129,-0.0217,0.397,0.51,0,6,4,2,0,0.1289
0.09,0.24,0.44,0.68,0.79,1.7,2.29,0.12,1.27,20.8,87.4,9.9,262.9,19.84,259.2,-0.0058,-0.0248,0.483,0.528,3,2,1,2,0,0.1411
6.54,13.87,17.13,24.11,36.0,89.42,151.1,8.23,72.73,3.8,92.4,7.7,2094.0,40.71,69.3,0.1434,-0.0993,0.816,0.481,1,0,5,2,1,0.9995
2.51,5.41,6.97,12.1,15.54,34.2,60.05,3.02,29.0,15.1,56.0,28.2,1884.7,23.41,295.9,0.0189,0.0382,0.483,0.874,4,0,4,2,1,0.1666
2.33,3.58,5.64,6.89,10.98,19.45,35.79,3.16,17.65,21.4,67.0,8.9,1437.8,2.27,117.4,0.0074,-0.0503,0.432,0.822,3,6,2,1,0,0.0236
4.23,11.67,18.48,31.7,42.9,57.5,87.8,4.95,51.34,25.2,72.3,6.5,1687.5,10.44,159.8,0.0215,0.0929,0.545,0.895,2,0,2,1,0,0.5138
18.08,28.55,42.76,50.42,57.09,114.96,144.01,24.52,84.72,11.4,83.4,19.9,2249.3,11.58,278.0,-0.0221,-0.0144,0.723,0.684,4,3,2,0,1,0.9907
1.79,3.36,6.23,10.21,15.13,34.71,43.8,2.45,24.92,25.2,66.0,25.3,719.7,21.26,225.1,0.0465,0.0655,0.535,0.789,2,1,2,1,0,0.2357
3.66,8.49,15.33,18.4,23.72,54.11,76.69,3.99,41.0,19.2,86.8,13.6,2423.8,7.57,110.9,0.0181,-0.0905,0.653,0.554,1,3,3,0,0,0.183
0.08,0.2,0.37,0.45,0.52,1.11,1.89,0.1,0.93,29.9,59.5,6.1,3392.5,8.05,139.0,0.0158,0.0366,0.33,0.625,3,1,1,1,0,0.0146
0.32,0.65,0.93,1.58,2.18,4.76,9.12,0.35,4.23,11.9,54.6,14.7,3204.7,16.12,110.1,-0.0312,0.0494,0.253,0.634,7,0,1,1,0,0.0325
0.55,1.44,1.73,2.45,3.0,4.11,7.99,0.77,4.07,14.0,60.5,14.8,688.7,26.72,214.1,-0.0782,0.0652,0.354,0.542,3,3,5,0,0,0.0142
2.36,4.56,9.89,12.64,19.84,27.06,35.78,2.51,22.66,8.1,66.9,6.2,669.4,27.78,119.7,-0.0251,-0.0764,0.464,0.766,3,1,2,2,0,0.4305
0.07,0.11,0.22,0.35,0.5,0.98,1.21,0.07,0.72,23.2,67.0,12.4,1162.9,19.84,261.3,0.0141,-0.0351,0.378,0.839,6,2,4,1,0,0.0078
2.13,3.31,5.48,9.33,12.2,15.63,29.26,2.43,15.49,28.7,67.8,10.5,1548.5,30.16,208.7,-0.0222,0.0288,0.472,0.667,2,4,3,2,0,0.2914
1.67,2.79,3.47,4.83,7.18,10.31,17.74,1.97,9.52,17.7,80.4,11.9,1745.1,61.21,52.5,0.0146,0.0074,0.355,0.818,8,3,2,0,1,0.8817
3.15,8.65,12.1,15.73,20.95,45.12,66.58,3.83,35.26,18.4,56.5,7.8,2870.7,43.77,111.7,-0.0116,0.0147,0.453,0.684,0,1,3,1,1,0.876
0.07,0.14,0.17,0.22,0.35,0.43,0.52,0.1,0.36,13.4,72.0,5.2,285.2,13.95,79.7,0.0215,-0.018,0.422,0.324,2,3,1,0,0,0.0443
1.46,3.43,5.75,9.08,13.21,18.63,26.82,1.7,15.99,17.9,64.3,9.2,193.9,7.34,140.5,-0.0488,0.0775,0.349,0.731,1,6,4,0,0,0.0112
5.59,15.42,21.85,34.84,55.38,123.43,136.91,8.02,84.47,18.6,89.5,7.3,1676.4,14.99,185.8,0.0096,0.1304,0.651,0.547,2,3,4,0,1,0.9258
15.88,42.1,73.19,127.3,161.63,388.2,734.98,22.29,337.36,20.7,87.8,8.6,2943.2,10.58,182.4,-0.032,0.0052,0.95,0.51,0,3,2,0,1,1.0
4.42,9.53,12.03,13.41,20.31,30.98,55.34,5.29,28.69,20.4,60.3,19.9,852.8,24.24,271.6,-0.0769,0.0227,0.504,0.866,1,5,2,1,0,0.3936
0.38,0.61,1.16,1.39,1.72,3.21,5.04,0.54,2.67,15.8,67.8,14.3,2712.2,8.97,68.1,-0.0083,0.0028,0.413,0.685,1,4,1,0,0,0.0136
4.86,11.83,15.39,23.27,29.55,69.44,110.11,6.72,55.23,11.5,87.8,6.6,1128.3,17.95,340.7,0.0768,0.0642,0.668,0.615,1,1,4,1,0,0.7042
3.12,5.21,7.86,10.26,12.53,28.17,34.45,4.3,20.04,8.0,74.4,3.3,3727.3,10.58,123.4,-0.0729,0.0415,0.453,0.466,0,7,4,2,0,0.0709
0.56,0.95,1.76,2.48,3.77,8.71,16.72,0.78,7.68,21.9,47.2,32.0,3767.1,15.71,108.1,0.006,-0.0533,0.326,0.73,4,0,2,0,0,0.0188
2.82,7.45,9.74,17.04,26.41,42.76,56.41,3.16,34.04,19.1,43.6,5.4,1283.7,18.56,246.7,0.0399,-0.0306,0.37,0.527,1,7,2,0,0,0.3075
1.66,3.94,8.58,10.02,12.01,18.96,22.71,1.76,14.62,14.3,39.1,12.7,1004.5,26.29,290.0,0.115,-0.0505,0.4,0.289,2,0,2,0,0,0.3172
0.32,0.85,1.19,1.85,2.83,6.06,11.09,0.42,5.28,10.1,68.0,6.1,1756.9,18.62,136.2,-0.0246,0.1347,0.271,0.587,0,2,2,0,0,0.0225
11.29,31.01,38.33,63.73,100.85,189.24,321.25,14.57,162.92,14.5,90.9,8.9,1048.2,13.19,268.9,-0.0316,0.0318,0.95,0.448,0,5,2,0,1,1.0
1.62,3.4,6.36,7.53,10.29,23.97,29.59,2.16,16.99,19.4,70.8,21.7,2840.4,28.71,318.1,-0.0583,-0.0298,0.434,0.507,5,0,1,0,1,0.4884
18.59,44.04,69.66,108.15,132.08,286.17,316.01,23.01,196.78,26.4,94.1,11.6,3478.2,19.2,276.0,0.057,-0.0338,0.95,0.505,4,0,1,0,1,1.0
0.99,2.32,5.03,8.46,13.24,21.9,39.43,1.04,19.97,7.9,42.6,42.0,2843.3,13.96,12.3,-0.0434,0.0403,0.352,0.557,4,3,4,2,0,0.0567
0.66,1.08,1.39,1.74,2.71,6.16,11.66,0.92,5.41,20.6,70.5,14.5,3471.1,26.66,297.9,-0.0185,0.0452,0.351,0.715,2,3,2,0,0,0.0452
4.46,10.28,15.99,19.09,22.26,53.41,90.21,6.62,43.7,17.7,65.1,10.4,1697.5,21.36,278.8,-0.0924,0.0399,0.479,0.754,0,0,2,1,0,0.6283
24.66,40.55,72.71,83.3,131.55,177.97,331.71,33.74,173.46,4.0,86.1,16.9,698.7,25.45,240.9,0.0442,-0.0213,0.95,0.364,0,2,2,0,1,1.0
1.77,4.62,8.05,12.96,16.23,30.81,52.4,2.12,26.48,34.3,38.3,8.2,3112.5,34.23,273.6,0.0579,0.0153,0.41,0.527,3,2,2,0,1,0.6222
2.72,7.37,12.44,17.28,22.83,44.31,87.92,3.74,41.05,15.6,30.8,7.2,1546.0,9.32,352.6,0.0423,0.0055,0.483,0.648,4,1,1,1,1,0.4005
8.93,17.9,28.35,41.1,56.58,72.29,143.06,9.74,73.64,11.8,81.3,17.5,2835.8,58.97,155.2,-0.0803,-0.0468,0.797,0.683,6,2,2,1,1,1.0
0.99,2.38,4.84,5.65,7.15,8.72,16.27,1.48,8.75,8.9,57.5,1.8,1173.2,23.99,24.2,0.0304,-0.0463,0.377,0.718,1,0,2,2,0,0.1051
1.2,2.9,3.88,4.59,5.2,7.45,12.56,1.63,6.82,14.3,45.9,17.3,387.1,9.02,165.9,-0.0836,0.0206,0.312,0.569,1,1,4,0,0,0.0073
7.1,11.11,18.91,29.72,43.35,99.05,115.96,9.5,68.93,19.0,89.4,13.3,4169.2,36.63,16.7,0.0029,0.0098,0.633,0.481,0,3,2,0,1,0.9992
0.24,0.41,0.73,1.02,1.51,3.08,5.6,0.29,2.7,22.0,63.9,10.6,698.2,12.36,105.9,0.0103,0.0277,0.303,0.548,4,5,1,0,0,0.0197
0.04,0.1,0.22,0.37,0.5,0.72,1.26,0.05,0.67,18.6,67.4,21.7,4151.9,44.19,211.3,0.0155,0.0396,0.332,0.811,1,2,4,0,0,0.0374
1.64,2.88,4.27,7.06,9.28,18.47,34.36,2.3,16.46,21.2,54.5,18.0,4105.7,9.71,111.5,0.0267,0.075,0.406,0.302,2,0,2,1,0,0.0891
1.46,3.62,5.34,8.81,12.89,25.99,50.92,1.9,23.74,1.6,61.2,14.5,3344.3,17.97,246.7,-0.0004,-0.0388,0.429,0.812,6,3,5,0,0,0.0258
1.81,4.1,8.24,14.03,22.41,40.51,80.82,2.69,38.18,22.2,53.0,11.0,2786.6,29.03,295.9,-0.0981,0.0315,0.582,0.721,4,5,5,1,1,0.3846
0.38,0.92,1.36,2.3,3.6,6.78,8.08,0.48,4.97,14.4,71.1,46.5,2447.9,26.89,151.4,0.0268,0.0375,0.359,0.463,0,2,4,0,0,0.0288
0.62,1.05,1.31,1.94,2.68,5.63,6.24,0.73,3.91,14.6,46.3,9.0,3644.3,22.73,324.0,0.0049,-0.0156,0.392,0.394,0,2,2,1,0,0.0975
1.27,3.23,5.56,7.23,10.91,25.87,45.36,1.38,21.63,23.8,51.6,10.8,1251.2,32.07,28.7,-0.0451,0.0061,0.406,0.47,4,7,2,0,1,0.4679
0.09,0.18,0.34,0.52,0.62,1.44,2.74,0.11,1.26,22.2,77.0,13.1,1990.9,14.47,302.4,-0.0785,-0.0143,0.46,0.662,2,3,4,0,0,0.0062
0.35,0.97,1.31,1.66,2.13,4.52,7.29,0.37,3.7,12.8,41.4,9.5,2620.5,33.06,298.3,0.077,0.1054,0.26,0.396,3,4,2,1,0,0.1471
3.19,6.58,12.91,15.94,25.19,58.26,67.23,4.09,40.19,21.8,60.2,12.4,1756.4,12.79,115.9,0.0616,0.0052,0.479,0.763,0,3,2,3,0,0.4422
0.25,0.48,0.75,1.09,1.5,3.02,5.49,0.32,2.65,26.8,67.5,20.7,1824.1,41.62,107.5,0.0353,0.0226,0.388,0.385,5,0,2,1,0,0.6245
0.27,0.45,0.97,1.5,2.05,4.46,5.65,0.37,3.25,14.4,83.8,4.8,1420.7,13.48,109.8,-0.0338,-0.0132,0.358,0.705,4,1,3,0,0,0.008
1.92,3.05,3.92,5.55,6.78,15.92,24.42,2.83,12.46,25.3,54.4,13.6,2391.6,8.06,292.1,-0.1258,-0.024,0.363,0.37,5,3,4,1,0,0.0226
3.22,8.53,12.93,21.52,28.97,67.87,97.33,4.03,51.44,6.3,34.0,9.1,3579.9,27.14,299.4,0.0382,-0.0651,0.456,0.559,1,2,3,1,1,0.7934
5.31,8.81,12.42,18.74,22.18,50.03,77.27,6.21,39.59,30.9,58.1,17.8,886.3,20.78,118.7,0.0183,0.055,0.423,0.311,1,2,3,2,0,0.698
8.8,23.28,48.81,87.1,127.72,244.29,302.86,9.04,181.49,16.8,90.8,26.8,3927.9,22.95,213.3,-0.0187,0.0384,0.95,0.338,0,0,3,1,1,1.0
1.87,4.14,6.12,7.47,11.47,16.6,28.31,1.99,15.24,12.1,63.4,8.1,2909.7,15.62,50.0,0.0562,-0.0151,0.466,0.722,6,5,4,2,0,0.0448
3.26,7.7,11.28,14.88,22.12,50.71,74.42,3.78,39.02,23.2,58.5,42.9,3466.6,24.81,168.8,0.0424,-0.045,0.523,0.453,0,5,5,2,0,0.4732
11.98,30.55,58.18,66.88,77.72,169.91,245.62,14.88,131.08,17.9,83.4,6.4,2358.2,39.64,359.6,0.0088,0.009,0.893,0.474,0,2,1,0,1,1.0
0.52,1.14,2.45,3.55,4.9,10.79,13.59,0.53,7.81,22.9,26.2,2.2,3285.0,22.32,57.2,0.0018,-0.0249,0.273,0.723,0,3,5,0,0,0.0077
1.91,4.09,7.32,8.31,10.66,14.53,24.1,2.7,13.39,12.8,25.6,33.6,117.2,7.05,341.1,0.0025,-0.0111,0.342,0.666,4,0,2,0,0,0.0215
0.78,1.97,4.22,6.57,8.3,19.19,32.51,0.85,15.83,11.5,40.7,9.9,3446.3,18.88,296.7,0.034,-0.0632,0.385,0.418,5,2,2,0,0,0.1004
0.71,1.44,2.68,3.42,5.13,11.47,13.45,0.83,8.03,16.5,55.1,20.9,216.6,24.09,350.0,-0.0429,0.0109,0.304,0.69,4,2,3,1,0,0.0338
0.83,1.33,1.86,3.03,4.07,6.97,12.84,0.95,6.38,16.4,48.2,19.0,3743.1,43.11,64.6,0.0213,0.0119,0.291,0.944,2,3,2,0,0,0.0924
1.47,3.41,6.64,7.49,11.41,20.8,39.48,2.16,19.06,19.4,82.6,16.9,4166.6,27.85,76.9,-0.046,0.0547,0.436,0.504,8,2,2,1,1,0.414
3.49,5.39,8.07,10.78,14.04,34.28,68.22,4.46,30.54,19.4,78.7,23.1,1270.4,11.62,6.1,0.0668,-0.0075,0.518,0.553,0,2,5,0,0,0.0566
4.56,10.38,15.67,27.44,37.66,47.33,66.78,4.9,41.71,16.8,43.4,1.5,922.8,18.39,260.9,0.0266,-0.0167,0.365,0.581,5,1,1,2,1,0.7703
1.59,3.45,6.93,7.95,10.02,13.75,22.64,1.73,12.6,-2.2,45.8,50.5,3226.3,28.75,231.9,-0.0344,-0.0778,0.346,0.793,2,0,5,1,0,0.0295
39.48,74.88,109.24,187.1,243.15,549.93,664.9,59.2,388.81,22.3,74.7,13.5,1100.1,25.12,64.1,0.004,0.055,0.95,0.758,2,6,3,0,1,1.0
0.78,1.53,2.35,3.12,4.51,8.99,13.29,0.98,7.15,14.7,32.3,12.3,3642.1,26.0,284.8,-0.0427,0.0446,0.253,0.597,0,0,5,0,0,0.0117
0.21,0.44,0.95,1.07,1.33,1.7,3.18,0.27,1.68,14.3,79.0,31.0,476.8,8.16,107.7,0.0752,0.0014,0.34,0.581,0,1,4,2,0,0.0082
1.23,2.62,3.59,6.21,9.93,20.94,36.63,1.67,17.87,17.5,60.9,5.4,572.7,26.98,48.6,0.0811,-0.0665,0.369,0.842,1,2,3,0,0,0.0598
0.75,1.55,2.84,3.97,5.99,10.22,15.97,1.01,8.64,15.5,54.8,20.9,4113.5,21.54,152.1,0.0348,-0.0607,0.325,0.353,0,1,3,0,0,0.0472
2.01,4.03,6.43,9.03,10.48,18.8,34.89,2.09,17.09,6.2,61.3,6.9,2846.4,27.62,32.7,0.0778,-0.0274,0.423,0.467,2,2,5,2,0,0.1256
13.8,26.52,40.3,63.77,77.49,115.69,213.74,15.43,109.48,14.7,100.0,20.4,3564.6,20.79,94.8,0.0076,0.0483,0.834,0.776,0,2,3,0,1,0.9993
0.3,0.71,0.95,1.35,1.94,2.77,5.31,0.38,2.7,13.7,39.6,4.9,1396.0,17.44,133.7,0.0382,0.0145,0.259,0.54,0,1,1,0,0,0.0289
11.18,22.73,39.37,64.72,76.84,134.9,172.78,14.16,103.81,29.1,91.9,28.9,2857.4,33.52,306.7,0.0612,-0.0747,0.761,0.146,5,0,5,0,1,0.9999
0.16,0.3,0.54,0.8,0.89,1.73,2.26,0.19,1.31,17.7,69.5,5.7,2516.1,24.39,285.3,-0.0003,0.0202,0.298,0.743,6,0,2,0,0,0.0201
2.04,5.44,10.27,13.59,19.36,28.66,56.69,2.77,28.11,22.6,58.9,16.3,2553.1,9.06,159.4,0.0036,-0.042,0.414,0.482,7,2,1,1,0,0.2259
0.61,1.05,2.09,3.23,3.94,7.05,10.97,0.7,5.88,14.1,47.6,2.7,2882.5,20.21,260.8,0.0467,-0.0261,0.34,0.718,3,4,3,1,0,0.0226
11.21,18.93,30.53,35.45,42.11,82.67,139.2,13.4,70.21,21.4,92.1,8.0,2437.7,15.72,204.7,0.0323,0.0486,0.698,0.378,4,0,2,0,1,0.9853
0.84,2.1,3.65,5.28,7.6,13.89,26.6,1.24,12.78,24.7,57.5,15.8,1830.6,14.53,122.7,-0.0378,0.0383,0.433,0.522,4,3,2,0,0,0.0511
0.09,0.15,0.19,0.25,0.33,0.6,0.95,0.09,0.5,10.1,83.7,10.3,1195.1,24.89,261.3,-0.1093,0.0547,0.424,0.731,3,4,3,0,0,0.0183
0.07,0.13,0.21,0.29,0.46,0.73,0.9,0.08,0.57,18.5,65.8,18.4,3239.6,20.87,246.1,-0.0088,-0.0012,0.311,0.914,1,1,1,0,0,0.0164
0.66,1.29,1.71,2.69,3.32,4.47,6.47,0.79,3.9,3.4,72.6,12.7,989.0,24.62,222.9,-0.1048,0.0442,0.479,0.702,0,3,3,1,0,0.0455
0.15,0.29,0.34,0.42,0.51,1.24,1.94,0.17,0.97,29.6,83.0,10.8,2923.3,30.99,222.5,-0.0496,-0.0293,0.307,0.235,1,3,3,1,0,0.1069
0.07,0.18,0.23,0.26,0.36,0.85,1.3,0.1,0.66,24.2,45.6,45.3,1018.3,18.16,245.9,-0.0437,-0.0129,0.159,0.563,4,3,2,0,0,0.0121
0.13,0.22,0.28,0.47,0.63,1.53,3.05,0.15,1.37,11.5,62.6,11.9,2645.1,30.3,138.4,-0.0284,-0.0163,0.336,0.468,3,5,5,0,0,0.0159
0.82,1.97,3.13,5.31,6.1,11.65,15.25,0.95,8.86,10.6,48.2,4.4,3150.4,13.22,312.9,0.041,0.0012,0.309,0.862,2,1,4,0,0,0.0063
1.78,3.34,5.29,9.22,12.94,19.92,35.58,1.78,18.41,20.5,59.1,18.5,957.7,34.48,58.4,0.0519,-0.0643,0.416,0.447,0,0,3,0,0,0.3754
15.04,39.32,55.01,87.82,129.11,210.27,237.26,17.4,157.07,6.1,87.3,4.8,298.8,13.94,318.2,0.0254,-0.0113,0.95,0.721,1,2,3,0,1,1.0
19.39,51.16,85.2,146.44,175.44,347.56,496.62,28.4,272.45,15.3,84.1,13.1,593.5,9.9,123.2,0.0316,0.0726,0.95,0.825,3,0,4,2,1,1.0
1.58,2.94,3.77,4.99,6.13,13.04,15.49,2.26,9.28,10.8,62.4,4.4,2564.9,23.22,45.0,0.0328,-0.0546,0.318,0.765,2,1,2,0,0,0.0397
0.34,0.77,1.15,1.39,1.57,3.2,5.15,0.44,2.64,12.5,37.9,21.7,3575.2,18.55,216.0,-0.1248,-0.0665,0.243,0.657,2,5,3,1,0,0.0139
0.71,1.82,2.27,3.6,4.3,6.15,8.35,0.89,5.13,12.2,47.1,11.0,236.7,19.8,135.4,0.0005,-0.0624,0.354,0.838,1,2,3,1,0,0.0175
4.55,7.26,8.76,11.8,15.25,35.95,59.72,5.35,29.26,16.6,74.1,7.6,3096.7,9.14,293.6,-0.0898,0.1331,0.45,0.175,3,2,2,0,1,0.2343
2.65,5.94,10.61,13.7,19.66,39.29,64.02,3.33,32.71,19.6,64.4,20.7,1466.5,9.45,155.1,0.0255,0.0232,0.561,0.522,7,1,5,1,0,0.081
3.67,10.17,19.5,29.53,39.98,92.89,145.22,3.69,73.52,17.0,35.5,8.6,2035.9,15.48,240.7,-0.1047,-0.0135,0.741,0.736,6,1,1,1,1,0.9703
10.09,19.9,29.03,34.88,41.61,83.35,155.09,14.15,74.17,13.8,94.9,16.4,3904.8,27.51,111.0,-0.009,0.0034,0.87,0.851,0,0,2,0,1,0.9982
1.45,3.56,6.74,10.2,11.81,20.38,30.49,1.61,16.85,11.7,51.1,6.5,1427.7,15.87,75.4,0.0274,0.0114,0.428,0.584,2,4,5,0,0,0.0196
0.56,1.41,2.58,4.41,5.95,7.8,13.86,0.68,7.5,7.7,35.1,11.5,1981.1,9.57,139.7,-0.0559,-0.032,0.262,0.626,1,7,5,0,0,0.0046
6.08,14.99,29.61,46.84,73.9,117.79,174.85,8.8,99.03,13.7,83.5,12.9,106.8,34.56,218.5,0.0481,-0.0259,0.815,0.678,2,2,3,1,1,0.9999
0.91,2.49,3.49,5.09,6.4,9.27,18.19,0.91,9.11,19.8,50.2,7.8,388.6,9.35,236.5,0.0253,-0.0079,0.261,0.929,3,0,3,1,0,0.0091
2.0,5.0,8.4,12.1,14.25,34.93,43.45,2.37,24.59,18.5,72.7,26.6,1123.2,20.16,208.2,0.019,-0.0362,0.357,0.783,1,4,3,0,0,0.0622
0.56,1.52,2.15,2.84,4.3,7.39,13.02,0.62,6.6,27.1,60.3,10.9,165.6,27.6,355.7,0.0349,-0.0198,0.367,0.677,4,5,2,1,0,0.0866
0.11,0.19,0.4,0.65,0.81,1.92,2.22,0.16,1.32,18.9,47.5,16.2,2670.2,14.9,248.8,-0.018,0.0177,0.248,0.19,2,6,2,1,0,0.0358
2.09,4.75,8.76,15.37,17.73,28.9,35.94,2.77,22.42,16.9,34.8,34.9,1819.6,27.57,335.3,0.0076,-0.0499,0.366,0.801,8,3,3,0,0,0.1079
1.38,2.75,3.54,5.07,8.08,11.0,17.35,1.96,9.92,12.5,93.5,16.7,2324.8,40.97,42.5,0.0005,0.1305,0.374,0.612,0,2,1,0,1,0.6193
3.02,7.37,11.54,19.83,23.93,53.92,81.3,4.16,42.18,11.7,53.3,13.0,774.8,26.99,22.1,-0.0006,0.0377,0.513,0.582,0,3,4,0,0,0.477
0.18,0.31,0.39,0.43,0.55,1.0,1.96,0.19,0.93,10.2,67.6,9.1,1278.1,18.2,112.0,-0.0336,-0.0635,0.321,0.565,3,0,2,2,0,0.0362
5.24,9.08,19.85,24.47,29.28,67.52,74.34,7.55,45.71,18.8,33.5,19.5,2804.9,19.87,49.2,-0.0621,-0.1239,0.433,0.559,3,3,4,0,0,0.3755
3.66,6.11,12.37,14.06,22.15,42.9,70.25,4.12,36.04,26.4,42.7,17.2,4056.0,4.5,189.3,-0.0168,-0.0344,0.464,0.627,2,3,2,2,0,0.2054
1.59,2.93,4.55,6.72,9.67,12.86,17.83,2.14,11.06,7.9,48.8,11.8,259.2,13.77,186.8,-0.0196,0.0342,0.268,0.559,7,3,2,0,0,0.0312
13.62,23.74,37.61,50.05,73.55,91.28,140.27,18.71,83.63,10.5,86.3,5.7,3745.1,4.7,207.0,-0.0368,0.0245,0.726,0.428,2,2,2,2,1,0.9924
0.76,1.92,3.01,5.08,5.85,8.23,13.16,1.13,7.39,26.0,49.3,8.4,2444.1,11.13,268.3,0.0426,-0.0055,0.268,0.546,2,3,3,1,0,0.017
2.52,5.7,10.59,16.7,23.99,38.78,61.52,2.9,33.47,6.6,88.5,29.7,2390.3,19.01,349.7,-0.0586,-0.0301,0.54,0.681,6,3,3,0,1,0.2337
3.96,7.86,12.17,18.65,25.37,43.94,86.28,5.6,41.44,9.7,76.9,9.7,2126.2,22.42,316.2,-0.0086,-0.0452,0.522,0.644,2,0,5,0,0,0.278
31.33,55.35,78.17,92.85,124.29,288.85,574.28,40.34,259.28,34.1,83.9,16.8,338.0,25.03,42.6,0.0583,-0.0201,0.95,0.413,2,5,2,0,1,1.0
0.66,1.69,2.47,3.2,4.34,10.16,15.8,0.97,8.01,13.7,53.8,36.4,423.0,47.8,121.9,0.0455,-0.0506,0.335,0.578,3,3,3,1,0,0.4231
0.31,0.82,1.63,2.62,3.7,6.63,9.7,0.37,5.38,24.9,49.2,12.7,2543.8,7.47,92.1,0.0608,-0.0199,0.267,0.558,3,3,3,0,0,0.0072
0.45,1.18,1.54,1.92,2.19,4.49,7.86,0.61,3.85,6.0,83.3,9.3,1465.0,10.86,63.7,-0.0295,0.0665,0.375,0.231,1,1,2,1,1,0.0374
14.41,38.95,63.49,100.92,140.66,192.57,301.73,15.76,172.8,18.9,96.6,62.2,3856.7,21.92,196.1,0.0392,-0.0386,0.95,0.986,1,6,4,2,1,1.0
1.79,4.56,7.28,12.61,16.93,41.26,72.71,2.6,34.42,20.6,55.6,15.5,1737.4,28.88,199.2,-0.0531,0.0305,0.401,0.937,2,2,2,0,1,0.2947
3.07,7.13,12.52,21.39,27.48,45.04,65.09,4.57,37.15,25.5,93.3,6.6,644.6,12.8,81.8,-0.0138,0.0382,0.502,0.093,0,3,3,1,1,0.5363
0.09,0.19,0.23,0.26,0.36,0.74,1.12,0.1,0.59,27.9,56.0,17.3,3016.1,20.92,256.3,-0.0091,-0.054,0.375,0.575,7,7,3,1,0,0.0222
2.53,4.76,5.87,10.07,12.91,24.77,29.05,3.68,17.97,23.8,79.2,18.7,1267.4,22.76,263.8,-0.0288,-0.0422,0.423,0.615,0,6,2,0,0,0.1551
5.71,8.61,16.3,21.26,24.86,54.61,92.34,5.85,45.44,18.9,83.6,7.1,2230.7,43.15,7.6,-0.0181,0.0534,0.683,0.867,0,3,1,0,1,0.9982
0.22,0.56,0.97,1.36,1.54,3.83,7.04,0.31,3.26,18.2,96.3,24.2,2946.0,8.17,142.5,-0.0247,-0.0463,0.48,0.868,3,0,3,0,0,0.0046
0.48,0.99,1.31,1.93,2.25,3.96,5.0,0.59,3.03,15.5,81.8,4.2,3786.1,24.62,320.5,-0.0491,-0.0029,0.372,0.268,3,7,2,0,0,0.1072
24.06,63.38,100.47,139.39,199.02,315.62,617.44,35.73,302.92,13.4,84.4,19.1,3337.6,29.35,187.3,0.0428,0.102,0.95,0.461,3,7,2,2,1,1.0
0.99,1.91,3.29,5.06,7.46,9.93,19.7,1.12,10.02,5.0,40.8,30.5,2856.9,25.99,125.1,-0.0091,0.049,0.276,0.741,2,0,2,3,0,0.1239
5.2,10.08,15.66,26.37,37.88,84.45,136.69,5.34,68.54,8.7,48.0,15.8,2870.5,36.51,91.3,0.0101,0.0043,0.674,0.426,5,2,3,0,1,0.9983
3.14,4.79,6.3,9.99,11.03,17.71,20.73,3.97,13.47,13.9,54.2,8.5,3975.6,9.59,87.6,0.0082,0.042,0.35,0.616,2,2,3,0,0,0.0216
3.11,6.62,8.94,11.33,15.47,27.49,49.93,4.24,24.77,20.7,42.5,31.9,1277.7,4.01,35.9,0.0027,-0.0028,0.401,0.454,2,0,2,1,0,0.0872
59.62,127.31,184.01,320.78,354.93,867.33,1318.54,73.85,670.69,25.1,84.8,5.3,54.6,35.4,294.2,0.0046,0.0509,0.95,0.838,4,0,1,2,1,1.0
3.47,8.17,9.81,15.56,17.62,42.83,80.48,4.25,36.99,22.6,65.7,7.6,1178.6,15.31,31.2,-0.0153,-0.1023,0.571,0.711,1,2,4,0,0,0.141
0.03,0.08,0.15,0.17,0.2,0.42,0.76,0.03,0.36,1.7,62.1,39.4,954.2,18.24,105.2,0.0709,-0.007,0.436,0.9,5,7,3,0,0,0.0073
2.16,4.21,7.94,12.78,14.74,19.67,32.0,2.69,18.08,14.9,67.3,7.2,2796.6,19.56,16.4,0.038,-0.1043,0.406,0.395,2,0,4,1,0,0.0978
49.58,134.15,279.2,313.78,351.13,626.1,708.39,72.08,456.52,17.3,90.2,17.7,2679.9,20.39,281.3,0.0009,0.0081,0.95,0.644,6,6,2,1,1,1.0
3.39,7.09,9.32,14.33,16.22,38.63,63.08,4.11,31.11,8.8,90.8,16.1,2512.9,30.95,14.1,-0.0224,-0.0118,0.487,0.492,1,5,5,0,0,0.2789
1.99,4.46,8.1,14.14,20.68,38.37,68.52,2.72,33.96,15.5,70.0,4.6,117.4,24.17,111.0,-0.0059,0.068,0.469,0.327,6,5,2,1,0,0.7575
1.56,3.55,6.83,10.25,13.8,34.21,57.79,2.17,27.83,17.7,46.9,14.5,3074.4,7.87,206.4,0.0209,0.0356,0.491,0.61,3,1,2,1,1,0.1008
0.61,1.61,2.92,3.84,6.05,8.75,14.78,0.79,8.0,20.7,69.9,8.3,1392.7,18.03,147.4,0.075,-0.0263,0.363,0.6,3,2,3,1,0,0.0309
2.55,6.13,9.53,17.08,23.57,46.6,83.41,2.98,40.75,19.4,68.9,10.2,2810.0,22.5,101.6,-0.0687,-0.0203,0.57,0.852,2,2,5,0,0,0.1634
1.58,3.1,4.74,7.89,12.51,18.08,28.51,2.08,16.03,26.0,69.9,22.7,2359.8,25.41,99.1,0.033,0.019,0.376,0.73,7,6,2,2,0,0.1959
2.78,6.73,9.01,11.47,14.34,32.06,57.34,3.5,27.37,8.4,66.3,27.6,1472.3,17.38,287.2,0.0563,-0.0286,0.503,0.74,2,2,4,0,0,0.0695
0.68,1.82,3.95,4.55,5.99,14.32,18.61,0.97,10.33,17.2,61.0,10.0,608.5,13.7,350.6,-0.0743,-0.0016,0.411,0.616,2,0,1,1,0,0.0634
6.86,17.61,23.09,41.02,58.19,74.5,109.23,7.77,66.3,19.2,92.0,16.6,441.8,31.88,125.3,-0.0091,0.0658,0.656,0.31,4,1,2,0,1,0.9995
21.74,33.94,63.9,71.87,101.36,177.88,301.16,23.83,155.24,34.1,87.2,20.1,3500.8,15.11,14.1,-0.0532,-0.0415,0.95,0.76,1,2,2,1,1,1.0
1.02,1.62,3.38,5.33,5.87,7.33,9.15,1.14,6.17,26.5,75.7,5.0,3861.3,26.81,13.2,0.0215,-0.0224,0.396,0.439,1,7,3,2,0,0.1333
29.2,69.59,146.14,261.34,353.05,455.24,814.78,33.26,441.07,20.7,86.5,20.8,2746.6,30.62,273.3,-0.0179,-0.0154,0.95,0.607,4,2,1,1,1,1.0
22.86,63.46,134.81,171.38,226.39,380.0,618.33,29.83,328.82,26.1,92.0,12.3,479.3,21.8,198.9,-0.0065,0.1579,0.95,0.623,0,3,1,2,1,1.0
1.62,3.7,6.88,12.04,14.52,28.43,49.98,2.08,24.68,13.1,39.9,7.6,1718.4,12.76,282.1,-0.0206,0.0304,0.473,0.82,4,0,1,3,1,0.2428
0.0,0.01,0.01,0.01,0.02,0.05,0.09,0.0,0.04,24.3,69.0,15.8,3075.1,24.26,251.1,0.036,0.0566,0.304,0.556,3,5,3,1,0,0.0237
1.21,2.74,4.71,5.96,8.9,21.63,42.64,1.8,19.18,18.3,65.9,9.8,3286.3,16.3,326.7,0.0115,0.0384,0.528,0.625,2,2,1,0,0,0.1683
33.54,70.13,114.91,132.99,186.93,289.62,394.03,34.09,236.34,31.5,88.4,19.1,540.6,57.16,318.9,0.0115,0.0418,0.95,0.685,1,6,2,0,1,1.0
0.23,0.41,0.77,1.17,1.52,2.27,4.12,0.31,2.13,30.7,44.0,37.4,50.1,29.68,283.8,0.008,0.0237,0.276,0.608,4,2,1,1,0,0.1049
0.71,1.32,2.19,3.48,4.43,6.22,8.87,0.74,5.32,21.7,55.9,19.9,3005.4,29.11,171.1,0.0286,0.0183,0.263,0.636,4,3,2,0,1,0.0488
0.15,0.28,0.56,0.87,1.02,1.24,1.91,0.15,1.15,14.1,74.9,10.7,1529.9,34.53,110.9,-0.0131,-0.0725,0.278,0.146,2,2,3,2,0,0.2325
1.27,2.9,4.68,7.13,10.11,19.17,31.63,1.77,16.24,22.6,62.0,23.2,1106.1,4.87,182.5,0.085,0.0179,0.386,0.551,2,0,2,1,0,0.0339
2.0,5.17,10.11,15.51,23.03,43.55,57.19,2.52,33.25,38.7,56.6,6.5,103.5,18.06,180.7,-0.0617,-0.0054,0.445,0.938,1,1,3,0,0,0.0984
0.59,0.93,2.0,2.92,3.39,4.45,5.74,0.69,3.74,23.5,72.9,15.5,2292.2,33.52,219.7,-0.0863,0.0273,0.444,0.658,4,0,2,3,1,0.3329
4.1,8.94,17.22,21.52,27.74,33.91,55.37,5.52,32.03,21.3,63.2,24.1,3582.3,13.7,67.0,-0.0904,-0.0035,0.442,0.775,3,2,3,0,0,0.1342
16.47,36.06,70.79,107.87,141.47,239.94,415.06,23.45,213.26,19.7,88.3,13.3,4024.2,7.02,236.0,-0.104,0.0382,0.95,0.741,1,3,4,1,1,1.0
6.76,18.6,35.54,61.17,89.15,116.12,227.57,8.24,117.12,19.6,56.9,10.8,2397.8,20.6,164.4,0.0337,0.047,0.913,0.54,4,0,2,1,1,1.0
1.4,3.59,7.32,8.14,9.33,11.88,19.13,1.62,11.02,22.8,47.9,4.7,2185.0,11.03,223.3,0.0276,-0.1456,0.344,0.351,5,2,1,2,0,0.1183
0.93,1.86,2.78,4.96,6.09,11.21,18.3,1.26,9.51,23.2,53.5,13.3,403.0,11.89,86.3,0.0604,-0.0217,0.368,0.515,0,2,1,1,0,0.059
2.17,4.97,10.88,19.38,27.59,62.25,91.69,2.86,48.14,26.6,59.0,8.3,2327.8,17.33,156.4,-0.0528,-0.0929,0.496,0.559,4,2,2,2,1,0.725
11.69,27.51,54.9,70.64,111.76,231.28,417.61,13.19,201.34,18.4,98.6,8.0,1626.9,8.93,75.7,0.0373,0.0119,0.95,0.724,5,0,2,2,1,1.0
11.67,27.67,54.17,75.67,111.81,156.49,275.75,14.58,147.19,24.8,82.7,18.1,2569.6,16.79,315.1,0.0028,-0.015,0.95,0.735,8,2,2,0,1,1.0
0.36,0.96,1.24,1.86,2.72,5.6,7.12,0.37,4.13,16.1,43.8,23.2,1663.2,22.01,175.7,0.0083,0.0678,0.162,0.858,1,1,3,0,0,0.0079
0.35,0.78,1.19,2.02,2.45,4.06,5.88,0.37,3.34,22.7,65.1,19.9,1047.2,50.5,81.0,0.0313,0.0104,0.291,0.689,2,1,1,0,0,0.5275
1.01,1.8,2.61,2.99,3.77,4.95,6.05,1.13,4.07,22.2,64.6,10.8,444.1,14.4,14.8,-0.0378,-0.0243,0.359,0.687,7,2,2,1,0,0.0224
1.87,4.36,5.72,7.2,8.94,15.03,18.01,2.09,11.39,15.3,41.0,17.2,1356.9,17.55,243.3,0.1294,0.0469,0.32,0.594,0,0,2,2,0,0.0826
1.22,2.2,4.66,7.28,10.73,24.94,48.35,1.25,22.08,8.6,55.2,5.9,451.1,26.24,77.3,0.0666,-0.0159,0.467,0.716,2,6,5,1,0,0.0699
0.16,0.27,0.49,0.56,0.62,0.91,1.55,0.24,0.83,27.0,86.7,16.4,784.1,15.67,356.2,-0.0266,-0.0249,0.393,0.672,2,6,1,3,0,0.0618
0.45,1.04,2.18,3.75,4.91,9.03,17.21,0.56,8.28,12.8,55.7,14.6,4147.4,13.18,192.1,-0.0545,0.0197,0.363,0.726,3,3,1,0,0,0.0267
2.74,5.11,8.85,15.22,22.62,37.45,60.53,4.1,32.41,12.2,82.7,6.2,1893.0,33.74,104.0,-0.0044,0.0806,0.634,0.915,1,1,3,0,0,0.6028
0.12,0.29,0.61,0.71,0.83,1.87,2.48,0.14,1.38,11.5,51.9,50.3,2257.3,41.75,236.8,0.0091,0.0427,0.271,0.409,6,3,1,1,0,0.5132
0.26,0.66,1.4,1.94,3.05,6.03,8.05,0.31,4.59,21.4,55.4,5.8,3675.5,15.55,99.1,0.0533,0.0283,0.282,0.372,1,3,4,2,0,0.0222
1.1,1.86,3.44,5.02,7.8,13.52,17.83,1.43,10.57,20.4,54.2,33.7,4181.6,12.98,295.3,-0.0584,0.1375,0.38,0.628,3,1,4,0,0,0.0121
1.66,2.61,4.44,6.91,10.95,19.34,26.76,1.79,15.36,11.4,79.2,8.0,2468.3,11.84,111.0,0.0143,-0.0366,0.373,0.725,2,1,2,0,0,0.0303
0.76,1.22,1.74,2.57,3.52,8.37,10.75,1.12,6.01,20.1,35.3,26.3,3421.8,26.74,355.8,-0.0765,-0.0377,0.359,0.346,1,0,4,0,0,0.0418
2.37,6.55,13.84,15.24,17.87,27.3,33.49,2.65,21.45,20.8,100.0,37.8,1406.8,36.45,217.9,0.0218,0.0073,0.557,0.427,0,0,3,0,1,0.792
0.84,1.36,2.7,3.21,4.76,6.23,11.9,0.92,6.2,20.0,87.6,4.8,1318.8,23.66,304.0,-0.0054,0.0758,0.475,0.781,7,3,1,0,0,0.0892
0.6,1.62,2.49,4.19,6.38,14.73,23.81,0.64,11.87,22.2,60.2,13.7,1721.2,27.25,26.2,0.0968,-0.0471,0.428,0.597,2,5,4,2,0,0.088
16.88,46.73,87.25,144.13,164.21,298.96,387.93,22.46,229.2,21.1,95.2,20.8,2840.9,32.43,125.4,-0.0773,0.0877,0.95,0.598,3,1,4,1,1,1.0
3.84,6.11,11.07,12.31,16.27,20.55,33.19,4.49,19.13,20.2,44.1,8.3,2881.1,42.35,265.5,0.0685,-0.072,0.376,0.521,4,0,2,0,1,0.7779
0.02,0.04,0.05,0.05,0.07,0.17,0.23,0.02,0.12,35.4,36.5,14.2,1358.2,24.11,235.8,-0.0852,-0.0061,0.245,0.753,0,0,4,0,0,0.0062
0.06,0.15,0.32,0.55,0.79,1.59,2.72,0.08,1.35,30.0,88.3,5.7,602.8,15.16,69.9,-0.0664,0.0087,0.398,0.546,3,2,4,0,0,0.0074
0.54,0.83,1.0,1.35,1.82,2.78,5.28,0.58,2.65,8.9,67.8,18.8,2674.4,28.23,128.2,-0.0839,-0.0441,0.389,0.352,0,0,3,0,0,0.0727
17.95,39.01,79.11,109.54,123.21,259.74,324.02,24.76,189.06,21.3,91.9,18.7,582.6,34.41,94.8,0.0125,-0.0311,0.95,0.748,3,1,1,2,1,1.0
1.01,2.06,3.53,6.21,8.67,13.42,21.42,1.13,11.74,25.8,50.3,23.3,2450.7,16.5,220.8,-0.0587,0.0398,0.415,0.565,0,0,1,1,0,0.115
1.07,2.32,4.7,8.12,9.31,15.89,22.76,1.12,12.92,0.4,58.7,13.0,2927.7,4.73,124.0,-0.0674,0.0721,0.317,0.7,4,3,5,1,0,0.0071
1.09,2.42,4.24,5.82,6.62,10.99,20.25,1.3,10.13,17.8,89.8,11.6,2957.5,14.92,111.3,0.0101,-0.1057,0.392,0.402,3,3,3,0,0,0.0323
0.06,0.15,0.2,0.34,0.38,0.83,0.95,0.09,0.58,13.8,40.9,9.0,3176.9,8.87,74.7,0.0226,0.009,0.381,0.295,2,6,3,0,0,0.0094
4.78,7.95,13.31,18.86,29.66,39.7,68.51,5.63,37.43,27.3,65.1,7.8,3672.4,3.07,147.2,0.002,-0.0057,0.553,0.694,2,3,5,0,0,0.0569
11.07,30.9,64.23,89.98,129.97,203.57,342.09,14.72,181.9,23.0,92.4,7.7,2124.8,15.36,70.4,-0.0081,0.0054,0.95,0.358,0,0,1,1,1,1.0
11.86,22.08,31.56,35.15,49.51,117.42,211.61,16.48,99.59,18.4,76.5,20.6,3080.5,18.25,346.5,0.0914,-0.0158,0.851,0.658,6,4,2,0,1,0.999
0.84,2.33,3.08,5.1,7.47,17.56,28.04,1.15,14.02,13.8,76.9,24.1,2619.6,24.94,55.6,0.0073,-0.0645,0.388,0.731,0,0,3,0,0,0.0481
0.86,2.05,3.31,5.52,6.74,16.59,24.9,1.11,12.73,13.2,50.0,11.1,824.6,27.1,328.8,0.0403,0.0771,0.357,0.46,2,2,1,3,1,0.5049
0.28,0.66,1.33,2.17,2.73,3.37,4.48,0.29,2.92,22.0,70.4,12.4,156.6,15.93,154.3,0.0071,0.058,0.338,0.256,1,0,3,1,0,0.0314
0.67,1.81,3.44,6.11,9.48,12.8,24.19,0.99,12.57,13.7,50.0,15.1,1230.8,25.79,136.0,-0.0549,-0.0052,0.312,0.278,8,0,4,0,0,0.0664
3.35,8.89,19.53,22.14,31.63,77.76,148.08,4.67,67.53,16.4,82.1,20.2,1888.6,24.72,83.3,0.0275,-0.0244,0.739,0.963,2,2,1,3,1,0.991
3.66,6.57,13.66,24.27,36.81,58.0,89.77,5.43,49.83,7.6,80.0,10.8,2611.0,24.5,228.9,-0.0328,-0.0305,0.608,0.454,0,0,4,0,1,0.7867
0.6,1.44,1.97,3.35,5.27,11.31,21.67,0.75,10.09,13.5,69.4,14.2,3577.3,12.24,246.8,-0.0045,-0.1293,0.353,0.755,3,1,5,2,0,0.0111
2.28,4.92,9.78,11.57,15.33,37.26,42.33,2.54,25.26,10.4,78.9,7.4,864.4,28.44,168.3,0.0153,0.0177,0.478,0.569,8,1,5,1,1,0.1516
0.22,0.46,0.89,1.0,1.39,3.17,5.9,0.31,2.76,14.6,71.6,2.0,571.0,21.31,20.1,-0.0971,0.039,0.433,0.579,3,4,3,1,0,0.0323
7.28,11.06,15.43,17.2,21.56,36.67,66.93,8.14,33.45,13.0,71.5,27.2,4048.4,18.52,330.7,-0.0805,0.0069,0.485,0.069,2,1,4,1,0,0.5836
1.27,2.78,5.5,6.5,9.86,19.76,36.33,1.32,17.47,7.4,62.9,20.8,498.4,12.89,352.9,0.0455,-0.0043,0.396,0.335,1,2,4,1,0,0.0483
1.28,2.08,3.0,5.03,6.67,11.67,19.63,1.3,10.16,8.8,57.3,15.8,2035.7,15.69,155.2,-0.0332,0.0067,0.303,0.801,0,4,4,1,0,0.0131
14.79,27.35,45.29,61.55,89.82,143.94,231.86,14.94,125.39,6.6,99.3,8.0,2480.1,30.68,220.9,-0.0308,-0.0427,0.95,0.564,1,0,2,1,1,1.0
1.71,2.58,3.81,5.86,8.1,17.54,32.45,1.91,15.33,18.5,93.3,11.1,2296.7,25.72,162.1,0.0083,-0.025,0.457,0.855,2,4,2,1,0,0.132
1.71,3.47,5.72,7.87,10.75,26.6,47.67,1.9,22.33,18.6,48.1,8.6,407.0,13.66,115.9,-0.0193,-0.0083,0.351,0.24,4,4,2,2,0,0.2368
3.52,9.51,14.28,21.42,25.25,45.13,87.71,5.12,42.05,9.9,44.6,8.8,286.7,20.63,27.8,0.0209,0.0348,0.445,0.27,5,7,1,0,1,0.8803
0.5,1.27,2.37,3.06,4.48,8.58,15.78,0.59,7.66,17.0,61.0,14.8,487.8,25.12,164.2,-0.0026,0.0689,0.319,0.41,4,2,3,0,0,0.0497
3.06,4.82,9.64,16.67,18.77,33.13,46.32,3.13,26.43,8.2,61.5,42.2,2480.2,14.21,294.6,0.0099,-0.0115,0.52,0.391,0,1,2,1,0,0.3093
0.88,2.13,2.6,3.99,5.94,14.66,18.12,1.23,10.27,15.9,73.0,19.0,2309.0,28.18,6.1,-0.0351,-0.0522,0.419,0.591,4,3,3,1,0,0.105
0.38,0.94,1.5,2.14,3.34,7.16,8.89,0.52,5.18,13.1,46.4,17.5,1020.0,6.08,209.6,0.0097,0.0018,0.272,0.77,2,0,5,1,0,0.0034
1.62,4.07,5.48,7.09,10.64,19.71,36.89,1.77,17.87,19.6,77.0,5.6,2696.8,28.05,317.1,0.0553,0.1006,0.42,0.859,2,0,1,2,0,0.3483
8.45,19.89,24.25,31.71,37.92,83.01,146.42,10.33,70.63,20.2,83.2,24.0,3453.3,27.09,78.3,-0.0284,-0.0479,0.737,0.511,2,1,4,2,1,0.9913
2.93,4.65,10.14,16.1,20.17,28.1,55.84,3.45,28.04,32.2,25.6,15.2,222.6,22.32,66.0,0.0458,0.0443,0.326,0.668,0,3,1,0,1,0.3178
0.1,0.24,0.45,0.62,0.75,0.93,1.77,0.14,0.93,6.6,82.5,9.9,2117.2,16.99,278.0,-0.0026,0.0668,0.546,0.867,0,0,3,1,1,0.0134
0.76,1.36,2.24,3.35,4.08,7.6,14.69,0.99,7.0,26.2,51.2,9.2,2910.6,11.33,91.8,0.0367,-0.018,0.344,0.805,2,3,2,0,0,0.0118
2.18,4.95,8.08,14.47,21.8,45.81,78.52,2.38,38.72,18.8,91.1,18.3,1097.1,19.67,69.1,0.0064,-0.035,0.634,0.87,0,1,1,0,0,0.5493
5.04,12.01,24.51,32.39,36.65,48.93,66.56,7.03,41.7,24.6,84.5,12.6,1327.2,24.29,136.1,-0.0017,0.0287,0.449,0.893,2,3,4,1,0,0.3983
13.02,21.33,37.77,52.37,69.9,107.81,165.14,16.8,92.7,20.6,82.9,20.8,2596.6,28.5,141.3,0.0175,0.0177,0.809,0.637,2,2,3,0,1,0.9996
0.23,0.49,0.95,1.26,1.76,4.35,4.91,0.33,2.93,21.0,37.3,19.7,3776.4,12.6,314.7,0.0607,0.0347,0.305,0.639,6,0,3,0,0,0.0075
0.17,0.31,0.65,0.76,1.19,1.71,2.86,0.25,1.56,12.6,27.1,22.7,3411.2,15.4,222.6,0.0118,0.1037,0.22,0.704,7,0,5,0,0,0.0031
0.33,0.84,1.76,3.09,4.41,6.21,8.13,0.47,5.13,13.2,57.2,6.7,2470.0,15.7,146.1,0.0239,0.0084,0.338,0.264,7,0,1,1,0,0.0984
4.18,11.34,14.68,23.86,34.65,58.57,113.13,4.52,55.05,31.0,94.1,14.4,3080.4,7.59,192.4,-0.0184,-0.0596,0.664,0.7,5,0,2,1,0,0.5978
21.66,47.03,79.29,121.27,166.44,415.93,586.21,31.41,308.79,17.7,75.0,20.2,1564.0,35.37,343.4,0.0785,0.0033,0.95,0.842,8,2,3,1,1,1.0
1.4,3.11,5.71,6.37,8.19,13.13,20.14,1.49,11.18,23.3,52.8,10.9,2710.0,53.55,40.8,0.032,0.0121,0.34,0.547,3,7,2,1,1,0.9054
0.51,0.82,1.36,2.29,2.93,4.29,6.4,0.56,3.69,15.9,83.5,29.0,1984.7,37.12,74.8,0.0039,0.0634,0.406,0.844,7,3,3,0,0,0.0562
1.91,3.83,5.7,6.56,9.52,13.62,20.76,2.71,11.93,15.8,62.0,35.0,838.2,11.87,346.5,-0.0061,-0.0098,0.34,0.307,3,4,4,2,0,0.047
4.61,7.79,16.48,19.61,25.2,56.24,108.05,6.48,49.89,17.2,84.1,18.9,2962.2,45.13,344.6,0.0489,-0.0205,0.68,0.362,4,7,3,2,1,0.9999
40.33,97.43,204.47,237.41,340.74,779.09,1223.19,48.45,619.83,13.0,96.8,20.7,2359.3,17.29,63.8,-0.0303,-0.0686,0.95,0.559,0,2,3,1,1,1.0
34.83,95.67,195.35,234.9,322.62,686.9,1159.48,37.87,574.51,21.5,87.7,11.7,1538.3,28.28,52.2,-0.0891,0.0274,0.95,0.761,3,0,3,2,1,1.0
0.56,1.43,3.06,4.73,6.51,15.29,26.79,0.62,12.8,19.7,52.8,13.8,3832.1,27.36,151.6,0.0036,0.1674,0.325,0.893,6,6,1,2,0,0.1474
2.27,4.54,8.82,10.21,12.89,30.6,55.33,3.37,25.99,22.4,47.2,12.1,136.9,3.6,17.9,0.0595,-0.0111,0.485,0.667,2,3,3,1,0,0.0436
0.26,0.61,0.97,1.5,1.8,4.01,4.95,0.27,2.87,13.7,54.1,32.5,1360.5,20.13,235.8,0.0796,0.0226,0.296,0.532,0,7,2,0,0,0.025
39.37,110.1,186.91,307.21,343.03,700.52,800.58,46.6,495.33,5.7,89.9,13.7,286.1,11.4,27.9,-0.0054,-0.0274,0.95,0.858,2,3,2,2,1,1.0
2.22,3.45,6.97,9.91,12.22,26.9,37.72,2.92,20.43,27.0,50.0,11.0,3231.1,5.23,20.9,0.0022,-0.0641,0.42,0.64,3,4,3,2,0,0.0448
35.32,65.74,138.75,214.64,296.88,726.51,861.94,48.99,501.02,2.5,90.7,16.8,2963.7,21.69,174.7,0.026,0.0217,0.95,0.929,4,5,4,1,1,1.0
1.76,2.81,5.26,7.1,10.75,22.89,40.28,2.35,19.56,15.6,63.5,26.3,1425.1,26.21,344.8,-0.0132,0.0014,0.307,0.728,2,4,2,2,0,0.2025
0.27,0.64,1.14,1.85,2.77,5.99,11.2,0.32,5.27,16.3,64.2,1.9,2854.0,13.8,153.6,0.0258,-0.1193,0.377,0.693,1,2,3,2,0,0.0201
0.61,1.59,3.33,5.97,8.86,14.56,23.77,0.69,12.68,27.9,54.1,32.0,1693.1,20.91,128.3,-0.0043,0.0805,0.328,0.669,6,2,3,0,0,0.0311
0.09,0.17,0.33,0.44,0.53,0.96,1.35,0.12,0.76,30.6,64.5,10.3,3188.5,36.27,359.3,0.0506,0.0208,0.292,0.588,4,4,5,1,0,0.0226
2.1,4.22,8.91,13.61,19.6,48.02,65.85,2.54,35.33,24.3,49.9,6.8,1934.9,17.24,191.5,0.0361,0.0037,0.442,0.77,1,4,2,0,1,0.1915
1.76,3.32,6.91,12.3,14.95,35.17,55.02,1.86,27.78,15.8,82.3,47.9,1761.0,8.72,135.1,0.0405,-0.0211,0.531,0.734,4,1,4,1,0,0.0437
1.08,2.42,3.7,4.16,5.26,7.33,13.84,1.61,7.13,12.9,62.9,14.3,3929.1,29.8,138.9,-0.0103,0.0203,0.36,0.42,1,2,4,0,0,0.0559
4.62,7.69,10.23,13.26,19.5,25.81,32.0,6.42,21.28,22.7,100.0,15.8,1091.1,15.78,70.2,0.0963,0.0226,0.49,0.883,1,3,2,0,0,0.0989
13.53,23.61,44.91,54.45,68.06,121.87,221.55,17.8,109.68,11.1,85.3,46.7,549.9,13.22,184.4,0.0242,0.0201,0.95,0.843,5,0,2,1,1,0.9993
3.32,5.33,11.36,17.34,24.51,35.05,45.67,3.87,28.76,18.8,69.5,8.2,2475.9,16.56,158.0,0.0124,0.0534,0.463,0.681,5,0,2,3,0,0.4135
0.3,0.51,1.07,1.31,1.88,4.61,5.99,0.42,3.31,21.3,72.7,6.0,4072.7,16.23,97.5,-0.038,0.0648,0.438,0.626,2,1,2,0,0,0.0219
4.65,12.08,25.62,33.81,53.52,116.67,147.88,5.21,84.87,16.3,68.4,4.1,1618.0,6.47,57.8,-0.0049,0.1003,0.755,0.714,0,5,2,0,1,0.887
0.51,0.89,1.84,2.58,3.04,6.97,8.61,0.52,4.96,15.8,74.6,17.3,307.5,22.72,112.0,0.0057,-0.0418,0.295,0.642,0,1,4,1,0,0.0165
39.56,84.2,137.95,156.95,186.67,383.4,448.72,47.15,273.36,21.9,94.6,20.5,1458.1,22.5,183.1,-0.0394,-0.0287,0.95,0.737,6,2,2,0,1,1.0
41.77,100.61,214.96,281.12,373.8,832.27,1581.34,56.27,734.23,22.9,88.6,10.8,2149.6,16.82,21.0,-0.0146,0.0181,0.95,0.391,5,4,2,2,1,1.0
0.79,1.38,2.53,3.18,4.34,6.48,7.77,1.16,5.08,18.2,60.2,23.5,722.0,21.57,55.3,-0.0083,-0.039,0.391,0.84,2,1,4,0,0,0.01
5.07,10.56,21.44,30.04,38.83,96.42,126.56,5.73,69.34,29.0,44.6,14.7,2781.1,27.13,341.2,0.0028,-0.0309,0.623,0.363,1,0,3,1,1,0.9876
0.56,0.99,1.49,2.68,3.8,7.49,13.51,0.58,6.58,9.3,42.0,10.3,4190.7,22.32,195.4,-0.0881,0.0238,0.368,0.502,1,6,1,2,0,0.183
2.27,6.12,10.4,18.71,26.14,42.88,50.5,2.55,32.49,13.5,42.4,37.6,1924.7,12.9,22.8,-0.0068,0.045,0.373,0.428,5,3,2,2,0,0.3448
0.99,1.54,2.03,2.49,3.56,8.84,11.23,1.36,6.26,23.8,28.1,6.5,1522.1,11.26,249.5,-0.0189,0.0638,0.256,0.77,1,0,3,0,0,0.0073
5.24,11.85,16.05,25.7,39.86,48.9,63.9,6.59,42.15,17.1,98.6,42.5,1712.9,48.59,22.2,-0.001,-0.0096,0.476,0.905,2,4,2,1,1,0.9814
1.37,3.62,7.27,12.53,14.71,30.86,52.0,1.85,25.86,16.4,59.6,13.9,527.9,22.62,266.0,0.0518,0.0232,0.468,0.456,3,4,2,0,1,0.3486
1.27,3.19,6.85,10.03,15.12,34.42,61.16,1.89,29.19,5.5,28.5,12.1,3715.6,17.85,270.0,0.1026,0.0121,0.476,0.561,1,4,2,1,0,0.2909
0.99,1.79,3.09,4.99,7.0,9.19,15.71,1.24,8.67,9.3,44.0,31.9,1771.5,25.49,234.4,0.0339,0.0009,0.322,0.218,1,1,2,0,0,0.1714
0.32,0.7,1.18,1.63,2.52,5.68,8.86,0.33,4.52,28.1,52.9,15.7,1657.2,13.88,263.6,-0.0617,-0.0408,0.294,0.838,2,2,2,0,0,0.0095
1.49,2.36,5.05,7.68,8.5,18.0,35.94,2.14,16.46,17.3,94.2,12.9,2787.7,29.95,31.7,-0.0173,-0.0472,0.535,0.351,3,3,2,0,1,0.677
1.7,3.16,6.42,9.14,13.84,22.03,38.16,1.79,19.89,19.9,93.3,26.1,1884.4,15.9,261.6,0.0298,0.0333,0.537,0.624,4,1,2,0,0,0.1125
7.51,15.01,20.76,27.23,32.83,44.32,59.71,9.02,37.5,28.7,86.7,16.0,2740.2,5.57,49.2,0.0242,-0.0416,0.558,0.929,2,0,3,0,0,0.121
2.23,3.56,4.42,5.32,8.38,18.49,34.62,3.33,16.21,20.7,43.6,36.1,305.0,18.49,122.2,0.0494,-0.0888,0.304,0.657,0,0,3,2,1,0.0765
4.01,6.88,14.8,19.3,24.31,58.29,92.37,4.73,46.17,11.5,54.1,5.4,3427.0,10.44,339.4,-0.0049,-0.0016,0.549,0.421,2,2,3,1,0,0.4354
0.27,0.69,1.2,2.06,3.01,5.3,9.78,0.33,4.82,17.5,80.2,5.0,3953.1,17.32,181.0,-0.0182,0.0728,0.41,0.655,0,1,3,1,0,0.0214
7.9,16.65,30.74,53.21,80.11,155.68,172.21,11.75,110.01,25.1,75.3,6.7,2742.4,16.07,348.3,0.0876,-0.1397,0.724,0.631,0,0,3,1,1,0.9977
0.4,1.1,1.9,3.24,5.06,8.71,15.54,0.51,7.84,14.2,80.5,23.8,4011.4,23.87,32.0,0.0029,-0.0144,0.374,0.679,2,4,3,0,0,0.0295
1.17,2.0,3.87,5.05,6.06,13.28,21.82,1.72,10.89,12.5,79.6,41.0,678.4,40.4,171.9,-0.0508,0.0338,0.446,0.605,7,2,3,0,0,0.3325
0.45,1.07,2.24,3.87,5.45,12.64,22.35,0.52,10.66,28.3,44.2,1.9,2031.3,28.43,22.5,0.0738,-0.0912,0.372,0.897,4,1,2,1,0,0.0724
0.22,0.56,1.23,1.49,1.66,3.31,5.79,0.24,2.86,26.7,41.0,16.8,2547.5,22.59,226.9,-0.0748,-0.0107,0.28,0.494,4,3,4,0,0,0.0126
0.08,0.2,0.31,0.53,0.6,1.09,1.34,0.09,0.82,20.6,37.4,5.4,2464.2,20.71,28.3,-0.1748,-0.057,0.201,0.613,3,2,3,1,0,0.0134
0.63,1.57,2.7,3.49,4.57,9.68,17.77,0.91,8.46,13.3,52.3,2.0,1716.1,23.0,63.1,0.0385,-0.0504,0.313,0.731,5,3,5,2,0,0.0188
5.33,9.15,19.07,29.7,42.97,75.33,84.36,6.23,54.96,17.9,55.3,8.2,1453.1,37.81,93.2,0.0455,-0.0201,0.437,0.704,4,0,2,0,1,0.9582
0.96,2.0,3.27,5.31,7.58,15.18,22.92,1.34,12.18,15.8,69.9,23.8,576.3,25.29,269.5,0.0207,-0.0562,0.409,0.446,3,0,2,0,1,0.1633
0.06,0.15,0.24,0.27,0.37,0.69,0.91,0.07,0.53,3.8,62.5,10.2,1675.7,5.64,59.0,-0.0651,-0.0603,0.363,0.599,2,2,5,1,0,0.0031
16.52,37.03,80.32,104.61,146.63,209.83,341.46,24.73,189.14,20.8,96.0,12.2,725.0,10.77,304.8,-0.0029,-0.003,0.95,0.828,0,7,3,0,1,1.0
0.34,0.67,1.3,2.0,2.82,4.83,8.54,0.38,4.33,25.2,67.2,22.9,3097.6,32.67,47.5,-0.0139,0.1114,0.361,0.785,2,1,3,1,0,0.0502
0.09,0.14,0.23,0.36,0.54,0.83,1.6,0.09,0.8,17.5,50.5,11.7,916.6,22.31,12.7,-0.0269,0.0379,0.264,0.582,6,3,3,0,0,0.0131
2.36,5.4,10.79,18.56,28.65,44.73,52.53,3.3,34.34,29.9,82.2,13.7,293.0,37.42,142.2,0.0706,0.0505,0.448,0.685,2,0,2,0,1,0.806
0.89,2.36,3.59,5.57,7.2,8.77,14.24,1.1,8.27,15.7,64.3,19.6,2342.3,27.5,352.6,-0.0523,0.0399,0.378,0.701,0,1,4,0,0,0.0271
15.27,26.96,48.23,59.95,67.91,154.54,219.39,21.3,117.25,22.4,84.8,5.0,2520.2,20.35,39.7,0.0158,-0.0349,0.95,0.544,3,0,2,0,1,1.0
1.88,5.26,10.04,16.54,20.19,24.97,33.16,2.42,21.6,25.8,63.2,16.8,3668.4,20.16,36.6,0.0597,0.0155,0.448,0.405,2,5,5,0,0,0.0687
8.71,15.46,29.61,52.44,60.2,132.22,155.2,10.61,92.93,20.8,86.8,15.8,2444.5,13.77,270.4,0.0191,0.0549,0.727,0.425,6,1,2,1,1,0.9955
5.98,13.39,18.7,29.08,43.51,61.77,80.63,7.55,50.83,9.5,53.9,9.4,1483.7,17.1,112.4,0.0621,0.0414,0.536,0.705,0,0,1,0,1,0.8253
7.16,15.21,33.39,47.62,53.8,129.88,196.88,9.59,100.52,17.2,81.3,18.1,3382.5,9.13,258.2,0.0282,0.0097,0.91,0.34,3,3,4,0,1,0.9852
0.57,1.43,2.79,4.64,6.19,13.91,15.37,0.69,9.48,14.9,63.1,11.4,2292.2,12.0,72.0,0.0215,0.026,0.456,0.725,3,0,4,1,0,0.0123
23.08,49.31,95.8,136.01,186.45,251.74,409.71,31.47,230.62,31.6,80.5,6.5,379.0,10.34,165.6,0.0183,0.1231,0.95,0.276,8,0,3,0,1,1.0
1.05,2.03,3.62,4.37,6.62,14.85,17.74,1.12,10.46,6.8,63.9,6.7,2398.3,18.95,95.5,0.0307,0.042,0.431,0.343,2,0,3,0,0,0.0578
1.17,3.22,4.96,5.74,8.33,13.87,22.44,1.57,11.99,11.0,65.0,19.0,3818.3,14.65,162.6,-0.0193,-0.0158,0.507,0.602,5,7,5,1,0,0.0191
1.3,2.9,4.9,6.75,9.45,22.57,32.5,1.71,17.08,5.6,73.1,6.9,1694.7,6.92,276.9,-0.0651,-0.0037,0.389,0.337,0,0,3,0,0,0.0288
0.37,0.57,0.93,1.49,2.07,3.85,6.92,0.53,3.42,16.0,33.7,5.6,1279.8,25.53,274.3,0.0477,-0.0527,0.286,0.103,0,7,4,1,0,0.0571
0.08,0.18,0.23,0.37,0.49,1.05,1.57,0.1,0.83,23.1,52.1,17.2,645.4,15.46,185.7,0.0581,0.1174,0.277,0.572,1,0,2,1,0,0.018
1.17,2.52,5.35,7.87,12.2,15.0,29.23,1.33,15.33,26.0,68.6,16.7,678.5,29.43,334.2,0.0126,0.0802,0.311,0.367,3,0,3,1,0,0.2087
1.4,2.16,3.69,5.19,6.17,7.84,10.93,1.88,6.85,11.3,44.1,23.2,1846.0,24.67,95.0,-0.0274,0.0042,0.263,0.624,2,5,5,0,0,0.0116
4.75,11.35,14.11,22.05,34.88,41.9,66.57,5.22,39.32,19.3,61.2,5.6,2522.1,51.54,86.5,-0.0779,0.109,0.406,0.302,1,2,2,0,1,0.9993
2.27,4.82,7.81,13.84,19.4,24.1,42.38,3.33,23.41,1.5,93.4,25.9,384.6,19.03,221.0,0.0043,0.0316,0.522,0.628,2,1,3,0,0,0.1432
12.71,20.94,33.93,44.19,53.86,103.31,133.97,17.24,78.17,20.2,81.2,13.9,3949.2,13.93,223.7,-0.0674,-0.0215,0.727,0.77,2,2,1,0,1,0.9877
0.55,1.07,1.37,2.05,3.0,6.66,7.42,0.75,4.57,18.2,80.4,19.0,3183.8,11.89,16.8,-0.0744,0.0453,0.351,0.683,2,1,3,0,0,0.0083
0.08,0.17,0.24,0.41,0.52,0.66,1.2,0.12,0.65,14.7,70.4,3.3,2484.5,26.86,218.8,-0.001,0.0199,0.31,0.92,0,3,2,1,0,0.023
16.46,43.36,55.41,71.02,81.7,127.07,173.3,21.05,103.69,20.2,88.0,18.4,3488.0,28.21,134.8,-0.0382,0.0419,0.778,0.825,6,3,4,0,1,0.9993
3.38,7.09,9.64,12.36,14.1,25.36,31.54,4.98,19.16,25.0,81.4,10.7,382.8,19.22,269.1,0.0173,-0.0685,0.462,0.714,2,0,2,2,0,0.2212
2.39,6.4,8.42,14.46,19.98,37.14,60.67,2.73,31.45,27.4,90.1,9.2,2028.9,22.03,290.9,-0.008,-0.0405,0.471,0.638,1,6,2,1,0,0.4245
0.3,0.76,1.59,2.82,4.01,8.28,11.89,0.36,6.45,10.8,90.7,11.2,2664.9,33.15,198.8,-0.0303,0.0744,0.562,0.669,3,2,5,1,0,0.064
10.15,23.75,46.93,74.11,93.72,121.49,162.67,14.14,103.84,14.0,82.9,9.2,3488.9,27.54,0.6,-0.0852,0.0847,0.721,0.637,1,0,2,0,1,0.9999
0.3,0.69,1.43,2.22,3.22,7.07,12.28,0.39,5.96,22.9,44.5,12.1,3301.4,22.68,229.1,-0.0426,0.0708,0.27,0.549,2,1,3,1,0,0.031
3.57,8.73,11.69,17.16,21.19,29.5,58.15,4.57,29.33,15.0,87.0,13.7,1199.8,9.37,269.6,-0.0408,0.1109,0.529,0.222,1,5,4,1,1,0.1788
3.18,6.6,12.34,20.32,25.86,44.94,70.75,3.97,37.98,23.6,52.6,3.9,3954.7,12.2,89.6,-0.0613,0.0289,0.582,0.794,5,1,2,3,1,0.4688
0.79,1.61,3.38,6.01,7.29,11.44,20.58,1.03,10.56,21.6,67.5,20.3,566.0,15.75,167.3,-0.0165,0.0254,0.357,0.713,8,2,1,1,0,0.0603
1.11,1.98,4.26,5.83,8.26,15.2,28.24,1.38,13.75,11.5,49.7,2.1,3681.8,16.29,347.7,-0.0574,-0.0457,0.343,0.806,0,6,4,0,0,0.0135
1.04,2.31,2.91,3.79,5.1,7.5,11.52,1.48,6.54,17.8,49.0,10.5,4079.4,12.86,107.3,-0.0082,-0.029,0.285,0.679,0,3,3,0,0,0.0106
37.66,90.49,142.89,254.53,299.09,636.61,990.22,46.85,511.39,24.6,87.0,14.7,785.2,12.0,80.3,0.012,-0.0994,0.95,0.44,1,3,2,2,1,1.0
0.6,1.11,1.73,2.52,4.0,7.98,13.94,0.64,6.88,17.6,65.1,16.0,3046.6,16.66,75.9,-0.0413,-0.0161,0.314,0.885,2,0,2,1,0,0.0195
3.16,5.7,7.9,9.66,14.95,30.18,58.32,3.57,27.36,4.2,77.2,10.7,217.2,20.85,201.2,0.0213,-0.1029,0.441,0.336,0,3,4,2,0,0.3082
69.92,121.81,164.97,283.22,422.38,901.57,1654.35,101.59,786.81,13.3,83.9,12.0,1732.5,24.96,341.9,-0.0681,0.054,0.95,0.484,4,1,3,0,1,1.0
0.61,0.96,1.51,1.77,2.03,3.0,5.41,0.82,2.81,20.1,75.0,11.8,2192.6,6.57,219.1,-0.0556,0.0194,0.423,0.705,2,6,3,0,0,0.0052
29.11,78.32,149.73,219.0,288.72,559.15,1005.36,31.69,492.18,18.6,87.1,10.5,2459.7,14.73,109.2,-0.0057,-0.1013,0.95,0.533,3,0,3,2,1,1.0
0.13,0.36,0.69,1.13,1.54,2.96,4.51,0.17,2.41,26.3,28.5,16.4,3934.1,7.09,229.9,0.0344,-0.0095,0.203,0.786,2,1,4,1,0,0.0037
2.05,3.48,6.19,10.62,16.7,34.31,64.31,2.7,30.5,35.4,80.9,1.2,2839.8,19.09,224.9,0.0434,0.0984,0.5,0.703,6,0,4,0,0,0.1024
2.78,7.13,14.16,16.39,20.99,46.5,66.14,3.52,35.51,0.8,65.3,3.2,2047.3,18.92,214.9,0.0806,-0.0063,0.452,0.904,0,1,2,1,0,0.2605
0.94,1.9,3.62,5.7,8.18,19.39,31.93,1.41,15.69,11.8,73.3,19.5,3410.2,18.08,57.4,-0.0188,-0.0499,0.432,0.656,3,0,5,2,0,0.0342
0.12,0.27,0.53,0.89,1.22,1.66,2.02,0.15,1.35,20.9,76.3,23.8,3994.7,16.62,228.4,-0.0064,-0.0893,0.369,0.617,3,4,3,1,0,0.015
7.24,15.95,34.69,53.3,80.21,108.68,183.13,10.6,101.03,17.5,97.1,16.4,141.6,14.88,154.9,-0.0516,-0.0878,0.766,0.365,3,6,1,1,1,0.9998
0.08,0.2,0.36,0.46,0.54,0.72,1.28,0.12,0.69,16.7,44.2,34.0,4127.5,18.12,6.7,-0.0627,0.0268,0.384,0.502,2,3,2,1,0,0.0342
2.54,5.81,11.43,18.01,27.25,64.3,94.5,3.3,49.23,5.4,99.5,20.7,407.4,25.28,194.3,0.0114,-0.0217,0.608,0.767,0,0,3,1,1,0.7253
20.11,36.95,75.13,130.26,185.73,306.1,477.91,24.01,261.01,17.5,89.8,7.4,3429.7,15.5,356.1,-0.0388,-0.0175,0.95,0.624,3,1,2,0,1,1.0
3.07,6.12,12.93,22.64,26.15,54.06,60.26,4.6,37.73,10.7,76.0,6.4,1213.4,9.71,125.9,0.0616,-0.0215,0.529,0.927,4,7,2,1,0,0.176
0.71,1.41,2.46,3.93,5.79,9.7,18.56,0.75,9.09,16.6,66.8,11.9,598.5,22.0,347.6,-0.0731,-0.007,0.333,0.572,0,0,3,2,0,0.0622
23.08,62.56,132.55,166.86,211.34,384.34,704.5,32.81,346.18,3.3,87.4,20.1,1875.4,28.31,34.6,0.0243,-0.0614,0.95,0.574,2,2,4,1,1,1.0
4.19,6.52,11.35,14.23,16.22,32.58,57.36,5.5,28.16,24.7,47.7,11.2,2722.4,9.43,263.7,-0.0503,0.0158,0.433,0.632,0,1,1,1,0,0.2099
3.47,8.72,16.51,22.37,29.53,51.66,59.99,4.47,38.25,16.9,53.0,9.7,1631.0,8.56,41.2,-0.041,-0.0711,0.489,0.385,3,7,2,0,0,0.2872
0.1,0.21,0.33,0.41,0.48,0.64,0.83,0.15,0.53,7.8,62.4,8.5,276.4,9.23,98.5,0.027,-0.0378,0.266,0.524,4,1,4,2,0,0.0081
2.98,7.33,16.01,20.24,25.02,48.8,97.13,3.46,45.24,30.0,52.2,12.9,2537.8,17.99,205.5,-0.0338,0.0505,0.545,0.764,3,0,5,1,0,0.2424
3.95,7.49,10.62,13.33,21.31,50.1,75.82,4.01,38.94,14.0,63.9,23.9,3795.0,41.95,213.4,-0.0258,0.0188,0.446,0.723,1,3,1,1,1,0.9698
0.91,1.47,2.15,2.52,2.96,5.53,10.45,1.24,5.03,17.0,44.1,17.3,1640.3,38.55,279.1,-0.0406,0.0343,0.233,0.768,0,1,3,0,0,0.0408
3.35,8.53,12.38,18.2,23.48,55.9,95.6,3.5,46.09,20.8,50.1,1.9,947.8,22.04,221.5,0.0893,0.1075,0.583,0.536,4,3,3,0,1,0.6365
12.25,20.02,32.46,42.02,60.14,117.49,214.89,14.09,104.14,16.1,89.4,20.9,1886.7,9.09,213.7,-0.0309,-0.003,0.863,0.495,1,0,3,2,1,0.9974
0.09,0.23,0.44,0.8,1.27,2.63,4.34,0.13,2.19,21.0,64.1,14.8,250.7,38.33,328.4,0.0026,0.0011,0.311,0.661,0,2,1,1,0,0.245
1.19,2.6,5.69,7.92,10.2,16.42,20.88,1.4,12.89,17.2,64.8,11.9,3455.0,39.37,162.8,-0.0101,-0.0132,0.367,0.311,2,1,3,0,0,0.4707
4.12,9.83,17.87,27.61,33.3,58.05,90.72,5.1,48.85,16.5,50.5,31.2,3479.3,11.7,81.1,0.0111,-0.0222,0.511,0.758,1,2,2,1,0,0.5017
1.15,2.11,3.84,6.78,8.84,17.59,32.66,1.32,15.66,16.6,78.6,9.2,2490.2,19.21,58.2,-0.0307,-0.0505,0.5,0.565,4,5,2,1,0,0.1538
0.22,0.54,0.92,1.53,1.81,4.04,7.75,0.33,3.58,18.4,58.2,11.5,1515.4,28.24,144.0,-0.01,0.0042,0.306,0.462,0,7,4,2,1,0.0471
0.87,2.31,4.86,8.11,12.92,27.56,47.85,0.99,23.38,25.4,58.5,21.6,3369.1,35.75,256.6,0.0197,0.0178,0.463,0.764,2,4,2,1,1,0.5422
2.94,5.09,7.8,13.7,18.33,37.61,64.11,3.88,31.84,14.9,98.3,10.1,2352.0,17.72,15.3,-0.0432,0.0205,0.65,0.59,1,4,1,0,1,0.6294
1.32,3.39,4.71,7.97,11.4,27.76,46.26,1.37,22.5,23.8,67.7,11.1,3477.6,29.72,46.5,0.0545,0.0032,0.488,0.556,3,2,2,0,1,0.4534
1.47,3.31,4.73,8.16,10.43,13.13,21.14,1.51,12.22,22.6,60.0,36.0,2670.6,23.17,38.2,0.0593,0.0463,0.267,0.735,2,0,1,2,0,0.139
7.78,13.83,28.49,49.52,60.89,143.68,273.14,7.88,125.52,8.8,85.1,18.2,3305.3,22.51,210.7,0.0303,0.0015,0.95,0.847,4,3,4,0,1,0.9992
0.08,0.21,0.29,0.42,0.48,0.84,1.51,0.12,0.75,6.2,32.5,3.5,2534.0,21.43,87.4,0.0035,-0.0205,0.207,0.448,2,0,1,1,0,0.05
2.83,5.07,8.61,10.44,15.56,22.32,38.97,2.93,20.77,19.3,51.2,10.9,1768.7,42.97,59.9,-0.1495,-0.0463,0.411,0.634,0,0,3,1,1,0.6543
103.21,272.95,415.35,698.64,965.32,1293.83,1900.95,120.78,1136.56,16.9,83.8,7.3,4025.5,19.82,213.4,0.0212,-0.0774,0.95,0.611,1,3,1,0,1,1.0
0.51,1.0,1.38,2.33,2.8,6.94,10.51,0.63,5.34,17.6,45.8,16.0,2295.6,24.71,274.1,-0.0196,0.073,0.294,0.466,8,3,2,2,0,0.1024
2.29,5.53,9.79,14.75,21.16,51.68,77.1,2.75,39.6,15.5,81.0,15.4,2561.1,43.1,119.6,-0.0123,-0.035,0.533,0.693,2,1,2,1,1,0.9755
8.41,20.59,42.32,69.66,85.16,211.64,422.99,9.62,188.46,12.2,88.2,15.5,965.0,25.64,208.2,-0.0949,-0.0463,0.95,0.504,3,4,5,0,1,1.0
1.14,2.44,3.7,6.44,7.77,15.39,29.7,1.58,13.99,21.5,91.9,10.6,2646.5,14.29,35.3,0.0247,-0.0209,0.466,0.621,6,6,5,0,0,0.0136
0.42,1.08,1.43,2.1,3.23,5.99,7.16,0.61,4.42,22.1,44.0,12.5,2422.2,18.7,336.7,-0.0724,-0.0139,0.324,0.359,0,2,1,2,0,0.132
3.38,6.69,12.19,17.92,24.15,50.12,76.38,4.62,40.08,25.3,66.3,15.9,817.1,12.34,121.3,0.0059,0.0819,0.569,0.684,3,3,2,0,0,0.3045
4.77,12.44,24.13,41.82,57.13,93.07,124.7,4.9,74.44,16.2,70.8,7.2,297.3,18.53,359.1,0.0452,-0.0164,0.507,0.689,1,1,2,1,0,0.9508
1.59,3.57,6.29,9.31,13.82,22.2,30.4,2.1,17.99,23.4,62.3,7.4,2558.1,17.73,352.3,-0.0235,0.1317,0.319,0.363,1,7,2,1,0,0.1551
0.25,0.38,0.51,0.85,1.13,2.18,2.43,0.31,1.55,18.8,56.3,9.1,3219.3,15.63,280.4,0.0608,0.0032,0.282,0.797,1,1,2,0,0,0.0091
1.15,2.39,2.88,4.85,5.91,13.77,16.78,1.71,9.71,11.1,42.3,15.4,2222.1,21.44,7.2,-0.0373,0.1029,0.286,0.561,4,5,3,1,0,0.0417
0.54,1.39,1.78,2.36,3.46,8.46,13.8,0.71,6.77,26.9,80.1,29.0,991.1,7.44,195.7,0.03,0.0447,0.406,0.547,2,6,1,0,0,0.0201
9.95,18.35,38.94,70.03,106.77,175.72,297.49,10.72,155.67,25.5,86.9,4.5,2816.1,47.94,31.3,-0.0652,0.0181,0.95,0.802,0,3,3,0,1,1.0
1.68,4.09,7.26,12.26,17.37,41.15,80.61,1.78,36.52,25.4,36.5,25.1,382.4,17.92,322.2,0.0516,0.0789,0.458,0.61,0,4,2,0,0,0.2959
0.11,0.23,0.36,0.58,0.87,1.2,2.21,0.12,1.16,23.5,48.0,11.2,1883.6,19.26,284.3,0.0438,0.0561,0.36,0.624,0,2,3,2,0,0.0248
62.92,119.77,165.65,226.98,252.95,349.15,462.87,71.85,291.54,19.4,100.0,22.7,728.0,37.99,350.0,0.0234,0.0317,0.95,0.767,5,6,3,0,1,1.0
2.08,5.52,10.49,12.76,17.14,41.84,66.08,2.89,32.98,16.5,38.9,6.3,815.5,25.45,219.0,-0.0197,0.1159,0.516,0.549,2,3,3,2,0,0.5747
0.06,0.12,0.24,0.33,0.43,1.03,1.31,0.08,0.74,20.3,60.2,8.4,889.5,15.42,188.0,-0.0701,-0.0249,0.288,0.6,6,1,4,0,0,0.0054
1.38,3.43,6.88,8.0,9.03,12.23,18.58,1.76,10.86,16.3,56.2,16.5,1654.8,16.59,186.8,-0.0195,-0.0497,0.369,0.6,4,0,4,0,0,0.018
0.47,0.98,1.2,2.04,2.46,5.86,10.5,0.62,4.95,7.0,37.5,21.1,262.3,32.54,139.1,0.0555,-0.0338,0.204,0.789,4,2,4,0,0,0.0132
3.49,6.62,13.04,21.33,28.08,51.3,91.54,4.88,45.54,25.9,43.9,12.0,1700.8,34.87,168.7,0.0065,0.0876,0.629,0.347,1,4,2,1,1,0.9975
2.69,7.24,9.85,12.49,17.99,41.17,73.9,2.87,35.06,23.5,64.5,16.0,2173.6,14.53,228.7,-0.0777,0.0725,0.519,0.76,1,5,1,1,0,0.3641
3.78,6.33,12.64,15.69,20.3,32.07,41.25,5.16,25.43,7.9,74.9,5.2,2055.7,37.52,335.9,-0.0562,-0.0263,0.443,0.154,2,4,5,0,0,0.6298
0.15,0.33,0.45,0.57,0.84,1.78,2.63,0.21,1.4,19.3,57.8,20.4,1638.6,7.83,214.5,0.0627,-0.1177,0.36,0.386,2,0,3,0,0,0.0077
7.86,13.81,19.95,27.78,39.92,93.53,162.12,11.66,77.88,15.5,81.5,15.4,3532.5,40.1,308.6,0.0244,-0.0103,0.748,0.67,2,2,3,2,1,0.9998
0.59,0.98,1.94,2.79,4.41,9.88,11.79,0.87,6.96,25.1,90.0,8.9,653.1,23.38,310.6,-0.0617,-0.0507,0.424,0.67,0,3,2,0,0,0.0529
3.06,4.97,9.1,10.53,12.33,20.47,28.69,4.45,16.61,17.2,53.2,11.1,2148.6,37.28,186.8,-0.0883,-0.0247,0.341,0.487,7,3,3,2,0,0.5027
13.25,33.09,40.86,47.13,74.79,97.71,160.94,18.27,90.84,18.4,89.2,13.6,307.5,26.84,125.1,-0.0313,-0.0527,0.879,0.408,0,1,5,0,1,0.9994
7.76,14.29,19.51,26.23,29.92,69.03,107.85,8.34,54.69,14.2,81.7,8.0,345.3,15.04,230.2,-0.0926,-0.0805,0.709,0.523,0,3,2,0,1,0.8639
0.0,0.0,0.01,0.01,0.01,0.02,0.02,0.0,0.01,18.7,69.4,5.1,2431.5,18.42,160.5,-0.0078,0.0942,0.385,0.255,3,2,4,0,0,0.0151
1.75,3.75,7.67,12.1,15.2,30.06,52.43,2.2,25.94,17.7,66.1,4.6,2399.0,15.35,29.3,0.1226,-0.0342,0.45,0.514,0,2,2,0,0,0.1578
4.44,11.67,21.17,33.34,43.71,53.31,76.63,5.16,47.79,21.3,87.5,15.4,3693.8,12.99,136.0,-0.0798,0.0706,0.593,0.794,0,3,2,1,1,0.6075
7.56,18.86,26.11,38.26,47.36,116.47,226.0,8.62,102.19,11.7,81.9,17.2,2365.2,24.88,357.9,-0.0093,-0.0111,0.95,0.765,0,3,2,2,1,0.9999
1.84,4.42,6.43,11.39,17.16,23.66,31.88,2.41,19.89,6.5,55.1,12.6,4033.1,6.41,17.5,0.0656,-0.0565,0.358,0.544,0,0,3,1,0,0.0409
6.51,17.39,28.79,46.92,62.76,128.18,254.12,7.76,117.54,17.2,100.0,16.0,252.1,17.82,250.8,0.0375,0.0255,0.95,0.825,1,5,2,0,1,0.9995
5.82,13.16,16.9,24.35,34.97,78.73,148.78,7.18,69.12,19.4,74.0,12.8,456.7,20.44,302.8,-0.0074,-0.0196,0.731,0.88,1,0,1,1,1,0.9801
1.9,4.85,7.82,11.15,17.57,23.58,41.65,2.14,22.46,17.9,46.2,17.3,232.9,6.6,233.5,-0.0073,-0.0104,0.357,0.607,2,3,2,1,0,0.064
1.03,2.69,5.36,7.92,10.17,19.76,25.66,1.23,14.91,11.6,76.9,33.6,818.9,23.07,205.1,-0.0578,0.0072,0.372,0.936,2,0,1,0,0,0.0722
0.43,1.09,1.73,2.32,3.11,7.63,12.99,0.53,6.24,5.9,63.3,21.9,2296.3,26.79,254.7,-0.0134,-0.0406,0.42,0.361,2,3,2,1,1,0.2158
2.25,4.48,8.9,15.38,17.44,41.54,51.45,2.73,29.35,20.3,76.8,3.9,2729.1,24.77,154.6,0.0122,-0.0811,0.484,0.915,3,5,5,2,0,0.108
0.26,0.67,1.22,1.79,2.51,3.9,6.4,0.29,3.45,34.9,43.4,9.6,239.2,24.58,32.9,0.0553,-0.0026,0.314,0.643,1,0,2,0,0,0.0324
0.1,0.21,0.34,0.52,0.66,1.61,2.78,0.1,1.33,24.2,54.1,4.0,3975.8,20.72,346.5,-0.031,0.0482,0.375,0.619,0,7,3,1,0,0.0209
2.16,4.2,8.8,11.02,15.49,37.99,53.09,3.21,28.19,21.8,51.4,27.0,3545.0,10.97,155.6,-0.0095,-0.0451,0.453,0.189,5,0,1,0,0,0.3335
0.69,1.22,2.0,2.57,3.22,5.77,11.51,0.74,5.45,14.4,39.5,1.5,1280.9,41.48,239.5,-0.0475,0.0077,0.334,0.802,3,0,1,0,1,0.2475
0.36,0.86,1.66,2.91,3.36,4.72,5.56,0.38,3.75,30.4,57.0,40.1,370.3,2.98,191.3,0.0113,0.0753,0.353,0.642,0,5,2,1,0,0.0085
2.18,4.14,8.28,9.42,11.8,15.18,24.91,3.2,14.16,17.4,50.7,6.6,755.0,17.54,19.7,0.0392,-0.0045,0.389,0.585,7,3,2,2,0,0.1396
3.03,5.59,11.83,15.84,23.92,42.69,74.65,3.62,37.71,26.9,49.8,10.4,576.8,15.0,343.0,0.0315,0.0043,0.453,0.399,3,0,3,3,1,0.5478
0.17,0.38,0.56,0.81,0.97,1.84,2.26,0.17,1.36,32.7,52.7,22.0,561.6,20.42,285.3,-0.0585,0.0028,0.338,0.251,0,6,2,1,0,0.0712
8.75,16.04,22.47,29.97,35.61,54.72,104.51,10.61,52.27,13.9,94.6,14.5,2202.0,12.6,53.7,0.0073,-0.0341,0.744,0.512,7,3,1,1,1,0.9548
0.04,0.07,0.11,0.15,0.23,0.28,0.45,0.05,0.26,25.3,72.3,8.7,1070.3,33.47,353.4,-0.0339,-0.0497,0.37,0.631,2,0,2,0,1,0.0787
2.64,6.37,13.21,23.77,29.21,40.22,79.12,3.44,40.06,11.2,28.3,11.7,1536.3,7.71,265.3,0.0506,-0.0495,0.534,0.958,8,5,1,0,1,0.2003
0.01,0.03,0.04,0.07,0.09,0.13,0.2,0.02,0.11,22.5,80.3,8.8,4156.4,13.94,170.0,-0.0081,0.0184,0.404,0.505,0,2,5,2,0,0.0089
10.49,28.41,41.85,61.23,83.9,134.77,262.72,15.72,128.74,10.3,87.8,6.7,2889.9,17.1,220.1,-0.076,0.0379,0.95,0.723,0,1,1,1,1,1.0
3.5,8.87,10.97,15.31,20.08,34.96,56.36,4.24,29.86,28.1,63.5,1.6,3988.3,24.92,38.4,-0.011,0.0403,0.47,0.678,3,4,1,1,0,0.6546
1.31,2.55,4.85,7.98,12.05,25.7,33.36,1.44,18.98,18.0,65.7,6.9,641.6,24.99,201.7,0.0229,-0.0189,0.477,0.475,0,3,2,1,0,0.3654
2.44,5.12,9.73,15.63,21.71,48.14,72.07,2.93,37.65,11.7,99.8,25.8,1635.9,30.89,26.5,0.0122,0.0547,0.637,0.756,0,3,3,0,1,0.6743
0.22,0.49,0.99,1.54,2.24,3.7,5.56,0.3,3.1,15.3,66.6,12.9,2352.1,28.65,196.1,-0.0256,0.0154,0.28,0.895,4,5,2,1,0,0.031
4.67,9.42,15.97,19.52,28.39,68.03,129.0,5.97,59.19,19.6,82.0,14.4,368.5,17.7,199.0,-0.0293,0.0035,0.666,0.432,0,5,1,0,1,0.9711
1.53,4.24,8.87,10.5,11.95,17.07,26.82,1.9,15.16,9.9,98.3,16.3,67.4,29.84,314.8,-0.0494,-0.167,0.421,0.436,6,0,4,2,0,0.2279
20.1,31.03,39.91,57.62,91.46,148.13,271.41,24.19,136.89,17.2,89.3,14.3,2832.3,17.81,261.0,-0.0197,-0.0409,0.95,0.951,2,5,3,1,1,1.0
0.27,0.63,1.1,1.83,2.08,2.88,5.29,0.4,2.77,18.0,50.8,19.4,2713.6,7.36,89.8,-0.0428,-0.0761,0.264,0.763,5,1,2,0,0,0.006
0.1,0.23,0.39,0.45,0.71,1.47,2.29,0.14,1.19,24.2,71.2,7.8,1754.8,7.86,319.8,0.0485,0.0314,0.367,0.704,2,2,3,2,0,0.009
17.52,47.53,99.7,172.31,274.64,407.61,484.92,23.98,319.25,34.4,82.5,17.6,2082.0,16.82,206.4,-0.0451,0.0048,0.95,0.691,2,7,2,0,1,1.0
0.52,1.38,2.9,4.92,6.05,12.62,23.04,0.65,11.03,11.6,54.8,26.2,1774.1,10.47,218.3,0.0061,-0.0536,0.354,0.687,1,4,3,0,0,0.0123
1.47,3.96,8.61,10.72,15.24,19.1,37.16,1.87,19.4,21.9,71.1,12.1,149.6,18.45,60.8,0.0027,0.0152,0.536,0.932,3,1,4,0,0,0.0317
1.62,4.5,6.99,9.7,10.93,16.06,31.78,1.85,15.79,17.5,62.8,19.0,1441.8,29.09,308.8,0.0473,-0.0712,0.483,0.642,1,3,1,0,0,0.4579
0.06,0.11,0.18,0.21,0.3,0.54,0.72,0.07,0.42,23.2,47.3,21.8,784.9,15.92,335.1,0.0545,-0.0522,0.302,0.761,1,2,4,0,0,0.0042
1.25,2.67,3.72,4.22,5.03,11.12,13.67,1.71,7.96,21.3,59.5,2.3,458.5,5.73,279.0,0.0348,-0.0355,0.391,0.58,0,0,4,1,0,0.0091
0.34,0.58,1.14,1.58,2.48,3.49,4.3,0.35,2.82,33.6,71.0,25.9,4020.4,25.77,338.7,0.0176,0.027,0.306,0.576,0,5,5,1,0,0.0133
0.14,0.36,0.73,0.98,1.39,2.06,3.53,0.21,1.89,17.1,70.4,23.5,2537.3,15.0,108.8,-0.0524,0.07,0.297,0.722,1,4,3,2,0,0.0141
0.76,1.7,3.5,5.82,8.62,17.18,33.47,1.09,15.68,28.7,64.2,13.4,3073.9,17.09,310.0,-0.0534,-0.0293,0.35,0.553,3,4,2,1,0,0.0831
15.13,36.25,79.4,102.49,161.19,364.49,428.04,21.17,254.55,27.6,81.0,7.3,1358.8,55.09,176.0,-0.0423,0.0661,0.95,0.617,1,2,2,0,1,1.0
15.56,24.59,43.33,71.35,109.09,210.53,319.16,20.74,170.6,11.0,96.2,1.4,1681.6,30.91,59.0,0.0376,0.0024,0.95,0.381,1,0,3,1,1,1.0
1.02,1.62,2.29,3.0,4.0,8.01,13.96,1.36,6.89,22.6,67.6,25.3,1033.2,34.8,240.8,0.0037,0.0118,0.324,0.806,6,5,1,2,0,0.2437
3.28,5.23,9.43,14.02,16.62,41.13,75.18,4.5,34.89,7.0,49.4,2.6,452.4,16.15,246.3,0.0434,-0.0032,0.531,0.629,3,1,2,0,0,0.3113
4.36,10.58,16.53,28.06,35.4,79.02,119.42,6.35,62.0,18.6,79.8,6.0,793.0,48.8,103.3,0.0501,-0.0099,0.624,0.475,6,0,3,0,1,0.9998
0.88,1.74,2.66,3.24,4.51,8.1,8.95,1.1,5.84,20.2,79.6,5.1,3359.7,11.7,9.9,-0.0363,0.022,0.39,0.448,6,7,3,0,0,0.0154
0.24,0.58,1.11,1.49,2.19,2.88,3.5,0.26,2.36,13.8,64.0,11.3,2861.8,7.44,71.9,0.0016,0.037,0.366,0.491,0,5,1,1,0,0.0211
0.56,1.21,1.7,2.73,3.35,7.86,9.22,0.58,5.44,13.0,74.5,22.8,2319.8,53.32,143.9,-0.0006,-0.0442,0.325,0.803,7,3,2,0,1,0.4184
2.39,4.18,7.3,9.1,12.05,27.14,42.86,3.02,21.72,18.4,90.6,8.7,2021.6,5.82,60.3,-0.0164,-0.0095,0.513,0.564,0,0,3,2,0,0.0631
14.51,23.92,32.08,36.86,47.13,82.74,144.42,19.23,73.29,11.7,84.6,35.6,3878.1,15.05,69.9,-0.0267,0.0835,0.714,0.355,6,0,3,1,1,0.9909
1.55,4.2,8.78,15.67,20.94,46.95,83.1,2.23,39.84,22.8,70.8,19.4,351.9,25.98,140.9,0.0592,0.0089,0.563,0.362,2,2,1,0,1,0.9549
1.55,3.66,4.72,6.33,8.01,17.19,24.0,2.26,13.1,8.6,21.8,4.6,1214.5,16.27,346.2,0.0026,0.0143,0.255,0.441,2,3,2,0,0,0.0499
1.18,2.69,5.73,9.83,11.59,16.91,22.01,1.59,13.78,18.9,25.4,6.8,1502.2,13.4,275.1,0.0007,0.0584,0.336,0.835,3,3,4,3,0,0.0313
0.39,0.89,1.96,2.46,3.31,4.73,7.27,0.57,4.16,13.4,41.2,10.6,3297.1,19.83,115.1,-0.0401,-0.0251,0.243,0.613,5,4,1,1,0,0.0461
0.68,1.33,1.91,2.82,4.44,9.83,15.21,0.99,7.81,20.0,78.0,18.1,4168.9,19.15,342.6,0.0338,-0.0017,0.44,0.354,3,2,3,0,0,0.049
0.8,1.31,1.69,2.88,3.33,6.41,12.09,0.92,5.79,23.2,50.0,10.4,1048.8,21.1,232.4,-0.0503,0.0408,0.309,0.47,2,3,2,2,0,0.0838
1.63,4.32,5.32,6.08,9.23,16.43,30.76,1.94,15.03,18.9,60.3,47.8,3678.4,36.5,164.0,0.0227,0.0619,0.309,0.593,0,4,2,1,1,0.3408
0.23,0.62,0.83,1.35,1.99,3.34,4.17,0.32,2.57,24.1,46.7,7.5,3497.1,26.77,168.6,0.0241,-0.1183,0.393,0.404,4,3,4,2,0,0.0596
0.41,0.87,1.85,2.21,2.79,5.96,6.92,0.62,4.2,23.8,77.5,7.5,982.3,17.4,147.9,-0.0206,-0.0368,0.369,0.342,0,7,2,2,0,0.081
0.5,1.03,1.98,2.5,2.92,5.04,7.56,0.53,4.17,18.0,62.1,11.8,1707.2,22.61,83.9,0.0159,-0.0499,0.323,0.8,3,5,3,3,0,0.0376
1.1,1.96,2.53,3.41,5.34,6.5,10.55,1.56,6.13,17.8,51.5,6.6,1750.1,2.08,139.2,0.0093,-0.0062,0.397,0.666,2,0,1,1,0,0.0146
2.13,3.21,6.94,9.07,11.7,18.79,36.5,2.39,17.92,16.1,74.3,30.7,4109.6,18.08,190.0,-0.002,-0.0461,0.422,0.543,2,6,2,0,0,0.1109
2.79,6.73,12.48,16.99,22.38,53.2,100.75,3.62,46.32,14.1,63.0,5.9,800.7,23.6,190.1,0.0006,0.0332,0.561,0.518,3,0,1,1,1,0.9376
17.4,37.42,79.68,126.44,159.29,267.57,489.94,21.66,245.13,18.5,81.5,11.0,3366.5,12.62,274.2,0.0031,0.0086,0.95,0.356,4,7,3,1,1,1.0
16.21,44.34,84.84,107.81,164.3,205.84,402.25,21.67,209.53,17.6,96.6,19.6,1436.9,15.33,129.2,0.0065,0.0445,0.95,0.757,7,3,2,1,1,1.0
15.91,24.78,39.04,59.7,72.45,155.7,269.83,23.01,131.74,26.6,95.1,17.6,3083.1,31.0,258.0,0.003,0.0477,0.95,0.528,1,3,2,0,1,1.0
1.68,3.25,4.12,6.25,9.26,14.42,17.94,2.02,11.33,20.4,82.8,7.2,1793.0,10.37,208.1,-0.0552,0.034,0.446,0.808,7,1,5,0,0,0.0064
0.08,0.23,0.27,0.35,0.43,0.54,1.03,0.11,0.54,15.7,79.1,16.2,2450.2,31.43,346.3,-0.0076,-0.0168,0.45,0.396,7,0,1,0,1,0.4203
1.17,2.69,4.87,5.63,7.15,16.0,27.68,1.48,13.42,32.4,52.2,13.6,3505.3,43.22,138.7,0.0132,0.0052,0.368,0.426,4,0,4,1,0,0.3972
0.14,0.27,0.46,0.59,0.92,1.11,2.0,0.18,1.1,12.1,54.5,1.8,3387.3,15.58,324.4,0.0049,-0.023,0.342,0.589,5,5,1,1,0,0.0334
1.38,2.42,4.31,6.7,9.44,13.29,21.21,1.99,11.93,14.8,72.0,8.6,3645.7,10.46,295.4,0.0477,-0.0682,0.422,0.251,3,2,4,0,0,0.0251
0.07,0.12,0.25,0.32,0.46,0.67,1.23,0.1,0.64,31.5,68.0,11.2,297.4,13.01,229.6,0.031,0.0477,0.33,0.524,0,2,2,0,0,0.0126
1.54,4.15,8.72,10.9,15.4,32.26,38.37,1.83,23.05,18.8,87.3,3.8,2922.0,41.62,235.6,-0.0435,-0.0042,0.438,0.335,2,6,4,1,1,0.7338
0.05,0.1,0.16,0.28,0.34,0.45,0.79,0.06,0.43,12.0,62.1,2.6,630.9,10.09,30.5,-0.0083,-0.0751,0.292,0.549,3,1,3,0,0,0.0059
0.27,0.74,1.12,1.99,2.85,6.02,8.97,0.29,4.75,13.7,56.7,32.9,1775.6,10.48,342.1,-0.0156,0.0268,0.393,0.795,7,4,3,1,0,0.009
2.1,4.11,6.1,8.41,11.52,18.57,23.67,2.13,14.59,14.1,68.2,2.3,2326.6,5.75,38.5,-0.0002,-0.0112,0.409,0.452,2,2,2,0,0,0.0293
15.92,43.4,92.89,152.72,231.17,431.5,630.75,19.25,346.47,15.8,84.9,14.5,1721.4,15.15,202.8,-0.0001,-0.103,0.95,0.453,4,0,3,0,1,1.0
3.23,8.25,17.4,20.01,31.9,72.13,135.26,4.08,63.01,16.0,72.2,15.3,2206.4,21.48,118.8,0.0306,-0.0687,0.697,0.719,3,5,4,1,1,0.8267
0.15,0.3,0.64,1.1,1.56,2.77,3.62,0.2,2.14,20.0,87.8,14.2,4185.6,38.71,154.7,0.0089,-0.035,0.347,0.51,1,3,3,0,0,0.1103
7.89,16.19,23.18,31.12,39.43,55.19,92.58,11.79,50.74,26.4,92.0,5.7,611.2,15.94,219.7,0.0615,0.0105,0.534,0.363,0,0,2,1,1,0.9206
13.53,36.9,61.62,100.82,154.15,212.4,379.34,15.78,201.89,4.5,92.3,11.5,2853.1,25.55,327.2,0.0121,0.0394,0.95,0.49,4,2,1,1,1,1.0
0.8,1.97,3.07,4.78,7.28,12.38,17.28,1.03,9.96,25.5,91.3,14.5,1693.4,13.17,164.7,-0.0415,0.0377,0.361,0.462,1,5,4,1,0,0.0209
14.39,36.65,55.81,77.14,117.84,165.03,220.87,18.14,137.72,21.4,83.2,17.1,602.0,9.32,355.6,-0.0234,0.0301,0.933,0.726,1,0,2,1,1,0.9999
5.07,11.74,15.22,17.56,22.46,45.37,78.12,6.53,38.74,17.6,79.9,3.4,708.8,35.94,213.4,0.0302,-0.0017,0.535,0.659,3,2,1,1,1,0.9804
0.83,1.31,2.67,4.08,5.33,10.54,12.43,1.17,7.61,12.5,65.8,22.3,3989.5,21.14,57.8,-0.0807,0.0861,0.389,0.629,4,4,1,0,1,0.0773
1.8,4.71,7.05,8.12,12.05,25.61,41.01,1.94,20.87,24.4,59.7,37.4,3700.3,26.72,68.4,-0.0673,0.035,0.315,0.726,2,5,4,1,0,0.0716
3.79,9.51,14.75,26.14,34.28,68.05,128.63,4.5,61.17,23.5,56.1,11.8,3814.2,20.8,257.8,0.0005,0.0111,0.588,0.552,5,4,3,0,0,0.852
0.02,0.04,0.07,0.09,0.12,0.21,0.34,0.02,0.18,21.3,50.2,28.6,4164.9,7.24,18.1,0.0475,0.0283,0.354,0.774,1,1,1,0,0,0.0071
1.26,3.04,6.46,8.42,9.3,18.38,26.42,1.3,14.46,15.4,56.9,10.2,914.5,30.9,172.9,0.0654,-0.02,0.38,0.594,1,2,3,0,0,0.1169
1.87,3.38,6.5,8.09,12.5,29.06,52.13,2.2,24.67,10.0,47.4,9.0,1525.1,12.7,53.4,-0.0109,-0.0029,0.452,0.619,3,3,1,2,0,0.2427
0.81,2.2,4.06,4.68,6.25,7.85,11.21,0.97,6.95,10.2,52.4,7.7,2827.3,24.81,156.0,0.053,-0.1041,0.282,0.765,4,0,2,1,0,0.0452
1.68,2.98,3.86,6.16,9.56,12.62,16.73,1.8,10.68,7.8,66.3,5.2,2057.8,9.65,270.0,0.0036,-0.0193,0.377,0.602,2,2,4,0,0,0.0109
2.46,5.85,10.67,19.13,30.34,74.99,88.41,3.63,51.47,20.1,75.0,29.6,1786.3,10.09,165.2,-0.0766,0.088,0.648,0.461,0,3,2,1,1,0.6339
0.57,1.2,1.77,2.51,2.96,6.51,12.25,0.66,5.72,12.2,59.8,12.4,1534.9,13.29,58.8,-0.0004,0.0074,0.438,0.617,3,4,1,1,0,0.0463
0.59,1.3,2.39,3.8,4.34,5.62,9.43,0.77,5.28,24.1,74.4,4.2,2514.2,11.34,90.7,-0.0309,0.0053,0.437,0.768,4,0,1,0,0,0.0197
0.14,0.24,0.37,0.54,0.77,1.86,2.84,0.2,1.44,7.4,46.4,20.3,2438.7,9.06,132.3,0.0459,0.0499,0.314,0.561,1,1,2,2,0,0.0175
3.8,6.6,8.42,11.65,14.3,34.67,58.24,4.71,28.23,21.3,75.5,9.8,720.1,52.59,25.0,-0.0013,0.0179,0.47,0.616,0,2,2,1,1,0.9937
0.05,0.1,0.2,0.27,0.35,0.74,0.92,0.05,0.54,21.8,76.1,12.4,2007.7,19.39,210.4,-0.0639,-0.0393,0.255,0.266,2,3,3,1,0,0.0268
0.95,1.47,2.58,4.45,4.91,11.76,13.22,1.18,7.96,16.6,69.3,22.0,2346.9,6.67,218.7,-0.075,0.0012,0.335,0.584,0,3,4,1,0,0.0087
1.14,1.89,2.8,4.58,6.01,9.88,18.04,1.29,9.08,31.8,61.8,25.8,2416.7,9.37,22.4,-0.001,-0.0568,0.413,0.715,2,1,2,0,0,0.0159
0.23,0.45,0.7,1.19,1.89,3.26,6.24,0.31,3.04,15.4,25.7,5.8,921.9,11.81,144.8,-0.121,0.0092,0.194,0.607,0,0,2,2,0,0.0194
1.01,2.31,4.21,4.91,5.64,10.0,11.9,1.2,7.45,23.0,55.5,11.6,3130.4,14.49,149.0,-0.0259,-0.0419,0.299,0.632,1,3,3,1,0,0.019
0.52,1.03,1.93,2.61,3.77,9.0,13.35,0.75,6.9,11.0,62.1,13.5,154.6,27.75,120.2,0.0116,0.0464,0.279,0.55,2,6,4,0,0,0.0229
11.39,18.17,30.65,38.19,52.18,126.45,242.04,15.27,110.39,10.7,81.2,5.2,1522.6,21.48,200.8,-0.0529,-0.0255,0.95,0.528,0,4,5,2,1,0.9994
2.6,6.6,11.39,13.9,21.19,41.83,76.53,3.78,37.01,17.8,45.9,7.1,3287.9,19.11,124.5,0.0497,-0.0412,0.447,0.672,0,3,2,1,0,0.4286
0.85,1.45,1.9,3.25,4.64,11.03,16.14,1.02,8.42,6.8,46.3,11.6,2390.2,7.63,149.9,0.0596,-0.0056,0.299,0.399,4,7,5,1,0,0.0088
7.77,12.21,16.45,28.34,31.17,72.1,85.5,10.82,50.31,19.6,79.5,25.0,1133.8,25.29,287.1,-0.0508,0.0183,0.635,0.83,0,2,1,0,0,0.9405
4.15,8.13,11.47,17.21,24.72,43.29,60.21,5.85,34.53,12.2,80.1,7.3,2934.1,7.32,58.4,-0.0149,-0.0604,0.493,0.557,3,2,1,1,0,0.3199
0.66,1.39,2.41,3.09,4.66,9.86,18.05,0.68,8.61,26.2,71.1,17.7,2404.7,17.04,222.9,0.0497,-0.0261,0.434,0.491,4,0,4,0,0,0.0189
0.78,2.08,3.36,5.99,8.79,12.65,16.6,0.85,10.39,17.3,81.2,13.2,3354.4,22.28,182.0,-0.0001,0.0053,0.406,0.738,0,6,2,4,0,0.1816
0.89,1.62,2.86,3.37,4.94,6.88,13.34,1.22,6.79,17.3,41.5,13.4,3100.4,22.71,109.8,-0.0697,0.0669,0.32,0.875,0,2,1,3,0,0.1039
0.9,2.05,2.81,4.62,7.12,14.83,21.17,1.17,11.49,21.2,57.0,3.0,2581.9,20.7,261.9,-0.0072,-0.1264,0.342,0.349,3,1,1,0,0,0.1616
0.15,0.27,0.58,0.78,1.09,1.93,3.6,0.16,1.76,12.3,60.8,26.7,2075.9,21.19,198.4,-0.0426,0.0308,0.341,0.48,1,0,1,0,0,0.0573
0.27,0.44,0.8,1.11,1.59,3.35,4.97,0.37,2.64,13.8,63.7,18.4,602.7,20.24,171.9,0.0554,-0.0192,0.344,0.613,2,1,2,2,0,0.0477
2.04,4.76,6.32,10.49,14.35,32.04,50.61,2.87,25.68,10.6,94.6,4.2,1134.5,8.39,240.4,0.0303,-0.0247,0.532,0.387,4,0,3,0,1,0.0763
0.71,1.76,2.77,3.12,4.9,8.56,15.55,0.9,7.74,7.0,44.1,25.8,1789.3,8.12,288.8,-0.0157,-0.0341,0.302,0.79,0,1,3,0,0,0.0068
0.23,0.51,1.11,1.58,2.27,5.54,7.67,0.34,4.1,11.0,66.3,9.7,2537.1,29.28,350.2,0.0071,-0.0182,0.278,0.276,3,7,5,0,0,0.0229
1.57,3.04,6.59,9.13,11.34,27.09,30.06,1.82,18.26,6.8,56.9,31.1,2181.9,29.5,226.6,-0.0654,0.031,0.407,0.681,7,0,3,0,0,0.1188
0.19,0.52,0.66,0.85,1.3,1.72,2.16,0.26,1.42,8.9,78.1,4.4,1246.0,10.01,314.8,-0.0377,-0.0268,0.377,0.516,0,2,1,0,0,0.0176
0.01,0.01,0.02,0.04,0.05,0.08,0.11,0.01,0.07,19.2,65.2,26.6,76.8,20.88,0.4,0.0777,0.0829,0.271,0.967,0,0,5,0,0,0.0025
1.42,3.16,5.81,8.42,12.88,17.67,34.64,1.48,17.59,17.0,58.4,22.6,2109.4,23.22,190.9,0.0027,0.0312,0.381,0.687,2,4,3,2,0,0.1272
0.13,0.31,0.43,0.6,0.71,1.34,2.58,0.17,1.23,8.0,27.9,3.0,1235.3,19.12,77.3,0.0465,0.0099,0.281,0.377,7,2,2,0,0,0.0273
0.09,0.19,0.39,0.62,0.74,1.34,2.62,0.1,1.25,26.8,44.0,18.5,3098.6,31.53,33.9,0.0116,-0.0083,0.275,0.446,1,0,2,0,0,0.0723
2.94,4.92,9.05,14.67,19.98,46.94,88.94,3.2,40.97,13.4,100.0,22.1,149.4,14.76,191.5,0.0657,0.0595,0.631,0.821,1,5,2,0,1,0.3184
4.13,7.16,9.4,12.06,15.49,26.01,46.42,4.75,23.53,16.6,59.3,13.2,2477.0,15.52,268.9,-0.0999,0.0668,0.51,0.618,0,4,5,1,0,0.0642
0.17,0.46,0.93,1.23,1.93,3.46,3.85,0.23,2.5,27.6,94.7,38.3,3957.1,31.71,148.4,-0.0094,-0.0581,0.403,0.775,2,7,2,0,0,0.0606
2.74,7.33,14.37,16.18,23.58,55.26,82.74,3.69,42.75,14.0,60.9,13.0,773.8,8.54,241.2,0.0822,-0.0351,0.653,0.543,0,0,2,0,1,0.3151
2.25,3.88,4.69,8.41,11.31,21.7,42.76,3.13,20.07,9.8,64.5,14.9,2007.3,28.68,176.3,0.0478,0.0317,0.41,0.528,2,2,4,0,0,0.1314
2.76,4.35,6.33,6.96,11.03,21.84,26.21,2.77,15.87,2.6,58.9,11.8,429.4,39.59,157.4,0.0663,0.0468,0.44,0.775,2,7,5,2,0,0.1758
1.39,2.4,3.53,5.07,7.97,10.78,18.93,1.57,10.22,15.3,60.8,11.6,2646.6,24.97,104.5,-0.0003,-0.015,0.341,0.925,7,4,1,1,0,0.0845
5.37,14.17,23.52,33.19,40.14,49.81,88.08,6.77,48.52,15.6,87.4,16.0,2334.7,18.32,137.7,-0.0269,-0.0371,0.557,0.954,4,4,5,2,1,0.4351
2.21,3.6,5.15,8.57,10.46,23.27,30.09,2.82,17.0,25.2,54.6,21.2,1740.6,8.77,125.9,-0.0514,0.0039,0.281,0.883,4,3,1,1,0,0.0387
1.25,2.14,4.34,4.98,7.49,11.8,22.84,1.63,11.28,26.2,30.2,25.8,2213.7,20.82,232.6,-0.0548,0.0738,0.334,0.429,1,3,4,1,0,0.0448
1.26,3.05,5.8,7.64,10.06,18.62,24.08,1.55,14.2,27.1,50.3,18.8,3770.8,12.41,41.8,0.0404,0.0021,0.428,0.573,0,4,5,0,0,0.0123
1.41,3.61,4.44,7.13,8.38,19.28,37.58,1.72,17.15,22.1,58.3,30.1,864.6,16.18,33.3,0.0257,-0.0632,0.442,0.839,3,0,3,1,0,0.0402
0.85,1.88,3.58,6.39,9.96,17.2,28.21,1.24,14.84,10.6,79.7,7.1,143.6,23.02,237.6,-0.0033,0.0055,0.39,0.643,2,3,3,0,0,0.0563
0.52,0.91,1.95,3.51,5.15,12.43,13.76,0.69,8.35,17.4,64.8,25.7,3625.9,11.43,196.7,0.0254,0.0391,0.332,0.68,2,4,3,1,0,0.0145
40.78,103.99,176.15,215.97,278.55,578.94,955.47,52.72,481.09,6.6,89.7,19.4,2445.0,9.61,154.9,0.0071,-0.0051,0.95,0.563,0,0,2,1,1,1.0
3.1,6.15,8.5,9.78,15.59,19.92,31.87,3.2,18.41,20.1,46.3,9.0,3746.2,13.97,54.9,0.0481,0.0629,0.352,0.845,2,1,1,1,0,0.0902
0.67,1.59,3.3,4.77,6.72,9.13,15.44,0.92,8.49,25.0,54.9,15.5,2527.3,37.31,148.0,0.0476,0.0433,0.33,0.814,0,1,1,2,1,0.3293
6.46,11.77,21.89,24.62,33.42,75.45,118.51,9.01,60.19,27.1,68.8,33.5,3412.2,23.27,284.3,-0.0533,-0.0031,0.654,0.372,2,5,4,0,1,0.9216
0.11,0.24,0.39,0.56,0.76,1.89,3.1,0.16,1.51,22.1,46.4,17.8,1833.1,12.31,320.3,0.0137,0.0022,0.223,0.58,0,4,3,1,0,0.0092
0.64,1.25,2.01,3.54,4.5,6.39,10.43,0.71,5.78,15.2,57.6,18.6,3161.9,13.08,252.9,-0.0834,-0.0921,0.332,0.311,5,3,3,0,0,0.0199
1.22,2.19,3.25,5.49,6.92,13.3,24.56,1.59,11.89,20.2,82.4,4.6,3839.1,33.86,21.6,0.0067,0.0605,0.442,0.239,0,4,2,1,1,0.7618
11.23,27.5,35.92,40.66,64.47,113.21,191.88,13.71,98.84,22.7,77.7,12.0,2424.3,8.07,241.3,0.0302,-0.0165,0.816,0.482,6,2,4,0,1,0.9846
2.45,6.45,13.36,14.9,22.89,38.13,51.39,3.19,30.39,30.7,67.3,26.4,800.3,36.91,86.8,-0.0657,-0.02,0.429,0.302,5,5,2,0,1,0.9299
2.0,5.28,11.52,16.06,19.94,42.96,49.15,2.69,30.0,7.6,37.5,42.0,1165.5,11.18,113.5,-0.0208,-0.0275,0.314,0.702,4,0,1,5,0,0.4297
5.63,11.67,25.04,29.49,46.12,56.4,82.53,7.67,50.88,9.5,95.0,21.8,874.4,36.13,70.5,0.0005,0.0228,0.563,0.635,8,3,2,0,1,0.9871
5.5,14.73,20.17,27.42,31.28,65.28,110.24,6.38,54.83,9.0,48.1,15.6,1074.5,29.18,279.3,0.0117,-0.0564,0.511,0.652,0,0,4,2,1,0.8687
1.37,2.98,4.82,7.66,9.53,12.96,16.88,1.86,10.79,4.2,73.9,16.7,1321.6,10.38,233.5,-0.0139,-0.0492,0.416,0.575,3,0,4,1,0,0.0179
0.01,0.02,0.03,0.04,0.06,0.1,0.2,0.01,0.1,17.3,71.6,7.3,2353.8,26.87,220.3,-0.0586,-0.0026,0.332,0.747,4,1,5,2,0,0.012
1.44,3.58,5.52,7.48,8.46,14.37,28.58,1.44,13.7,13.1,67.5,28.2,2490.2,6.91,240.5,-0.0027,-0.0313,0.295,0.753,0,2,2,1,0,0.0222
2.13,3.97,6.04,6.98,10.91,17.63,26.62,3.12,14.88,21.0,65.3,16.3,1820.0,32.18,85.2,-0.0826,0.0168,0.345,0.796,2,4,5,0,0,0.0347
3.75,7.61,16.21,28.09,35.89,87.49,172.1,5.39,77.46,18.4,80.5,15.9,2604.0,10.23,160.1,-0.0116,-0.0295,0.809,0.539,2,2,2,0,1,0.9417
0.75,1.9,4.07,6.83,8.13,16.64,29.45,1.0,14.37,11.9,29.5,8.4,388.5,32.22,228.0,-0.0221,0.0798,0.41,0.615,2,0,1,1,0,0.4923
0.08,0.17,0.21,0.29,0.34,0.58,0.98,0.11,0.51,3.3,92.5,16.7,414.3,8.4,229.2,-0.0067,0.0347,0.424,0.631,6,7,3,0,0,0.0053
1.6,2.67,4.64,6.91,9.03,12.22,21.79,1.93,11.66,13.9,86.9,31.2,763.1,10.64,285.1,-0.028,0.034,0.416,0.527,2,1,4,1,0,0.0215
3.58,9.8,18.25,26.38,38.27,50.99,87.39,3.78,47.99,18.4,100.0,5.1,2200.0,41.69,103.4,-0.0754,-0.0302,0.595,0.862,0,7,4,2,1,0.947
4.51,6.84,9.89,12.37,17.6,37.09,68.46,6.02,32.55,25.0,54.0,16.5,938.1,24.59,277.3,-0.0183,0.1203,0.43,0.583,6,6,2,1,1,0.5795
0.4,0.72,0.91,1.15,1.45,2.06,2.31,0.54,1.6,21.5,71.4,4.4,1225.6,11.27,158.5,0.0465,-0.022,0.411,0.649,0,2,2,0,0,0.011
1.69,4.3,5.49,7.95,10.45,21.83,41.73,2.42,19.55,22.5,81.0,20.2,1711.3,21.96,241.3,0.0631,-0.0357,0.526,0.5,5,0,3,0,0,0.1614
12.86,33.43,64.79,90.47,111.06,271.35,357.69,14.74,196.13,26.6,84.7,12.2,3419.2,21.69,164.1,0.122,0.0353,0.95,0.275,7,3,5,3,1,1.0
1.39,3.31,5.18,7.17,9.35,20.23,32.21,1.96,16.38,18.7,34.8,8.4,107.5,16.66,341.5,0.0846,0.0098,0.382,0.53,5,4,1,2,0,0.2109
52.85,121.39,214.15,361.09,432.22,774.81,1448.31,74.3,707.05,8.7,81.1,13.2,2744.9,21.58,64.5,-0.0598,-0.0409,0.95,0.884,3,2,4,1,1,1.0
4.99,12.88,19.53,21.81,32.27,66.15,92.55,5.3,50.97,21.4,58.1,12.9,2825.8,34.06,243.0,-0.0204,0.1098,0.543,0.78,3,0,1,1,1,0.9782
0.96,2.36,4.76,8.44,10.92,15.13,30.09,1.05,15.13,24.0,37.9,12.5,3364.4,28.75,207.6,-0.0011,0.0488,0.347,0.444,3,4,5,0,0,0.0503
2.22,6.16,7.97,13.19,16.85,28.91,36.76,2.49,22.31,16.3,50.2,17.6,3920.9,25.17,62.2,-0.0043,0.0002,0.384,0.5,2,2,3,2,1,0.2901
1.09,2.29,2.78,4.8,6.78,12.85,16.57,1.36,9.73,15.6,52.2,9.1,133.6,11.08,23.8,0.0035,0.1201,0.347,0.309,1,0,1,2,0,0.1097
1.41,2.61,4.28,6.65,8.19,13.36,20.79,1.53,11.4,17.0,91.7,7.2,688.2,8.34,287.7,0.1204,0.0405,0.347,0.44,1,6,2,1,0,0.037
1.5,2.26,3.63,4.71,6.16,11.91,13.93,1.66,8.62,18.3,71.0,16.1,3727.6,18.24,56.7,-0.0541,-0.0006,0.393,0.903,3,6,5,1,0,0.009
0.58,1.12,1.36,1.99,2.28,3.22,3.59,0.64,2.5,23.9,64.0,47.2,1952.9,29.09,67.1,-0.0357,0.1141,0.264,0.432,3,1,3,1,0,0.0528
1.04,2.67,5.41,7.64,8.93,19.87,33.74,1.11,16.53,16.4,63.0,7.9,2393.1,5.07,352.2,0.0822,0.0329,0.416,0.815,2,0,2,0,0,0.0155
2.35,3.62,6.29,7.7,10.48,17.6,26.65,2.42,14.73,28.7,68.3,4.6,2801.6,14.48,258.2,-0.0308,0.0308,0.319,0.644,3,3,1,1,0,0.0856
0.47,1.12,2.29,4.09,6.54,9.74,16.94,0.53,8.96,26.2,72.0,3.2,2868.1,24.29,90.2,0.0197,-0.0193,0.449,0.686,4,1,1,1,0,0.1749
2.32,3.61,5.99,7.86,10.84,19.98,39.16,2.78,18.58,30.6,58.5,21.6,3916.7,36.54,212.7,0.0517,0.0025,0.521,0.275,3,0,3,3,1,0.9295
1.85,3.92,7.13,8.05,10.7,21.23,41.37,2.44,19.39,23.6,39.3,10.9,4187.3,3.49,192.3,0.0243,-0.0205,0.467,0.63,0,5,4,0,0,0.0138
24.59,50.39,61.87,89.21,108.47,201.46,357.26,25.34,177.65,6.9,85.0,17.2,3038.7,18.18,304.0,0.0096,0.072,0.95,0.744,2,7,4,2,1,1.0
1.41,3.84,7.62,8.95,11.49,14.77,21.98,1.6,13.21,16.6,74.8,9.3,1242.0,13.91,262.6,0.0469,-0.0805,0.379,0.392,1,1,3,0,0,0.04
0.12,0.24,0.3,0.5,0.75,1.22,1.84,0.15,1.03,23.2,100.0,47.7,3701.0,19.13,299.4,-0.0447,0.0683,0.369,0.841,2,3,2,0,0,0.0126
42.7,93.76,138.09,155.09,206.53,305.04,462.33,50.92,264.13,21.6,87.6,7.8,254.3,25.21,76.1,-0.0248,-0.0439,0.95,0.779,0,0,3,0,1,1.0
0.02,0.04,0.06,0.07,0.1,0.23,0.43,0.02,0.2,18.2,74.0,19.4,1009.0,6.47,230.5,0.0268,-0.0029,0.407,0.501,4,1,3,1,0,0.0075
29.49,55.34,80.34,132.82,168.13,412.7,757.21,31.41,351.32,12.4,75.8,10.9,3774.2,10.77,14.5,-0.1035,-0.0148,0.95,0.505,0,0,1,2,1,1.0
2.21,4.02,5.06,6.02,7.21,14.92,25.89,2.35,12.73,26.1,69.1,13.1,1113.2,11.55,24.8,0.0708,-0.026,0.308,0.444,1,0,5,1,0,0.0168
1.62,3.04,5.79,8.65,11.81,28.39,47.91,1.7,23.21,12.5,10.0,4.1,965.7,15.5,256.9,0.0152,0.0345,0.407,0.382,4,2,3,2,0,0.1694
1.37,2.28,3.63,5.59,7.14,16.08,21.73,1.66,11.95,26.7,59.2,24.3,623.2,33.0,8.8,0.0077,-0.0003,0.343,0.461,0,4,1,0,1,0.4244
1.37,2.26,4.39,7.89,9.12,11.59,18.24,1.39,10.65,10.9,40.2,25.0,3615.3,10.21,208.7,-0.0815,-0.0334,0.237,0.666,3,2,5,1,0,0.0086
2.74,6.22,8.95,11.43,14.54,33.2,46.66,2.8,25.06,21.7,70.9,6.7,2125.2,12.81,302.5,-0.0643,0.0077,0.568,0.655,6,2,5,1,0,0.0448
7.66,12.49,20.89,27.31,35.68,75.68,122.58,11.45,62.06,16.5,66.7,24.9,2850.8,8.16,136.8,-0.0199,-0.0348,0.659,0.372,3,1,5,0,1,0.6074
0.93,1.63,2.53,2.9,4.26,6.5,12.49,1.07,6.24,12.3,10.0,20.7,1042.1,15.58,16.1,0.0404,-0.0269,0.32,0.64,3,3,4,2,0,0.0182
1.25,2.16,3.53,4.01,5.25,8.5,13.57,1.6,7.36,21.5,68.1,13.1,3195.9,16.42,257.0,-0.1038,-0.0749,0.337,0.375,4,1,1,1,0,0.104
0.3,0.51,1.1,1.52,2.37,5.2,10.38,0.31,4.72,14.7,54.6,21.3,3204.0,17.15,334.7,0.0394,-0.0225,0.307,0.734,1,0,5,0,0,0.0046
0.75,1.26,2.01,3.14,4.45,10.71,16.6,0.91,8.38,13.4,86.5,23.7,1347.3,56.63,258.2,-0.018,0.0247,0.332,0.715,2,0,4,0,0,0.3577
12.23,31.02,53.19,83.16,128.04,188.44,236.29,14.95,151.0,19.2,91.9,26.2,1754.3,28.96,208.2,-0.0112,0.0019,0.943,0.749,1,0,3,0,1,1.0
1.27,2.31,4.98,8.19,9.82,21.62,42.84,1.76,19.55,9.9,90.6,29.1,920.2,18.61,82.8,0.0127,0.0908,0.518,0.857,1,2,5,1,0,0.0289
1.93,3.44,4.3,6.36,9.6,20.74,25.99,2.77,15.04,4.2,74.0,14.8,4102.7,24.98,5.5,0.0135,0.1306,0.344,0.508,0,0,2,1,0,0.1867
0.55,0.91,1.39,2.3,2.62,5.82,9.43,0.64,4.73,27.1,38.1,11.5,2729.3,13.52,250.1,-0.0356,-0.0232,0.306,0.527,2,4,5,1,0,0.0077
3.06,7.38,10.36,12.7,18.62,34.39,60.31,3.27,30.19,15.3,88.5,29.2,3928.4,50.78,83.2,0.0312,-0.0417,0.576,0.602,4,6,3,0,1,0.9919
1.01,1.71,2.82,4.35,5.51,6.88,10.57,1.13,6.29,15.5,34.8,12.1,1309.1,29.66,308.9,-0.116,0.0565,0.329,0.47,5,0,3,1,0,0.0919
7.41,11.66,15.38,25.29,31.61,43.43,49.44,8.8,34.28,13.6,82.6,12.0,3294.8,27.52,167.9,-0.0225,0.0168,0.485,0.55,2,2,3,0,1,0.6474
0.83,2.31,3.84,5.76,8.23,14.41,24.02,0.88,12.49,13.7,68.6,8.8,3228.3,37.17,191.0,0.0077,0.0568,0.415,0.805,2,2,4,1,0,0.1016
18.49,41.39,61.73,99.17,112.48,240.59,478.14,19.79,219.05,20.1,88.9,14.1,2920.4,44.25,271.4,-0.0172,0.0199,0.95,0.596,3,7,2,0,1,1.0
2.91,7.0,15.18,18.2,28.69,65.39,112.08,3.1,54.41,20.2,66.0,8.4,4057.4,10.37,280.6,-0.0913,-0.0097,0.603,0.508,4,0,5,3,1,0.5046
0.94,2.49,3.39,4.78,5.82,12.97,21.41,1.04,10.63,18.8,56.5,10.9,1683.3,34.86,231.4,0.0379,-0.0094,0.299,0.892,1,3,1,0,0,0.1211
3.31,4.98,8.29,14.06,21.19,44.59,72.74,3.82,36.75,20.3,83.6,17.7,592.5,24.0,337.8,-0.0624,0.0216,0.511,0.677,1,1,5,1,0,0.2305
0.52,1.34,2.52,3.33,4.8,10.91,15.54,0.7,8.29,21.1,76.6,7.1,2837.6,22.17,353.6,-0.0034,-0.0106,0.434,0.73,2,2,3,1,0,0.0387
0.7,1.68,3.04,5.25,6.85,13.28,18.05,0.87,10.23,17.4,39.9,21.6,3076.6,41.35,340.9,0.0077,0.061,0.342,0.756,2,0,5,3,0,0.1164
21.46,41.47,63.5,113.76,166.11,199.61,350.57,27.47,195.68,17.7,88.6,13.3,2436.5,10.93,296.7,0.001,-0.0651,0.95,0.585,3,0,2,1,1,1.0
2.07,3.25,4.77,5.72,7.31,14.77,20.14,2.63,11.29,18.6,67.6,8.7,908.3,18.79,254.0,0.0585,0.0607,0.301,0.408,2,0,4,1,0,0.0387
0.76,1.69,2.73,3.28,4.7,10.93,20.99,1.13,9.63,14.3,58.3,5.1,2143.5,17.41,238.8,-0.0027,-0.0937,0.324,0.366,0,0,3,1,0,0.0474
0.13,0.25,0.32,0.43,0.48,0.88,1.12,0.17,0.67,8.7,32.9,39.3,1345.6,23.81,37.4,0.0214,0.0073,0.275,0.559,0,1,4,0,0,0.01
0.83,1.28,1.98,2.95,4.66,9.36,18.51,1.07,8.6,19.0,88.7,13.8,1824.0,24.4,97.7,-0.0028,-0.0166,0.435,0.872,6,3,2,1,0,0.0612
4.65,12.63,22.7,37.09,43.57,101.74,152.07,6.44,78.7,6.3,92.1,22.1,2727.7,34.12,2.0,0.0306,-0.0758,0.744,0.836,1,3,5,1,1,0.9789
9.65,15.06,32.96,37.81,51.35,121.13,143.63,12.74,84.16,19.0,94.5,14.1,3142.6,19.71,49.5,0.0697,-0.103,0.679,0.421,0,2,5,0,1,0.9648
0.28,0.6,1.1,1.81,2.23,4.82,5.47,0.3,3.35,22.3,84.7,9.7,1013.7,43.14,158.1,0.0069,-0.0549,0.307,0.748,3,0,2,1,0,0.1814
3.49,8.48,18.2,22.1,28.52,43.89,81.12,3.61,41.23,21.4,79.0,10.9,1732.1,25.25,52.8,0.0391,0.0023,0.514,0.52,3,0,2,0,1,0.7857
1.92,4.18,5.04,5.85,7.41,9.77,15.29,1.97,8.86,20.1,60.3,13.4,1167.0,10.25,324.6,0.0728,-0.0301,0.371,0.711,3,4,3,0,0,0.0119
2.17,6.04,11.92,18.14,28.86,45.12,57.56,2.57,35.77,17.2,72.7,6.1,874.3,13.72,290.1,0.0679,-0.052,0.483,0.7,2,1,2,1,1,0.2817
0.9,2.05,3.41,3.93,4.58,11.33,15.15,1.0,8.22,22.7,68.7,32.6,3301.1,27.48,25.8,-0.0193,0.0676,0.389,0.784,7,6,2,1,0,0.0798
2.1,4.74,8.62,9.92,11.66,21.64,25.72,3.0,15.92,16.8,58.6,27.5,3823.4,24.35,89.6,0.0518,-0.0616,0.416,0.689,0,5,4,1,0,0.0659
2.48,5.75,8.96,13.72,21.76,48.89,65.13,3.58,36.12,9.7,100.0,12.2,1586.5,23.61,294.9,0.0124,0.034,0.475,0.448,2,0,2,2,1,0.7599
1.99,5.5,8.22,13.06,15.23,23.37,27.41,2.43,18.03,19.7,56.9,9.9,3167.8,46.48,289.1,0.0559,-0.0444,0.373,0.54,2,5,3,2,0,0.7894
90.24,173.58,269.3,469.52,536.66,1239.11,1826.69,113.45,954.28,4.9,93.4,21.2,3772.5,32.25,340.4,0.0284,-0.0561,0.95,0.227,0,3,3,1,1,1.0
1.15,2.97,5.35,9.46,12.81,20.57,31.43,1.26,17.48,12.2,59.7,3.7,3561.4,15.31,359.1,0.0138,-0.0302,0.393,0.256,2,3,2,0,0,0.1263
0.05,0.09,0.16,0.23,0.27,0.68,1.08,0.06,0.54,22.2,52.4,6.1,808.7,17.69,351.5,0.0217,0.031,0.35,0.621,4,5,3,2,0,0.0203
0.27,0.63,1.1,1.7,2.05,3.99,6.44,0.3,3.33,22.1,46.8,33.4,4018.6,14.84,147.6,0.0128,-0.0686,0.276,0.645,2,2,4,3,0,0.0167
15.3,34.4,55.28,90.92,137.27,322.63,442.37,17.21,239.29,14.0,89.5,6.2,1613.2,11.65,90.1,0.0147,0.0144,0.95,0.569,5,3,3,0,1,1.0
0.75,1.75,3.47,6.05,7.37,8.86,16.7,0.97,8.97,9.0,86.9,8.1,1457.8,48.2,273.0,-0.0079,-0.048,0.485,0.907,3,3,3,0,0,0.3699
2.64,5.48,10.95,12.21,15.42,25.31,35.09,3.05,20.5,22.6,63.8,17.3,309.1,24.24,107.7,-0.0126,-0.039,0.432,0.544,4,4,4,1,0,0.1326
1.24,2.98,5.74,7.19,10.3,17.51,28.43,1.33,15.09,18.0,72.5,3.7,2067.6,9.26,290.3,0.0882,0.02,0.439,0.67,4,3,1,0,0,0.0423
0.85,2.01,2.75,4.04,6.44,13.26,18.33,1.24,10.15,9.5,64.1,9.9,502.4,40.97,192.2,0.0239,0.1087,0.408,0.485,3,0,1,0,1,0.8123
2.53,6.6,10.36,13.08,17.6,33.52,61.83,2.6,30.0,26.0,72.9,4.6,1081.4,12.63,285.8,-0.0287,-0.0456,0.52,0.66,3,1,1,1,1,0.2902
0.07,0.19,0.41,0.6,0.86,1.79,3.57,0.1,1.64,20.0,48.3,17.6,1365.3,21.96,99.3,-0.0139,0.036,0.329,0.891,3,6,1,0,0,0.0216
1.74,3.08,5.13,8.08,10.92,19.26,24.14,2.03,14.67,18.6,36.1,13.2,3406.6,20.21,182.9,0.0528,-0.0156,0.31,0.745,2,0,4,3,0,0.057
60.47,149.03,256.66,420.6,500.46,770.8,1510.37,80.37,745.45,16.5,82.0,8.6,3683.3,7.48,203.0,-0.0368,-0.0237,0.95,0.468,2,2,2,0,1,1.0
0.05,0.12,0.24,0.41,0.54,1.32,1.53,0.07,0.9,18.4,55.3,14.3,1305.2,5.29,339.5,-0.0741,0.0536,0.24,0.679,0,1,1,1,0,0.0096
0.61,1.16,2.47,4.44,6.28,9.25,16.87,0.91,8.73,16.1,63.8,13.3,3613.6,29.15,96.0,-0.0704,-0.0422,0.357,0.762,4,0,3,1,0,0.0573
1.1,1.92,4.09,7.03,7.95,18.25,35.57,1.19,16.24,25.1,58.8,7.4,3607.5,36.06,337.2,-0.0864,-0.0577,0.424,0.848,1,0,4,1,0,0.1102
0.05,0.09,0.13,0.18,0.21,0.49,0.83,0.05,0.4,22.9,63.0,12.2,3223.3,22.72,289.7,-0.0649,0.023,0.325,0.443,2,1,1,3,0,0.1605
0.55,1.12,1.42,1.86,2.8,4.35,6.07,0.63,3.59,24.0,61.8,11.9,658.8,64.37,263.1,-0.059,0.0797,0.457,0.415,1,2,2,2,1,1.0
0.02,0.05,0.08,0.11,0.12,0.24,0.31,0.03,0.18,27.7,57.2,12.3,2914.8,13.25,283.3,0.0693,0.0375,0.379,0.856,3,5,1,1,0,0.0154
0.48,0.91,1.73,2.01,2.38,5.13,9.43,0.65,4.47,29.7,48.0,26.2,3971.8,6.24,218.0,-0.0023,-0.0704,0.368,0.332,7,2,3,0,0,0.0098
5.69,11.32,22.28,34.85,42.77,99.99,118.79,7.14,69.67,26.4,41.3,19.7,2882.5,24.64,87.9,-0.0182,-0.0308,0.571,0.785,4,3,1,1,1,0.9795
10.04,26.97,50.31,55.72,62.84,143.46,219.62,12.27,112.76,15.9,90.3,26.2,1426.2,10.76,68.2,-0.0722,0.049,0.786,0.593,3,2,4,2,1,0.9959
4.48,7.83,10.09,13.17,19.69,44.55,81.0,5.41,38.28,29.2,83.3,6.4,2127.4,18.74,311.9,-0.0072,0.0791,0.556,0.755,2,5,2,0,0,0.4162
2.45,3.81,5.84,9.57,13.07,16.86,31.09,3.16,16.56,15.0,80.1,14.3,2729.8,32.61,261.1,-0.0869,0.0114,0.427,0.635,2,3,1,1,0,0.6326
0.46,1.12,1.36,1.94,2.33,5.75,8.14,0.68,4.29,14.5,61.8,9.9,2168.9,14.19,76.8,-0.0185,-0.029,0.279,0.434,1,0,5,0,0,0.0062
4.14,8.02,15.99,22.21,25.49,47.89,75.35,5.45,39.73,20.5,84.8,7.6,547.8,18.75,221.4,0.1032,0.0823,0.563,0.664,1,2,2,1,1,0.614
0.54,0.98,1.26,2.08,2.89,4.62,5.7,0.76,3.59,17.9,61.7,23.0,1345.1,35.17,161.1,0.0332,-0.0037,0.354,0.538,2,4,3,3,0,0.2072
2.9,7.93,14.28,19.73,27.69,40.26,65.11,3.81,36.04,23.8,89.5,3.9,3379.9,17.42,57.1,-0.0105,-0.0303,0.631,0.632,7,3,1,0,1,0.6688
0.54,1.07,1.66,2.37,3.42,8.38,12.76,0.77,6.48,30.8,70.7,14.2,3624.9,24.63,191.5,0.0349,-0.0387,0.33,0.423,2,6,2,0,0,0.0744
0.88,1.79,2.98,4.3,6.39,8.16,15.63,1.11,8.18,25.4,71.1,5.3,619.8,26.28,101.3,-0.0261,-0.0598,0.46,0.448,2,0,2,0,0,0.1813
0.11,0.26,0.39,0.57,0.91,2.18,3.31,0.12,1.69,26.2,84.7,25.6,4002.4,17.5,34.6,-0.04,0.1417,0.508,0.69,6,7,4,0,0,0.0087
2.54,5.11,9.92,11.61,17.64,26.09,43.61,3.07,23.6,9.1,71.0,10.1,1414.6,17.81,168.1,0.0852,0.071,0.449,0.853,2,1,3,2,0,0.1235
0.13,0.33,0.51,0.74,0.91,2.24,3.2,0.19,1.68,16.2,73.0,17.4,2798.6,19.16,212.4,-0.0571,-0.0328,0.285,0.781,1,0,3,0,0,0.008
0.98,2.03,3.9,5.34,6.09,7.63,10.33,1.36,6.62,15.1,66.0,11.2,3170.1,13.29,16.9,-0.0177,0.0866,0.326,0.493,2,2,4,0,0,0.011
8.98,17.96,28.45,49.21,56.46,77.48,94.15,12.04,62.67,17.6,88.2,41.9,3419.6,23.98,144.8,0.0153,0.0267,0.602,0.443,2,0,2,0,1,0.9891
1.6,3.58,5.76,6.38,9.7,11.77,18.28,1.72,10.91,27.2,68.0,13.3,3974.9,13.46,92.8,-0.0468,0.0237,0.367,0.33,3,3,2,0,0,0.0561
8.5,23.02,40.18,58.73,86.89,105.74,166.58,8.86,98.49,14.8,86.0,9.8,1348.6,14.52,11.0,0.0325,-0.0359,0.779,0.766,1,6,1,0,1,0.9982
0.0,0.0,0.01,0.01,0.01,0.03,0.04,0.0,0.02,20.3,55.0,5.5,3612.8,10.87,45.2,-0.0153,-0.0257,0.267,0.341,3,6,1,2,0,0.0377
0.93,1.77,3.18,3.53,5.17,11.36,18.2,1.28,9.2,30.6,78.8,3.8,596.5,36.64,50.1,0.0332,-0.0021,0.424,0.783,5,3,2,0,0,0.189
0.68,1.32,2.79,4.42,6.49,15.36,25.01,0.9,12.36,22.9,62.0,6.8,2975.9,8.44,65.8,0.0293,-0.0983,0.476,0.785,1,2,4,0,0,0.0078
3.68,6.47,10.1,11.33,17.09,21.17,25.6,3.8,17.67,20.6,49.2,23.4,3129.2,47.08,289.2,-0.0122,-0.0243,0.294,0.691,0,7,3,0,0,0.4046
6.74,15.6,29.79,50.76,72.46,93.12,124.57,6.95,79.78,16.4,94.0,5.1,2862.6,18.14,158.2,0.0855,0.0002,0.692,0.895,3,2,2,1,1,0.9811
2.63,4.05,8.4,10.39,14.23,35.46,66.46,3.03,30.46,20.8,53.2,18.2,1097.1,15.35,53.0,-0.0333,0.0655,0.484,0.73,2,6,5,1,0,0.064
0.23,0.56,0.72,1.21,1.51,2.77,4.25,0.35,2.28,18.2,41.6,32.4,3673.1,10.89,36.1,0.0674,-0.0308,0.346,0.771,2,6,2,2,0,0.0159
0.2,0.54,0.95,1.65,1.87,2.57,3.63,0.22,2.21,15.0,46.6,8.1,750.8,11.55,107.3,0.0587,0.0406,0.38,0.775,3,1,2,0,0,0.0087
0.3,0.71,0.94,1.12,1.29,2.29,2.67,0.37,1.69,9.5,56.0,11.8,272.6,13.42,287.3,0.0885,-0.103,0.401,0.825,2,0,5,1,0,0.004
4.31,11.19,22.25,26.01,34.28,45.79,71.33,5.67,41.28,7.0,76.1,23.9,3027.5,73.47,131.2,0.0087,0.0584,0.48,0.698,6,2,1,1,1,1.0
0.16,0.25,0.4,0.67,0.8,1.97,3.31,0.2,1.6,20.5,72.0,20.4,2023.2,13.41,57.6,-0.0394,-0.045,0.323,0.929,2,5,2,1,0,0.0092
0.99,2.43,4.16,5.09,5.64,12.04,19.37,1.17,9.83,18.2,62.5,6.5,3573.8,24.97,145.5,0.1038,0.0065,0.369,0.793,1,4,2,0,0,0.0486
0.12,0.3,0.51,0.58,0.77,1.13,2.04,0.13,1.06,18.1,30.7,30.8,1641.1,16.94,199.9,-0.0167,0.0203,0.367,0.501,5,3,3,2,0,0.0265
2.13,4.15,7.39,9.27,14.82,28.6,38.67,3.13,22.0,28.2,77.1,15.0,748.4,49.13,10.7,-0.0407,0.0105,0.523,0.484,0,0,1,1,1,0.9995
27.36,66.03,143.92,179.0,284.04,608.26,697.23,27.95,425.79,33.1,96.3,14.9,3521.2,21.74,226.0,-0.0095,-0.0053,0.95,0.412,0,0,2,1,1,1.0
1.42,2.93,5.01,7.88,11.65,25.19,40.84,1.5,20.59,20.1,61.4,4.2,2328.0,9.36,142.2,-0.0491,-0.0621,0.407,0.222,6,7,2,1,0,0.1215
0.11,0.27,0.53,0.76,0.93,1.48,1.93,0.12,1.18,18.1,63.2,1.3,835.2,14.75,3.5,0.0263,-0.0445,0.291,0.901,1,2,4,1,0,0.0046
0.85,2.04,4.44,7.26,10.84,14.08,17.81,1.05,11.77,24.7,71.0,10.6,3039.6,58.79,242.6,-0.0303,0.0498,0.386,0.846,0,3,4,0,1,0.528
0.22,0.41,0.8,1.01,1.43,3.36,5.66,0.29,2.76,24.7,89.8,22.3,2171.1,29.69,256.5,-0.0144,-0.0299,0.404,0.674,2,6,2,0,0,0.0664
55.58,85.4,173.69,250.74,316.98,764.01,1207.54,69.11,603.83,22.8,91.7,24.0,2557.9,18.85,226.4,0.0484,-0.0052,0.95,0.708,0,5,2,0,1,1.0
0.31,0.79,0.98,1.15,1.29,2.47,4.61,0.42,2.22,10.9,40.8,17.9,1962.7,11.18,123.1,0.0312,-0.0746,0.365,0.664,3,2,3,0,0,0.0068
14.7,27.67,38.43,54.97,73.89,171.72,308.23,20.82,145.85,17.8,90.1,21.4,3489.1,11.92,190.7,0.0008,0.0429,0.95,0.617,2,2,1,0,1,1.0
7.14,16.05,30.16,43.72,60.91,115.92,174.72,7.25,93.98,18.2,71.7,4.6,3492.7,10.17,139.4,0.0085,-0.066,0.86,0.311,3,3,4,1,1,0.986
0.76,1.76,3.69,6.42,9.02,13.88,19.14,1.12,11.41,25.8,62.5,2.1,2994.0,7.16,252.2,0.0006,0.0458,0.36,0.792,1,1,3,1,0,0.0129
3.51,9.3,11.75,20.73,25.93,53.28,105.46,4.91,48.76,20.5,81.7,5.4,487.4,28.69,210.1,-0.0216,-0.0531,0.728,0.75,6,3,2,0,1,0.9527
2.24,3.44,6.91,11.84,17.27,33.43,57.08,2.45,28.67,22.4,53.9,16.5,3531.2,26.01,29.4,-0.0001,0.0507,0.471,0.742,1,0,2,1,1,0.4062
23.35,51.2,70.98,123.92,178.63,424.87,845.68,30.26,380.16,18.6,85.8,6.2,2834.7,20.84,231.5,0.0245,0.0005,0.95,0.541,3,4,5,1,1,1.0
2.28,5.3,8.71,9.87,12.36,29.96,48.63,2.83,23.97,27.8,79.0,3.0,2942.7,39.25,247.4,-0.0063,-0.0279,0.444,0.4,7,7,1,0,1,0.9638
1.86,4.27,8.72,14.64,21.49,38.06,49.9,2.17,29.51,28.1,61.1,7.5,1556.4,28.14,133.5,0.021,0.08,0.433,0.823,2,7,1,1,0,0.5397
0.34,0.85,1.16,1.33,1.96,2.8,4.77,0.5,2.58,17.6,35.0,11.3,3699.0,8.1,315.3,-0.0418,-0.0034,0.26,0.815,0,1,1,0,0,0.0082
2.73,4.32,8.01,12.02,18.25,40.57,77.7,3.62,35.95,28.8,61.8,14.4,3060.3,19.31,303.5,-0.0302,-0.0181,0.445,0.809,0,2,1,1,1,0.4501
0.71,1.27,2.58,2.99,3.93,5.91,9.88,0.86,5.32,15.4,43.6,6.1,517.3,30.54,63.1,-0.0367,0.0455,0.277,0.588,7,0,2,0,0,0.0663
0.47,1.1,2.0,3.32,5.2,10.18,15.47,0.65,8.23,24.5,71.4,14.9,1742.3,19.41,325.5,-0.0283,-0.074,0.358,0.77,4,1,4,0,0,0.011
2.97,5.76,7.07,7.79,12.32,25.5,33.12,3.59,18.97,23.7,90.8,8.5,3728.5,20.42,158.7,0.0644,-0.1264,0.456,0.27,6,2,3,0,0,0.1892
49.01,90.05,167.06,228.66,333.5,768.31,1341.77,72.98,644.25,18.0,88.8,11.1,245.9,7.04,260.5,0.0363,0.0579,0.95,0.842,3,3,3,2,1,1.0
0.44,0.87,1.2,1.77,2.53,3.72,5.14,0.57,3.1,16.7,41.5,14.8,4039.9,13.66,293.1,-0.0538,-0.0418,0.274,0.664,1,0,1,0,0,0.0177
3.28,8.61,11.88,15.33,23.15,52.91,78.91,3.44,41.06,19.4,50.5,16.0,2868.5,25.07,181.8,0.0219,0.0432,0.558,0.796,0,1,2,1,1,0.6679
1.16,2.06,3.28,4.77,5.57,10.39,17.7,1.5,8.97,24.8,69.8,2.2,2670.2,17.74,143.7,-0.0195,0.0023,0.399,0.331,6,2,5,0,0,0.0184
0.04,0.09,0.18,0.31,0.46,0.88,1.35,0.05,0.72,20.3,60.2,16.6,1172.8,7.7,329.6,-0.0341,-0.0582,0.247,0.712,2,0,2,1,0,0.0076
1.12,2.21,2.87,4.38,5.77,13.95,22.41,1.21,11.11,27.4,61.5,16.6,1082.5,30.29,83.1,-0.0743,0.0304,0.39,0.675,2,0,5,0,0,0.0267
42.75,101.33,170.9,254.15,395.81,671.0,865.7,58.72,522.71,14.7,88.1,16.1,3959.5,17.31,92.5,0.0486,-0.0205,0.95,0.757,2,2,3,0,1,1.0
0.27,0.45,0.93,1.67,1.92,2.37,4.36,0.36,2.35,26.5,69.3,4.8,1287.8,20.26,130.2,-0.0682,-0.0539,0.346,0.599,0,3,3,1,0,0.0219
19.21,32.99,55.51,76.21,90.83,140.33,173.51,19.86,110.25,5.1,94.2,4.6,3268.3,8.15,309.4,-0.0026,-0.0526,0.943,0.781,1,3,1,1,1,0.9994
0.39,0.65,0.98,1.69,2.16,4.75,5.97,0.47,3.44,19.8,47.6,8.6,1681.5,6.5,338.0,-0.0473,-0.0866,0.291,0.415,3,1,3,1,0,0.0104
0.37,0.97,1.43,2.23,3.53,8.13,9.37,0.55,5.61,19.8,54.5,21.3,627.9,20.87,79.2,0.0388,0.0202,0.311,0.182,0,0,4,1,0,0.0397
0.12,0.29,0.64,1.04,1.46,2.7,4.69,0.13,2.36,10.0,73.6,14.3,94.5,36.7,311.0,-0.0167,-0.0468,0.385,0.432,0,0,1,0,0,0.4907
0.94,2.49,3.26,4.3,6.7,12.11,23.48,1.18,11.24,26.4,80.6,1.5,2308.7,29.81,93.0,-0.0067,-0.0017,0.363,0.27,2,0,1,0,1,0.532
2.56,5.92,9.54,14.57,22.86,37.94,44.14,3.56,28.52,15.5,43.0,6.3,4099.5,27.57,349.4,-0.005,-0.0091,0.376,0.651,3,0,3,0,0,0.2371
0.41,0.96,1.87,3.18,3.55,8.08,10.18,0.43,5.81,20.6,48.4,11.0,1581.9,21.87,215.1,0.0151,-0.0471,0.284,0.726,0,4,3,4,0,0.0574
1.86,4.07,6.14,9.44,13.83,24.06,34.54,2.62,19.49,10.6,100.0,4.6,1532.3,9.07,2.6,0.0007,-0.0761,0.502,0.553,0,0,3,0,0,0.0388
1.28,2.01,4.11,6.47,8.02,12.21,16.54,1.63,9.99,18.7,80.1,14.8,1478.0,4.58,12.3,-0.0022,0.1267,0.388,0.683,7,0,2,0,0,0.012
0.36,0.55,1.0,1.46,1.9,4.07,6.79,0.43,3.38,12.4,47.2,9.1,2210.3,63.07,53.1,-0.0259,-0.0024,0.369,0.35,0,0,2,1,1,0.9997
1.26,2.71,4.5,5.35,5.9,11.05,12.55,1.33,7.97,25.1,81.3,20.1,1878.8,17.25,67.5,-0.0787,0.0912,0.365,0.816,0,2,2,0,0,0.0211
13.32,28.57,60.7,98.62,142.63,185.73,301.74,16.09,171.79,17.8,91.2,27.5,3701.6,13.88,276.3,-0.0559,0.0582,0.95,0.721,1,1,1,0,1,1.0
24.01,43.01,67.73,107.45,163.77,341.15,544.7,31.52,278.78,14.3,93.5,17.0,2147.9,20.05,80.2,0.0359,-0.0161,0.95,0.743,1,0,4,0,1,1.0
4.48,10.14,21.96,31.78,36.52,63.35,72.04,6.16,46.63,24.0,91.3,2.4,2157.2,10.86,348.9,-0.0153,0.009,0.519,0.355,2,0,2,1,1,0.6639
0.78,2.09,2.66,3.68,5.19,11.99,17.24,0.97,9.12,19.1,72.4,11.7,624.2,14.84,229.0,-0.0332,0.0076,0.408,0.286,5,6,4,1,0,0.0325
0.59,1.47,1.83,2.86,3.51,8.53,16.46,0.73,7.48,20.9,34.2,4.0,4128.4,46.49,249.3,-0.0703,0.0922,0.299,0.77,2,6,5,0,0,0.0446
0.5,1.12,1.43,2.27,3.62,8.88,11.31,0.68,6.32,22.0,59.0,8.1,1087.4,23.33,78.4,-0.086,0.0415,0.339,0.949,4,4,1,1,0,0.0451
5.34,9.83,12.64,17.28,19.48,48.43,93.79,6.39,42.37,18.2,84.6,7.3,354.5,26.32,321.4,-0.0352,-0.0404,0.673,0.745,6,1,4,0,1,0.5655
1.85,3.36,4.81,6.32,8.62,19.94,35.04,1.96,16.76,13.9,60.0,16.2,2802.1,18.13,240.4,0.0444,0.0176,0.395,0.467,0,1,5,1,0,0.0369
3.92,10.12,16.26,28.93,43.95,73.62,98.16,5.65,58.33,19.9,61.5,9.5,2520.8,34.22,311.2,-0.0279,0.0402,0.567,0.861,2,3,3,0,1,0.9204
0.04,0.08,0.17,0.3,0.44,0.67,0.74,0.06,0.5,19.3,71.9,1.2,1772.9,33.74,344.3,0.02,-0.0588,0.332,0.591,3,1,2,0,0,0.0759
3.62,8.31,13.22,18.01,24.75,36.23,53.64,4.32,31.13,28.5,65.0,8.3,1802.1,17.0,45.2,-0.0302,0.0247,0.433,0.895,1,2,4,0,1,0.0736
1.68,4.46,5.92,10.49,16.04,34.67,56.83,2.51,28.49,22.3,73.5,10.4,3308.0,19.36,34.8,0.0319,0.0673,0.457,0.821,3,3,4,1,0,0.0879
1.62,3.2,3.94,5.94,9.45,19.2,22.99,1.94,13.85,9.0,68.1,10.5,862.2,37.22,289.2,-0.0176,-0.0429,0.487,0.367,3,2,2,3,1,0.9243
7.25,17.51,30.78,34.16,39.32,76.65,88.7,9.95,55.1,9.5,56.4,23.2,3454.1,20.0,311.8,-0.0616,-0.036,0.58,0.383,2,2,3,2,1,0.9394
0.12,0.31,0.44,0.52,0.59,1.03,1.17,0.15,0.76,35.2,58.8,33.8,2742.3,15.89,210.2,-0.0134,0.058,0.359,0.268,0,1,3,0,0,0.0188
2.44,4.13,6.45,8.09,12.26,26.99,48.1,3.62,23.06,20.2,60.2,12.6,1788.7,16.54,131.8,0.0917,-0.0177,0.444,0.903,0,4,1,2,0,0.2037
1.35,2.16,3.12,5.2,6.36,10.98,19.69,1.97,9.89,18.5,51.0,13.1,1950.8,14.78,234.9,0.0895,-0.0491,0.442,0.393,2,3,5,1,0,0.0223
0.26,0.68,1.09,1.76,2.71,4.83,8.21,0.36,4.21,25.4,53.1,6.4,1115.1,19.87,110.0,0.0243,0.0441,0.384,0.899,0,3,5,0,0,0.0045
2.21,5.91,12.83,21.54,27.42,44.86,78.3,3.27,40.39,18.1,88.5,11.7,3171.3,15.05,85.8,-0.0069,0.0288,0.536,0.406,4,1,2,1,1,0.623
14.63,29.61,64.34,94.2,113.63,205.62,290.44,15.6,163.78,17.5,94.5,9.4,2178.4,19.84,175.7,0.0152,0.0047,0.95,0.666,1,4,3,0,1,1.0
0.44,0.93,1.78,2.66,3.36,4.57,5.52,0.62,3.7,9.9,56.1,14.8,1381.5,12.77,77.8,0.0158,0.0562,0.402,0.784,3,7,2,0,0,0.0115
8.73,21.44,30.8,34.86,54.18,129.68,158.48,10.18,91.01,27.3,83.0,34.2,2523.6,23.59,174.1,-0.002,0.0598,0.743,0.539,1,3,1,2,1,0.9998
0.97,1.7,3.5,4.37,6.43,13.99,19.35,1.36,10.58,27.2,80.9,20.6,4182.3,25.47,344.4,0.022,-0.0041,0.467,0.505,4,2,5,0,0,0.0321
40.11,60.92,73.75,104.9,117.53,226.97,326.15,56.12,179.42,13.5,88.2,12.0,1856.3,27.85,302.3,0.0104,0.0987,0.95,0.738,5,4,1,1,1,1.0
1.97,5.14,8.81,14.63,23.33,54.26,104.02,2.66,47.74,13.5,67.0,18.9,3870.9,25.72,339.0,-0.0158,0.0792,0.545,0.708,4,3,1,0,1,0.8679
0.68,1.61,3.34,5.18,6.25,8.65,12.45,0.82,7.46,17.4,91.2,13.1,1481.8,32.85,290.3,-0.0598,-0.0992,0.351,0.67,2,5,4,3,0,0.0998
1.02,2.42,3.92,6.02,8.09,11.13,16.61,1.07,9.77,21.5,67.1,11.2,277.1,20.73,127.7,-0.023,-0.0515,0.393,0.386,0,3,1,0,0,0.1698
0.51,1.15,1.66,2.87,3.48,7.68,11.41,0.7,5.99,14.4,71.1,9.1,897.6,19.74,292.3,0.04,-0.1128,0.338,0.351,2,4,3,1,0,0.0457
0.87,1.94,3.54,5.39,6.68,11.31,19.86,1.0,10.13,16.1,56.3,14.6,1787.6,13.76,332.2,-0.0016,-0.0162,0.264,0.357,2,3,5,0,0,0.0112
0.43,1.19,2.41,3.11,3.53,7.81,8.8,0.47,5.39,22.4,78.2,7.9,961.5,29.25,340.9,0.015,-0.0606,0.335,0.537,7,0,2,0,0,0.0813
1.25,2.91,5.44,7.84,11.2,25.04,37.62,1.28,19.59,20.6,82.7,8.6,50.9,14.28,246.0,-0.0142,-0.0407,0.427,0.653,2,2,1,0,0,0.0932
0.26,0.44,0.64,1.03,1.4,3.35,6.31,0.37,2.91,25.3,62.1,10.1,3847.3,6.34,76.1,-0.053,0.0545,0.314,0.923,3,0,2,1,0,0.0063
0.5,0.92,1.22,2.05,2.94,4.75,8.95,0.61,4.45,16.8,51.8,15.9,3552.1,13.39,14.3,-0.0119,-0.0877,0.33,0.435,4,2,5,0,0,0.0065
0.36,0.67,0.99,1.45,1.87,2.37,4.18,0.45,2.29,16.2,44.2,3.0,3130.5,30.44,53.0,-0.0511,0.0065,0.392,0.768,2,3,2,1,0,0.0729
0.67,1.19,1.6,2.66,4.08,7.46,10.91,0.87,6.02,11.3,58.0,19.9,746.4,27.26,347.6,-0.0543,0.0062,0.372,0.552,2,2,3,1,0,0.0661
2.66,6.98,15.06,27.0,36.87,48.19,63.89,3.6,40.93,17.9,68.9,9.4,549.5,22.27,166.4,0.0603,-0.0041,0.571,0.675,1,0,1,0,1,0.8137
1.03,2.23,3.5,4.0,6.33,11.84,13.99,1.27,8.67,4.6,51.7,13.9,330.6,56.38,307.8,-0.021,0.0065,0.377,0.777,0,1,5,1,0,0.3163
0.83,1.76,3.81,6.13,9.3,21.67,33.23,1.17,16.98,12.5,89.6,10.1,3054.7,23.65,167.4,-0.0371,-0.1116,0.47,0.737,3,0,3,0,0,0.0676
0.34,0.95,1.69,2.95,4.05,7.68,14.37,0.46,6.93,17.0,81.5,17.0,3904.6,12.11,237.9,0.0809,-0.0405,0.431,0.857,4,4,3,2,0,0.0166
2.3,3.58,6.76,9.8,15.57,22.46,31.75,3.19,19.0,6.8,31.3,39.5,1836.7,11.48,8.7,0.0407,0.0772,0.351,0.45,2,4,3,0,0,0.0493
0.53,1.1,2.33,3.18,3.86,5.77,9.01,0.58,5.04,15.1,67.0,24.8,544.4,25.7,90.0,-0.0186,-0.0598,0.378,0.347,2,4,4,2,0,0.0726
2.47,4.39,9.62,14.3,19.89,46.37,64.7,3.53,34.73,28.2,60.2,37.9,2176.4,40.19,157.1,0.0214,0.0833,0.5,0.48,1,0,2,1,1,0.9743
0.43,0.89,1.9,3.3,4.78,11.0,16.09,0.61,8.45,23.6,51.6,2.4,1497.7,19.6,227.0,-0.0118,-0.0703,0.328,0.6,2,0,5,0,1,0.0095
2.83,4.83,7.96,13.51,15.4,27.75,34.03,3.9,20.84,20.1,58.1,11.5,1605.5,24.03,61.7,-0.0346,-0.0764,0.339,0.263,1,6,1,1,1,0.6009
2.69,4.54,8.59,13.05,17.72,38.83,66.95,2.75,32.65,20.4,39.7,10.1,2628.5,24.71,275.2,0.0237,-0.0476,0.378,0.908,4,0,1,1,0,0.3843
1.34,2.48,3.93,6.89,8.19,10.01,11.45,1.92,8.23,21.5,73.4,9.0,3032.7,57.53,131.2,-0.0162,0.0565,0.339,0.702,2,3,1,0,1,0.9366
0.66,1.1,2.01,3.24,4.66,10.83,21.41,0.8,9.69,28.6,78.4,14.0,509.0,31.85,294.3,0.0038,-0.0273,0.375,0.647,2,4,1,0,0,0.2354
0.8,2.19,3.78,5.15,6.05,8.81,12.74,1.17,7.5,16.4,64.9,11.8,197.7,35.97,35.3,0.0511,0.0173,0.335,0.721,0,2,2,0,0,0.1226
2.52,4.18,5.1,6.46,9.64,14.54,19.54,2.73,11.89,26.4,57.9,2.7,4176.5,11.82,244.7,0.0456,0.0037,0.449,0.486,3,2,1,0,0,0.0752
0.13,0.27,0.56,0.86,1.21,2.31,3.76,0.13,1.94,23.2,52.9,9.8,1015.8,14.25,105.6,-0.0275,-0.0027,0.367,0.935,1,0,2,1,0,0.0107
2.32,5.83,9.07,14.81,17.48,31.52,60.28,2.54,29.07,17.8,53.7,7.6,273.4,13.62,286.3,0.0243,0.0637,0.556,0.91,2,6,5,0,0,0.0316
1.56,4.06,6.7,10.48,14.76,20.44,38.74,1.58,19.96,16.9,85.9,16.2,838.0,17.19,144.8,-0.0564,0.0386,0.474,0.099,2,1,5,1,1,0.1124
15.0,41.24,63.7,97.48,107.63,227.12,438.94,19.7,204.18,19.7,85.8,22.8,211.7,20.44,239.5,0.0225,-0.0571,0.95,0.894,2,0,2,0,1,1.0
3.47,7.72,13.0,15.12,16.91,32.98,39.08,3.55,23.93,22.0,58.6,10.2,1676.0,23.14,336.3,0.0074,-0.0138,0.417,0.709,1,2,2,1,1,0.2445
1.08,2.06,3.49,5.3,6.41,15.27,19.91,1.55,11.04,17.9,48.7,13.2,3380.0,18.84,7.4,0.0189,0.0872,0.327,0.715,5,0,2,0,0,0.0334
2.1,4.89,8.95,9.91,12.78,31.37,36.58,2.76,21.46,19.4,53.5,4.8,1466.2,13.44,4.0,-0.0149,0.016,0.457,0.502,2,3,4,0,0,0.0412
0.34,0.77,1.21,1.37,1.61,2.75,3.25,0.36,2.06,16.6,65.9,8.9,1893.4,10.39,277.3,0.1042,-0.0754,0.414,0.454,3,2,1,2,0,0.0467
2.22,5.02,7.17,9.15,13.67,23.22,29.47,2.3,17.96,24.5,51.8,21.2,2853.7,24.42,232.7,-0.0451,-0.0719,0.313,0.771,3,0,3,1,0,0.0744
1.82,3.57,5.71,6.77,7.83,18.08,21.84,2.09,12.72,17.7,68.3,20.6,2161.9,28.28,105.5,0.0486,0.0445,0.44,0.552,3,0,1,0,0,0.3607
0.18,0.48,0.73,0.93,1.04,1.41,1.97,0.21,1.21,28.5,59.4,14.9,3625.0,17.61,178.0,-0.0516,0.0351,0.376,0.731,2,0,4,2,0,0.0122
24.38,54.16,95.77,170.37,188.03,234.21,343.75,26.06,210.3,12.2,93.0,11.6,3644.0,7.02,15.1,0.0252,-0.0461,0.95,0.872,4,0,3,1,1,1.0
2.18,4.98,9.6,16.83,23.26,28.43,39.96,2.37,25.24,17.2,59.1,11.8,91.1,31.68,69.3,0.0288,0.0374,0.465,0.746,4,1,2,1,1,0.5408
0.15,0.3,0.58,0.66,0.92,2.24,3.29,0.19,1.7,14.4,75.8,6.2,3278.9,17.19,152.8,0.0027,0.08,0.262,0.498,2,4,1,1,0,0.0393
1.61,2.91,6.08,7.05,8.41,14.9,28.03,2.0,13.68,22.8,64.5,7.8,1962.0,8.56,300.3,-0.0248,0.0729,0.431,0.838,3,0,4,0,0,0.0089
9.68,17.34,24.38,36.74,45.26,92.07,169.88,12.52,81.33,20.4,89.0,20.1,4153.7,19.46,172.7,0.0071,0.0802,0.828,0.47,0,0,1,0,1,0.9996
0.64,1.49,2.54,4.47,6.66,9.18,18.05,0.87,9.14,13.6,79.9,38.7,2055.4,32.83,211.1,0.0134,0.0278,0.399,0.713,0,1,2,1,0,0.1865
0.72,1.09,2.0,3.26,5.04,6.32,11.44,1.01,6.21,31.1,57.5,11.4,4145.6,15.52,314.6,0.0895,-0.0089,0.393,0.447,2,2,2,0,0,0.0369
0.48,1.31,2.24,3.54,4.48,10.53,19.56,0.54,9.09,22.5,35.8,7.4,3181.5,3.67,111.2,-0.0436,-0.0201,0.295,0.411,6,4,3,0,0,0.0093
0.31,0.64,1.18,1.63,2.15,4.65,8.02,0.43,3.92,19.6,94.5,7.4,1081.7,16.7,252.3,-0.0278,-0.0009,0.362,0.744,3,6,3,0,0,0.0102
4.75,12.43,25.58,40.76,46.23,100.91,126.83,4.99,73.12,9.5,58.3,18.9,2284.3,13.06,310.2,0.0142,-0.0438,0.649,0.815,3,2,2,1,1,0.8789
3.26,6.72,8.68,13.21,20.11,36.31,70.54,3.35,33.75,22.5,85.2,18.5,4167.4,21.42,72.9,-0.0128,-0.018,0.503,0.696,0,0,2,0,0,0.3798
0.08,0.13,0.21,0.35,0.5,1.0,1.29,0.1,0.75,7.7,43.2,23.3,3608.8,19.71,128.3,-0.005,0.0638,0.29,0.515,2,0,2,0,0,0.0209
5.84,9.56,16.31,28.43,32.4,65.08,111.27,7.95,55.43,0.5,90.2,5.1,454.1,14.77,352.7,0.0535,-0.0805,0.708,0.585,2,1,3,1,1,0.8106
19.04,28.6,49.28,79.68,111.15,276.24,360.97,28.23,198.21,19.0,81.7,6.2,2981.4,14.26,354.0,-0.141,-0.077,0.95,0.686,4,4,4,1,1,1.0
3.87,7.26,8.8,11.14,12.83,23.21,27.4,4.69,17.14,19.4,76.5,12.5,1484.2,37.87,80.4,-0.0299,0.0415,0.359,0.325,0,3,1,3,1,0.9574
0.9,1.86,3.3,4.74,6.98,11.95,15.25,1.09,9.24,14.1,78.5,23.1,79.0,25.62,23.9,-0.0871,-0.0175,0.407,0.783,2,0,3,1,0,0.0492
1.0,1.53,2.89,4.65,5.42,11.5,15.06,1.3,8.54,27.5,50.5,17.3,1724.4,25.19,97.5,-0.0598,-0.0963,0.331,0.548,6,4,1,1,0,0.1651
22.76,47.58,75.63,126.42,168.58,352.73,508.8,33.41,274.39,12.2,76.0,1.8,1024.2,30.74,143.2,0.1202,-0.0031,0.95,0.616,5,5,3,1,1,1.0
0.15,0.25,0.52,0.65,0.95,1.88,2.19,0.2,1.35,12.0,42.0,13.7,3448.3,17.12,158.8,0.0299,-0.0102,0.315,0.699,5,5,3,1,0,0.0119
1.64,3.61,6.79,10.12,12.06,20.6,33.51,2.3,17.75,8.7,40.3,11.3,1449.9,43.13,222.8,0.0476,-0.0216,0.446,0.486,2,1,3,0,0,0.7153
30.3,69.7,127.57,224.22,257.75,458.14,833.34,38.16,413.08,17.6,99.1,9.5,3484.2,23.26,323.8,-0.004,0.0343,0.95,0.644,7,0,2,0,1,1.0
1.29,2.79,3.93,6.16,9.11,13.86,24.79,1.73,12.85,19.6,53.3,29.1,52.5,20.85,118.9,0.0379,-0.0667,0.318,0.663,4,0,1,1,0,0.1189
38.12,82.83,180.67,267.16,392.26,590.28,1094.18,40.4,558.41,21.7,82.9,34.1,1327.4,23.11,306.0,-0.0883,0.0006,0.95,0.72,5,2,2,1,1,1.0
0.98,1.67,2.78,4.42,5.61,13.01,25.79,1.2,11.66,18.9,55.8,9.3,1050.8,16.67,33.7,0.0519,-0.0105,0.328,0.844,6,2,1,3,1,0.0944
1.86,4.24,5.23,7.81,9.43,13.98,27.92,2.67,13.77,12.2,51.0,8.2,1019.3,13.41,15.1,-0.041,0.0019,0.372,0.302,6,5,2,2,0,0.1459
6.01,16.65,21.22,27.66,43.15,99.26,145.86,6.5,76.38,28.5,77.7,3.1,333.0,34.49,181.5,-0.0266,-0.0866,0.792,0.75,1,1,4,0,1,0.9922
3.88,10.74,16.49,22.84,32.49,46.55,72.23,5.41,41.07,9.1,74.1,37.7,826.6,9.84,21.5,0.0253,-0.0261,0.519,0.72,0,3,2,1,0,0.3613
4.03,7.88,9.79,16.46,22.5,42.9,66.43,5.9,35.21,4.5,70.7,16.3,2355.5,10.36,141.3,0.0158,0.001,0.439,0.732,3,4,3,1,0,0.1603
0.99,2.42,3.31,5.0,6.18,11.24,18.85,1.44,9.68,5.2,68.9,6.2,1259.1,18.45,322.8,0.0042,0.0271,0.488,0.721,2,1,2,1,0,0.0643
2.0,4.14,7.78,10.88,13.96,30.63,40.46,2.96,22.66,10.9,37.6,14.6,1782.2,11.89,86.9,-0.0682,0.0923,0.358,0.71,1,1,1,0,0,0.0813
0.4,0.67,1.03,1.22,1.54,3.63,6.52,0.43,3.08,27.6,59.4,49.8,1614.0,7.03,254.2,0.005,0.0403,0.407,0.549,3,3,3,2,0,0.0133
1.55,3.81,6.14,7.25,11.43,17.49,21.23,2.27,13.68,20.0,50.6,13.7,3685.0,10.14,108.9,0.048,0.0231,0.303,0.619,0,3,1,0,0,0.0401
0.13,0.26,0.56,0.67,0.79,1.41,2.76,0.18,1.32,7.5,79.0,5.7,3807.0,12.09,16.2,-0.0266,0.0636,0.454,0.951,0,7,5,1,0,0.0031
2.98,7.41,13.68,23.91,31.5,45.22,54.82,4.46,36.04,21.7,56.6,7.9,2095.8,23.82,200.4,0.0657,-0.0152,0.41,0.757,2,4,4,3,1,0.422
1.92,3.82,5.7,10.09,11.32,18.63,32.94,2.81,16.86,19.0,95.9,4.8,1420.1,17.67,300.5,-0.0436,0.0777,0.52,0.643,0,4,5,2,0,0.0531
4.65,8.03,12.37,19.96,27.15,41.32,60.23,6.22,34.89,31.2,64.0,16.7,493.2,31.45,147.4,0.0003,0.056,0.596,0.421,3,3,5,0,1,0.6288
2.26,5.89,12.65,14.33,21.81,53.57,89.49,3.29,43.4,28.4,71.6,10.4,4006.6,9.81,222.2,0.0768,-0.0223,0.612,0.545,7,0,3,0,0,0.2386
8.28,12.98,21.36,32.51,51.49,91.01,125.85,9.38,72.24,24.0,90.2,9.3,299.9,10.83,324.0,-0.0341,0.0962,0.683,0.854,3,4,4,2,1,0.8472
0.95,1.87,3.06,4.7,5.9,9.14,11.04,1.32,7.11,1.7,71.0,2.3,1285.2,21.91,284.3,0.0527,0.0223,0.408,0.53,3,6,3,0,0,0.0391
9.81,23.3,34.36,61.48,73.53,98.21,190.95,12.39,98.02,11.9,91.7,9.2,1287.0,13.09,69.8,0.0987,0.1096,0.75,0.276,0,1,2,1,1,0.9993
2.64,7.01,10.67,13.52,19.06,31.51,49.13,3.7,26.83,11.1,71.3,15.8,1379.7,16.19,264.0,0.0086,0.0152,0.486,0.755,2,1,4,1,0,0.0879
1.2,2.05,4.01,6.45,8.09,19.18,26.28,1.74,14.19,26.6,61.3,21.9,731.8,10.22,180.7,-0.0264,-0.0281,0.359,0.823,4,2,2,1,0,0.0266
0.97,1.58,3.18,5.7,6.56,13.92,23.14,1.32,11.56,14.4,21.6,5.2,3300.1,9.8,268.5,-0.0386,-0.0384,0.283,0.581,3,7,3,1,0,0.02
1.87,3.54,5.12,8.99,10.82,14.94,19.9,2.39,12.49,29.7,57.4,16.8,558.4,12.81,178.0,0.0652,-0.0178,0.385,0.592,1,0,3,0,0,0.0253
1.54,2.83,6.04,8.15,9.05,11.01,12.51,1.57,9.05,11.1,61.6,12.2,2684.9,32.42,46.1,0.0638,-0.0286,0.364,0.883,4,3,3,0,0,0.0465
2.07,4.98,7.56,9.06,13.97,27.76,50.37,2.62,24.42,22.7,51.2,13.2,564.0,8.43,205.2,0.0725,0.0636,0.47,0.647,7,4,3,1,0,0.059
6.65,12.03,22.97,26.5,34.13,83.49,166.66,7.27,74.48,8.4,98.3,13.0,342.7,34.39,177.2,-0.0016,-0.0014,0.795,0.644,1,4,2,0,1,0.9996
0.91,2.1,3.81,4.35,6.49,10.18,19.96,1.3,9.8,31.5,83.0,15.3,3824.1,30.82,186.5,0.0519,-0.0807,0.431,0.558,1,2,4,0,0,0.0686
5.32,12.51,15.38,17.87,25.51,43.17,81.67,7.04,40.14,23.8,76.1,17.7,839.0,14.75,316.4,-0.0024,0.0107,0.492,0.659,1,6,5,0,0,0.159
39.92,101.69,209.62,374.31,447.92,1014.24,1797.92,44.85,859.81,15.8,95.1,6.2,3458.2,19.67,322.1,-0.0442,0.0063,0.95,0.76,0,0,2,1,1,1.0
0.08,0.18,0.34,0.6,0.78,1.32,1.65,0.1,1.02,19.3,66.3,10.0,2310.2,22.86,163.3,0.0562,-0.0234,0.398,0.489,5,0,1,2,0,0.1528
1.27,3.42,6.09,7.19,9.51,18.06,22.39,1.47,13.44,16.9,47.9,17.5,373.1,27.51,164.1,0.0817,0.0134,0.317,0.844,6,1,3,2,0,0.0734
0.26,0.62,1.09,1.26,1.79,2.23,2.76,0.38,1.88,21.1,76.0,16.3,4015.1,10.83,185.5,-0.051,-0.0022,0.406,0.845,3,0,2,0,1,0.0074
0.27,0.49,0.92,1.43,2.24,4.67,7.07,0.4,3.72,18.0,66.1,30.6,1074.9,29.2,187.1,-0.052,0.0317,0.299,0.688,4,1,2,1,0,0.0584
5.58,15.18,19.47,32.57,38.93,47.57,72.7,7.92,43.69,24.6,84.2,32.5,3617.5,20.54,342.1,0.002,0.0287,0.652,0.731,3,0,1,0,1,0.8936
0.82,1.44,2.81,4.59,5.97,10.03,16.24,0.96,8.66,14.1,50.9,3.9,750.6,11.3,233.8,0.0478,0.0182,0.435,0.72,2,3,3,0,0,0.0121
12.7,22.12,33.3,36.85,44.26,57.96,75.58,17.51,48.88,6.7,93.6,7.9,3593.9,20.66,99.9,-0.0567,-0.0649,0.566,0.375,3,2,4,2,1,0.9371
30.48,75.12,121.82,171.07,258.69,326.83,371.19,39.41,265.05,18.7,81.7,18.1,104.9,11.22,191.4,0.0114,0.106,0.95,0.924,4,3,4,0,1,1.0
0.42,0.91,1.13,1.82,2.67,3.22,3.84,0.49,2.7,19.3,59.0,22.2,2173.9,19.3,225.8,-0.0295,-0.0778,0.36,0.521,4,1,5,1,0,0.0107
0.85,1.46,1.95,3.25,4.92,6.04,7.02,1.25,4.99,25.8,54.5,5.8,3243.2,15.12,230.3,0.035,-0.0064,0.274,0.48,0,0,2,0,0,0.0232
0.06,0.1,0.2,0.31,0.47,0.92,1.66,0.07,0.81,21.5,35.2,4.4,3929.4,21.25,210.7,-0.0399,-0.0547,0.293,0.567,2,0,5,1,0,0.0081
0.1,0.17,0.27,0.35,0.39,0.48,0.59,0.11,0.41,26.5,68.9,15.7,3823.2,21.92,64.0,0.0386,0.0198,0.363,0.684,2,0,3,1,0,0.0184
14.58,39.43,75.99,98.0,120.82,156.67,278.15,16.22,150.99,19.2,94.3,15.2,3451.4,36.82,12.1,-0.0079,0.0069,0.95,0.593,4,0,3,0,1,1.0
1.9,4.3,6.76,11.37,14.51,25.17,30.11,2.52,18.9,13.2,55.5,12.1,3736.0,26.68,121.6,-0.0469,-0.0084,0.391,0.637,2,0,3,0,0,0.1158
2.34,5.73,11.85,17.54,26.34,45.54,70.41,3.1,38.2,15.2,44.8,22.6,876.8,24.25,153.9,0.0032,0.0759,0.489,0.473,1,2,3,0,0,0.5324
0.63,1.05,1.78,2.27,3.47,5.35,7.27,0.93,4.37,5.7,69.3,4.9,1229.4,6.77,22.2,-0.0969,0.0554,0.292,0.33,3,1,2,1,0,0.02
0.15,0.31,0.46,0.79,1.06,2.18,3.68,0.16,1.84,14.2,78.1,12.9,1249.2,31.87,293.4,-0.028,-0.0164,0.378,0.728,2,1,5,1,0,0.017
10.89,24.22,48.19,80.56,128.34,165.18,203.4,11.92,137.06,19.7,97.1,4.6,1614.8,15.48,123.9,0.0169,0.0402,0.908,0.787,1,0,1,0,1,1.0
2.72,5.89,10.41,15.05,20.54,32.32,52.67,3.02,28.44,34.1,81.8,25.5,1682.3,10.22,328.9,-0.0886,0.0782,0.506,0.342,5,5,1,2,1,0.4607
0.27,0.54,0.95,1.58,2.14,4.49,7.26,0.32,3.69,16.8,68.6,12.6,2309.9,51.61,55.6,-0.1286,0.0551,0.433,0.903,0,0,1,0,1,0.6939
1.01,1.64,3.15,3.7,5.06,6.76,9.89,1.27,5.93,19.7,91.9,12.3,713.5,13.08,20.5,-0.117,-0.0068,0.346,0.544,0,1,3,2,0,0.028
0.06,0.13,0.29,0.51,0.74,1.58,2.42,0.07,1.26,0.4,43.6,17.4,2918.7,38.9,173.6,0.0664,-0.0795,0.317,0.659,0,1,4,0,0,0.0325
3.47,7.9,12.41,22.14,28.52,34.82,42.91,5.06,29.42,19.5,68.7,15.6,745.4,23.02,68.1,-0.0038,0.0162,0.425,0.334,0,4,1,0,1,0.7618
4.06,8.31,14.41,15.96,24.78,52.36,95.79,5.44,45.71,20.6,38.0,40.4,1337.8,25.7,337.5,-0.0266,0.0334,0.497,0.584,2,2,1,3,1,0.9616
0.13,0.35,0.53,0.9,1.23,2.74,4.5,0.18,2.24,22.0,62.2,15.7,2138.9,19.39,3.7,0.0473,-0.0385,0.32,0.744,3,1,2,0,0,0.0152
0.24,0.59,0.94,1.53,2.01,4.23,5.11,0.34,3.04,21.0,53.0,35.7,3355.2,11.48,148.5,-0.0202,0.0011,0.378,0.883,2,3,4,0,0,0.0035
0.34,0.68,0.86,1.46,1.78,3.9,7.52,0.43,3.48,9.1,57.1,6.0,3118.8,28.32,333.6,0.0134,-0.0041,0.405,0.843,1,2,1,1,0,0.0968
0.3,0.47,0.75,0.98,1.26,2.87,4.76,0.39,2.35,14.4,52.4,9.7,2729.0,22.15,138.4,0.0013,0.0694,0.325,0.398,0,0,1,1,0,0.108
4.23,10.76,15.01,26.54,37.95,68.72,86.26,4.91,52.03,19.0,58.7,20.1,696.5,21.98,33.5,-0.0235,0.0927,0.502,0.691,2,1,1,0,1,0.8541
0.45,0.94,1.7,2.87,4.55,7.62,9.92,0.63,5.98,16.2,62.9,6.4,2320.2,20.32,109.0,0.0147,0.0588,0.321,0.639,2,7,5,1,0,0.0111
0.7,1.49,1.85,2.57,3.58,7.37,9.46,0.94,5.46,15.3,32.0,31.6,412.9,16.92,179.3,0.0387,-0.0043,0.336,0.658,1,2,1,0,0,0.0334
0.11,0.24,0.32,0.53,0.73,1.42,1.85,0.14,1.07,6.4,76.8,23.1,1616.1,28.42,66.7,-0.0092,0.0574,0.358,0.921,1,2,5,0,0,0.0055
1.49,3.5,6.09,8.51,10.65,22.6,29.12,1.66,16.66,21.5,60.8,14.5,1766.1,25.34,168.0,-0.023,0.0324,0.38,0.151,0,0,2,1,1,0.474
0.46,1.06,1.71,2.28,3.55,8.03,14.22,0.67,6.81,7.8,51.2,7.6,215.2,30.08,301.1,-0.0171,-0.0037,0.341,0.23,0,4,2,1,0,0.3109
0.42,0.79,1.27,1.52,2.14,2.67,4.36,0.48,2.51,22.1,63.0,11.9,1187.1,17.34,314.1,-0.1149,0.1046,0.391,0.79,0,0,2,1,0,0.0209
11.33,19.62,34.17,59.77,91.11,179.86,235.62,14.16,135.76,9.6,86.6,36.1,4015.9,16.57,17.7,0.0142,-0.0369,0.95,0.174,3,0,2,0,1,1.0
0.06,0.09,0.13,0.16,0.19,0.36,0.71,0.08,0.33,14.2,88.4,10.9,4007.6,14.38,57.9,-0.0605,0.0302,0.306,0.55,1,2,2,1,0,0.0175
0.31,0.47,0.63,0.92,1.37,2.98,3.3,0.34,2.05,20.1,65.5,14.3,1512.2,20.63,99.1,0.0315,0.042,0.272,0.693,0,2,4,2,0,0.0139
1.08,2.87,3.69,5.42,6.68,15.83,27.18,1.58,13.09,12.3,56.0,24.4,228.9,6.98,214.2,-0.0045,-0.0144,0.381,0.671,2,7,3,0,0,0.0124
1.24,3.46,7.2,8.09,12.77,19.12,30.39,1.31,16.85,16.5,56.1,9.3,793.2,64.63,130.0,0.0053,0.028,0.366,0.199,2,0,5,2,1,0.9992
1.87,3.68,7.27,12.04,14.12,33.4,52.71,2.58,26.47,18.8,49.1,13.8,1677.7,13.55,303.9,0.035,0.0473,0.43,0.662,2,2,3,0,0,0.0649
0.35,0.63,0.98,1.56,1.8,3.92,6.25,0.5,3.17,1.2,70.9,9.9,3983.3,36.17,258.0,-0.0463,0.0122,0.294,0.384,0,0,4,0,0,0.0555
0.75,1.52,2.24,2.92,3.71,5.63,8.66,0.99,4.87,33.9,83.0,31.0,636.0,15.29,36.2,0.0185,0.0236,0.346,0.515,4,3,3,0,0,0.0157
0.51,0.83,1.43,2.5,3.13,6.44,12.56,0.53,5.84,18.7,71.7,8.9,3218.6,26.49,224.8,0.0134,0.0053,0.376,0.678,3,1,2,0,0,0.0538
2.7,6.26,8.04,14.42,22.97,47.68,79.0,2.78,39.71,13.1,61.4,16.2,501.0,45.07,40.7,-0.0092,0.0399,0.566,0.293,2,3,4,1,1,0.9924
32.25,57.81,122.41,192.39,271.71,441.57,668.29,44.19,372.56,10.1,93.2,5.4,4122.2,25.71,91.8,-0.0464,-0.0114,0.95,0.509,2,1,1,1,1,1.0
0.45,0.87,1.54,2.5,3.73,6.31,11.82,0.61,5.84,8.8,74.9,36.1,1633.7,43.72,64.0,0.0298,-0.0156,0.381,0.833,0,2,2,3,0,0.435
1.44,3.76,8.01,9.14,10.71,14.06,26.73,2.13,13.95,11.7,68.2,9.9,3267.2,35.07,62.3,0.0352,0.001,0.389,0.77,4,2,3,1,0,0.174
0.17,0.38,0.82,1.15,1.84,3.47,6.23,0.24,3.07,15.5,61.1,23.7,1471.8,11.02,221.9,0.0057,0.0592,0.36,0.814,2,1,3,1,0,0.0077
12.02,20.14,35.16,39.28,60.2,148.85,240.61,12.46,118.44,25.4,89.0,23.7,2654.8,28.55,202.9,-0.0535,-0.0874,0.937,0.418,0,2,3,1,1,1.0
5.99,9.73,16.52,26.49,41.7,53.13,60.49,7.13,43.0,12.9,95.8,8.1,846.9,23.62,63.4,-0.0264,-0.0455,0.559,0.812,2,1,3,0,1,0.5902
2.61,6.13,9.21,15.48,18.71,37.29,71.57,3.39,33.76,18.6,66.3,12.2,656.0,12.92,356.5,-0.003,0.1138,0.464,0.469,6,4,1,0,0,0.3654
7.13,12.2,24.63,29.15,36.78,45.09,82.77,7.5,44.84,13.6,43.6,5.6,3943.0,33.5,151.9,0.0344,0.0138,0.499,0.802,2,2,2,1,1,0.9265
3.62,6.36,13.66,15.92,24.45,30.75,59.65,4.06,31.16,-0.5,79.4,12.5,3858.2,9.62,34.9,-0.0792,-0.0204,0.54,0.306,1,6,3,2,0,0.3325
0.32,0.73,1.0,1.68,2.17,4.24,5.18,0.34,3.12,24.8,51.1,16.6,3733.0,32.38,43.4,-0.0282,0.0397,0.312,0.869,3,0,2,0,0,0.0356
2.06,5.53,10.97,15.96,17.66,37.29,73.28,2.68,33.83,19.0,57.5,4.4,2645.5,28.75,210.2,-0.0201,-0.0393,0.458,0.633,1,0,3,2,1,0.5804
22.0,48.48,67.04,113.46,178.06,355.16,699.35,29.79,325.95,20.0,92.8,5.9,3404.3,20.87,352.5,-0.0042,-0.1051,0.95,0.753,2,1,2,0,1,1.0
0.89,1.87,2.58,3.55,4.24,7.85,11.84,0.97,6.41,21.0,53.6,27.0,336.5,13.93,205.9,-0.0651,0.0177,0.305,0.84,3,0,1,1,0,0.0255
0.24,0.64,0.94,1.14,1.27,2.79,3.25,0.35,1.95,28.3,76.6,12.6,1439.4,28.34,341.7,-0.0109,-0.0365,0.337,0.485,5,1,2,0,0,0.067
0.95,1.79,3.39,4.61,5.76,8.19,13.6,1.09,7.46,33.7,54.5,14.2,1351.9,5.67,159.9,-0.0155,0.0051,0.377,0.752,3,0,2,0,0,0.0092
0.02,0.03,0.04,0.05,0.07,0.17,0.28,0.03,0.14,27.4,32.3,17.0,2687.9,12.43,156.9,-0.0519,0.0165,0.339,0.731,2,5,4,0,0,0.0036
0.24,0.54,0.83,1.21,1.71,3.64,5.73,0.33,2.94,19.7,35.9,10.3,1527.2,19.55,180.0,-0.0059,0.0071,0.356,0.424,4,2,2,2,0,0.0719
49.85,83.31,143.71,247.69,297.18,657.05,916.8,67.16,497.47,20.6,100.0,1.7,666.3,20.88,251.1,-0.0271,-0.0854,0.95,0.338,5,2,1,2,1,1.0
0.33,0.52,1.04,1.41,1.88,2.37,2.76,0.39,1.94,22.4,65.1,15.6,2525.3,12.61,132.3,0.0248,0.0013,0.282,0.435,2,4,4,1,0,0.0096
0.67,1.09,1.68,2.71,3.9,7.58,12.17,0.96,6.3,7.9,61.9,23.5,3429.7,12.8,311.0,-0.0443,0.0222,0.308,0.885,0,0,2,2,0,0.0203
0.23,0.39,0.66,1.01,1.41,2.61,3.62,0.31,2.05,12.6,54.8,13.7,1635.8,26.15,10.5,0.0045,-0.07,0.314,0.724,5,5,3,0,0,0.0167
2.58,6.07,11.1,13.94,20.4,47.02,55.93,3.18,32.88,11.4,56.3,9.4,598.9,11.21,158.3,-0.0404,-0.076,0.382,0.62,0,2,3,2,0,0.1605
1.1,2.49,3.62,4.79,6.32,14.09,17.91,1.21,10.21,19.2,87.3,9.8,866.3,16.03,184.0,-0.03,-0.0535,0.407,0.761,0,0,5,0,0,0.0077
0.56,1.07,2.27,2.83,3.66,5.95,10.77,0.57,5.46,22.2,58.9,3.7,1035.6,9.59,218.5,0.0149,0.0373,0.336,0.343,1,4,2,1,0,0.0282
0.52,0.95,1.49,2.43,2.74,3.8,6.93,0.78,3.64,31.4,46.0,7.7,1294.6,20.14,99.4,0.0117,-0.0999,0.22,0.518,2,2,1,0,0,0.0381
8.58,12.88,25.09,29.85,46.16,71.56,128.16,12.75,66.09,3.6,91.2,16.5,2717.6,17.5,153.9,-0.0209,0.0415,0.712,0.403,4,3,2,0,1,0.9878
1.06,1.8,3.36,5.06,7.79,18.45,21.56,1.34,12.73,19.3,68.3,7.4,2543.9,5.35,174.4,-0.0135,0.0196,0.438,0.717,2,5,3,2,0,0.0197
1.14,2.55,4.71,5.74,7.55,12.84,15.41,1.37,9.71,12.2,69.0,3.3,2938.7,8.44,247.3,-0.0727,-0.0129,0.325,0.741,0,5,2,0,0,0.0132
7.16,15.93,25.62,31.72,48.01,115.63,151.47,10.09,83.58,19.7,67.1,18.5,1554.4,37.36,278.5,0.0701,-0.074,0.688,0.641,3,5,2,0,1,0.9997
1.49,3.66,7.55,8.33,11.77,20.05,39.72,1.79,19.06,22.3,71.3,12.3,3469.6,13.23,265.6,0.0344,-0.0398,0.507,0.727,3,2,3,1,0,0.0536
12.31,19.0,37.69,53.09,65.1,161.83,218.05,14.98,117.75,20.2,85.4,39.5,897.0,23.94,123.0,0.0326,0.0391,0.908,0.576,4,3,1,1,1,1.0
0.06,0.15,0.26,0.44,0.52,0.82,1.59,0.08,0.78,24.8,45.1,8.8,1996.5,10.77,359.8,-0.0798,0.0628,0.269,0.857,2,0,5,0,0,0.0019
1.2,2.7,4.09,4.75,5.35,9.33,15.8,1.39,8.15,21.8,42.6,13.9,3373.9,40.22,305.5,-0.0298,-0.0516,0.376,0.529,0,4,3,0,0,0.2363
1.02,1.9,3.34,5.66,8.09,13.02,14.65,1.16,9.75,14.1,37.0,12.7,797.7,6.68,93.6,-0.0167,0.0571,0.369,0.725,2,1,2,2,0,0.0244
3.4,7.03,9.05,15.3,18.99,47.24,72.69,5.01,36.63,9.6,60.9,29.1,505.9,35.43,70.2,-0.0966,0.0343,0.463,0.524,0,2,2,2,1,0.938
1.92,4.88,8.51,10.74,16.63,29.17,54.03,2.0,26.62,15.3,30.9,15.3,3717.3,20.84,113.0,0.0445,-0.0003,0.418,0.689,0,5,2,2,1,0.3053
0.98,2.09,3.97,6.79,10.36,23.35,27.02,1.04,16.22,22.4,48.7,8.0,1473.2,27.95,162.8,0.0727,-0.0369,0.361,0.686,4,4,2,0,0,0.1192
0.39,0.94,1.99,3.35,4.89,6.86,11.32,0.48,6.26,27.8,54.6,18.6,2888.1,37.65,306.3,0.1031,-0.0291,0.259,0.749,2,7,2,0,0,0.0792
3.58,7.27,13.94,21.72,30.58,40.59,56.36,5.32,34.94,30.6,90.6,12.7,155.2,22.54,280.2,-0.0523,0.0911,0.505,0.744,2,1,1,0,1,0.6406
0.51,1.12,1.61,2.7,4.23,10.01,12.81,0.74,7.19,30.8,44.5,42.8,2913.7,45.75,306.4,0.0059,0.0089,0.319,0.887,3,0,4,0,0,0.0549
0.65,1.69,2.11,2.43,3.7,6.35,10.01,0.91,5.38,19.7,68.2,6.6,1361.8,37.33,97.9,0.0661,0.0665,0.334,0.791,2,6,4,0,0,0.0323
1.77,3.79,5.64,7.46,9.18,19.57,35.55,2.37,17.0,16.9,82.9,34.2,281.3,27.49,213.6,-0.0127,0.0121,0.517,0.713,0,2,2,0,0,0.2376
0.56,1.25,2.0,2.61,3.2,5.6,10.09,0.72,5.04,32.1,48.2,3.4,2580.7,34.25,102.0,-0.0283,-0.0226,0.303,0.546,1,5,2,0,0,0.1146
0.53,1.08,1.31,2.16,2.4,5.43,6.82,0.68,3.9,22.6,41.7,27.8,1049.3,19.75,39.2,-0.0933,0.0292,0.406,0.742,0,3,2,0,0,0.0234
0.88,1.53,3.28,5.34,7.19,14.35,20.28,1.15,11.17,29.5,52.5,6.5,1655.3,11.54,246.3,0.0566,0.1079,0.427,0.633,7,5,2,1,0,0.0362
1.63,4.52,8.07,13.9,18.46,39.54,55.89,1.81,30.32,19.9,88.0,7.7,384.4,59.81,51.5,-0.001,-0.0322,0.535,0.402,3,3,1,0,1,1.0
4.27,6.51,13.97,18.19,22.29,48.84,89.96,4.32,42.5,21.9,68.9,11.7,660.7,20.49,240.4,-0.0365,0.0457,0.631,0.971,2,4,2,1,0,0.543
6.95,11.55,17.87,25.58,40.5,57.75,89.32,7.79,50.94,3.8,98.6,9.3,1286.6,23.13,233.3,0.0142,0.0095,0.658,0.63,0,0,1,1,1,0.9802
0.44,1.06,2.03,2.26,3.1,5.15,7.41,0.61,4.23,20.3,60.6,5.2,422.5,8.71,291.7,0.0077,-0.0725,0.345,0.586,0,7,1,2,0,0.0323
6.34,15.6,28.74,51.53,60.6,97.63,178.15,6.44,90.15,22.5,75.8,13.1,3829.9,38.86,50.2,0.0084,-0.0736,0.897,0.236,4,0,1,1,1,1.0
1.44,2.45,3.54,4.92,7.48,14.97,28.47,1.99,13.48,18.9,53.7,16.6,75.1,22.8,282.1,-0.0109,-0.0226,0.332,0.605,7,0,4,0,0,0.0307
0.01,0.03,0.05,0.07,0.1,0.12,0.17,0.02,0.11,22.2,60.3,5.3,2058.0,26.13,359.7,0.0811,0.0174,0.399,0.854,0,2,1,2,0,0.0774
3.38,8.95,14.35,21.13,31.22,43.96,87.33,4.4,43.75,12.5,71.4,14.9,561.5,28.03,306.4,-0.0067,0.0439,0.501,0.59,6,3,2,0,1,0.8475
0.5,1.26,1.76,2.42,3.1,3.73,5.89,0.53,3.49,-1.2,72.5,10.2,1326.9,13.01,270.7,0.081,-0.0785,0.379,0.897,2,3,2,0,0,0.009
1.6,2.41,3.68,4.65,5.29,9.02,10.42,2.06,6.71,25.3,95.6,17.7,3893.1,38.32,238.4,0.0282,0.0326,0.432,0.716,1,1,3,1,0,0.1951
0.69,1.07,1.89,3.06,4.89,8.65,12.36,0.71,6.96,9.2,68.3,15.2,721.0,24.12,151.8,0.0176,-0.0059,0.275,0.71,0,4,1,1,0,0.0724
0.29,0.61,0.87,1.19,1.81,2.59,4.11,0.4,2.31,32.2,53.2,9.3,4058.2,5.58,263.0,-0.0057,0.0002,0.317,0.53,4,4,5,3,0,0.0079
1.38,2.71,4.02,6.32,7.65,10.89,20.07,1.92,10.42,20.1,53.0,4.0,904.0,34.32,260.7,0.0487,0.0294,0.367,0.693,2,3,2,2,0,0.2943
0.36,0.59,1.23,1.99,3.02,5.3,9.21,0.49,4.68,33.8,41.0,11.5,3127.5,18.74,227.3,0.0056,0.0873,0.312,0.831,4,1,5,1,0,0.0063
0.39,0.68,1.14,1.83,2.75,4.19,5.36,0.39,3.35,10.4,55.5,18.4,2318.7,13.82,286.7,-0.0466,0.0152,0.367,0.283,1,3,2,0,0,0.0307
2.43,6.64,12.66,14.65,22.0,28.52,42.25,2.62,25.39,16.7,75.6,29.4,3720.6,7.15,161.6,-0.0483,-0.0678,0.485,0.571,3,5,1,2,1,0.2049
1.55,3.06,4.49,8.01,9.8,23.51,27.94,1.71,16.29,16.0,79.5,12.3,2349.1,16.04,43.7,0.0211,-0.0094,0.511,0.422,0,6,5,0,0,0.0278
3.76,6.72,12.07,19.69,23.21,53.97,101.97,4.72,47.11,29.4,57.0,20.2,2268.4,15.05,201.3,-0.0454,0.0426,0.475,0.607,0,0,2,2,0,0.6564
30.96,52.96,99.75,151.44,205.45,260.59,287.52,43.57,208.94,14.8,80.6,10.0,861.2,36.29,95.4,-0.0031,0.0443,0.95,0.435,0,0,4,3,1,1.0
1.05,2.39,3.6,4.68,6.8,9.98,13.31,1.15,8.2,18.2,52.7,33.3,739.9,14.38,138.4,0.0529,0.0333,0.458,0.493,4,0,3,0,0,0.0254
5.18,10.91,17.86,21.54,28.85,61.11,109.15,6.51,52.66,13.7,100.0,27.3,3853.4,8.12,6.3,0.0152,-0.0255,0.663,0.72,3,2,1,0,1,0.5958
0.67,1.3,2.66,4.4,5.77,7.43,8.32,0.95,5.95,23.9,40.4,24.3,1410.5,26.28,137.8,-0.0361,-0.0684,0.287,0.387,0,2,4,1,0,0.0417
0.07,0.15,0.28,0.39,0.52,1.24,2.17,0.09,1.03,9.2,34.0,34.4,1594.1,37.25,291.2,0.0705,0.0295,0.284,0.529,2,2,1,0,1,0.1973
0.65,1.14,2.39,4.15,6.54,7.98,13.47,0.79,7.65,26.1,49.4,32.8,3203.3,16.64,195.4,0.0274,-0.0607,0.321,0.344,4,3,3,2,1,0.0575
0.79,1.95,2.7,4.74,7.41,14.06,21.11,0.99,11.39,16.5,38.3,13.7,1456.1,50.47,3.5,0.0509,0.0347,0.257,0.455,1,1,2,0,0,0.6718
0.29,0.7,1.32,1.5,2.36,4.06,4.99,0.38,3.09,22.4,40.6,18.3,4001.1,34.1,169.1,-0.1134,0.0347,0.25,0.978,6,0,2,0,0,0.0248
2.9,4.47,5.43,8.18,10.23,18.61,25.66,3.37,14.65,11.2,61.1,14.7,3112.4,38.98,104.9,0.0165,-0.0234,0.422,0.818,6,1,4,0,0,0.1233
0.62,1.1,1.58,2.16,2.41,5.15,6.59,0.75,3.78,13.7,58.4,18.1,2529.3,25.88,171.9,0.0421,-0.0056,0.284,0.535,2,0,3,1,0,0.0373
0.08,0.13,0.17,0.23,0.37,0.46,0.5,0.12,0.37,15.6,80.7,11.9,3705.7,24.36,145.7,0.085,0.0099,0.489,0.891,3,4,2,1,0,0.0353
0.74,1.2,2.34,3.59,4.07,8.17,11.68,0.9,6.39,22.8,80.7,13.9,255.9,14.01,335.5,-0.0732,-0.0307,0.418,0.692,3,1,1,0,0,0.0309
16.54,45.38,77.39,127.24,199.81,456.88,873.63,22.02,402.56,8.2,98.4,19.8,1116.8,44.6,14.8,0.0603,-0.0691,0.95,0.678,1,3,1,0,1,1.0
0.98,2.04,3.48,5.16,6.97,14.74,22.58,1.11,11.77,12.9,73.5,4.2,1979.9,40.76,246.1,0.0822,-0.002,0.463,0.723,2,1,3,0,0,0.2758
1.24,2.19,3.51,5.72,7.95,13.35,21.89,1.81,11.59,36.0,59.8,10.2,992.0,45.11,306.4,-0.1009,0.0033,0.438,0.421,0,3,5,1,1,0.4063
3.21,8.85,11.13,19.76,22.56,32.5,63.29,4.5,31.84,21.8,68.2,25.6,3137.2,19.81,345.3,0.0239,0.0681,0.567,0.293,6,2,4,0,0,0.3733
0.04,0.09,0.19,0.26,0.4,0.86,1.29,0.07,0.68,20.4,63.4,19.5,3864.7,16.8,63.9,0.0309,-0.0391,0.404,0.659,3,0,1,0,0,0.0261
2.34,5.58,10.7,15.11,17.76,29.67,48.22,2.48,25.69,22.7,68.7,11.4,1808.6,29.83,191.3,-0.0164,0.0534,0.507,0.49,0,3,1,1,1,0.8811
0.71,1.94,3.72,5.84,9.0,20.16,23.85,0.89,14.15,3.5,48.4,11.4,1469.9,15.47,15.7,-0.0245,-0.0574,0.382,0.518,2,0,3,0,0,0.0324
0.73,1.97,4.32,4.87,5.83,7.2,8.78,0.76,6.03,15.7,61.9,10.9,4040.4,19.93,179.7,0.0334,-0.0672,0.384,0.352,1,2,3,0,1,0.0403
1.34,3.69,7.51,8.88,10.59,12.87,20.92,1.36,12.16,20.5,69.4,18.6,1896.1,6.04,45.2,-0.0307,-0.015,0.324,0.587,4,3,3,0,0,0.0129
1.35,3.5,5.13,6.19,7.27,13.37,15.28,1.92,9.71,12.4,45.6,24.6,2079.6,23.2,301.6,-0.0109,-0.047,0.353,0.628,1,2,4,0,1,0.0237
6.56,15.82,21.28,32.03,37.75,51.03,57.78,7.48,40.41,16.6,89.3,7.2,1509.3,27.44,41.0,0.0406,-0.0679,0.485,0.451,3,3,2,0,1,0.885
1.51,2.67,4.41,6.52,9.36,21.28,25.41,2.0,14.95,24.3,81.8,42.7,3824.6,39.44,184.8,0.0877,0.0972,0.468,0.735,0,1,1,0,1,0.6989
0.29,0.5,1.02,1.34,1.48,1.93,2.53,0.38,1.63,19.8,70.1,19.1,2411.2,30.43,187.6,0.0269,-0.0226,0.306,0.652,2,0,5,2,0,0.0204
18.42,36.07,49.0,73.61,110.4,268.46,318.88,26.5,185.47,4.5,78.4,39.3,3213.0,33.18,349.8,0.0067,0.1156,0.95,0.752,1,0,3,1,1,1.0
33.37,89.12,176.1,312.58,457.63,716.85,953.83,40.6,577.84,13.8,91.4,17.0,3419.0,48.72,235.8,-0.0258,-0.0497,0.95,0.852,0,1,3,0,1,1.0
1.65,3.01,6.43,10.96,14.33,33.5,59.12,2.46,28.17,15.7,69.6,17.0,1468.7,12.55,103.6,-0.0505,-0.0854,0.496,0.881,3,2,2,1,0,0.1046
2.12,3.76,5.04,6.81,10.32,16.09,23.71,2.54,13.56,13.1,57.6,38.4,1849.8,11.28,86.7,0.0555,0.0646,0.404,0.631,3,2,3,0,0,0.023
1.9,4.28,8.07,14.24,20.63,35.72,60.64,2.8,31.31,23.9,35.2,18.9,3571.2,22.34,46.2,-0.0077,-0.0363,0.467,0.533,8,4,3,2,0,0.447
1.1,1.98,2.81,3.79,6.0,8.84,15.8,1.65,8.26,26.4,65.6,33.5,1557.5,10.47,272.3,0.0575,0.0069,0.39,0.795,3,4,3,1,0,0.0138
0.28,0.63,1.38,2.08,2.97,3.75,5.24,0.28,3.29,12.4,64.0,10.1,3344.8,24.03,248.7,-0.0165,-0.0678,0.358,0.563,2,3,3,1,0,0.0362
1.69,3.98,8.32,13.14,18.59,36.71,69.92,2.1,33.16,14.3,56.8,19.0,3955.1,10.71,219.6,-0.0325,-0.0019,0.528,0.564,6,2,3,0,1,0.1171
5.63,11.04,17.35,26.48,30.52,68.59,128.62,6.26,59.98,20.8,29.7,15.8,2636.3,12.06,14.7,0.021,-0.0686,0.55,0.717,4,1,5,1,0,0.4402
2.54,5.31,6.61,11.18,17.29,37.15,54.68,3.16,29.01,22.3,71.2,6.7,3127.8,7.21,274.6,-0.0038,-0.0037,0.486,0.119,2,2,2,1,0,0.2501
0.85,1.78,2.22,3.32,4.69,11.54,21.27,1.14,9.84,23.3,47.3,11.7,3391.2,23.01,231.1,-0.0603,-0.0237,0.342,0.623,2,1,1,0,0,0.0917
0.92,1.53,2.59,3.52,4.71,11.2,15.72,0.94,8.38,15.0,67.3,6.3,3556.9,9.0,347.0,0.0909,0.0115,0.351,0.897,7,3,1,2,0,0.0265
4.63,7.62,16.45,24.37,26.93,37.19,65.12,6.49,35.0,16.5,74.1,7.7,1689.5,26.54,211.4,-0.0313,0.0313,0.573,0.686,3,4,5,1,0,0.3842
0.11,0.18,0.36,0.64,0.86,1.74,3.43,0.11,1.6,13.9,52.8,8.1,262.7,28.88,109.4,0.0464,0.0121,0.264,0.852,3,2,2,1,0,0.0287
8.13,20.21,33.92,54.18,75.44,137.06,189.19,10.03,107.97,17.4,78.8,4.1,1717.8,13.4,137.3,0.0421,0.0226,0.788,0.502,0,0,1,0,1,0.9994
24.16,60.36,85.5,110.83,161.34,232.77,375.99,29.94,208.66,11.6,93.7,13.3,2846.1,31.0,63.3,-0.063,-0.0055,0.95,0.44,3,6,1,1,1,1.0
6.32,13.0,16.46,18.34,21.73,47.31,67.39,8.0,36.28,18.6,100.0,12.8,1919.0,29.18,260.2,-0.0501,-0.0218,0.591,0.574,1,1,1,1,1,0.969
0.5,0.77,1.22,1.86,2.14,3.9,6.04,0.51,3.23,19.0,49.6,5.2,3158.2,35.06,254.8,-0.0151,0.0235,0.33,0.637,0,6,2,0,0,0.0951
6.05,9.18,18.5,22.26,30.85,65.03,84.28,7.3,48.13,21.9,91.7,6.4,1531.5,12.74,72.2,-0.0433,-0.0056,0.676,0.557,4,4,5,2,0,0.4568
0.07,0.19,0.32,0.47,0.71,0.91,1.36,0.08,0.82,21.4,30.9,23.5,2684.2,12.43,57.1,0.0863,-0.0037,0.322,0.798,3,2,2,1,0,0.0102
2.88,5.17,8.65,11.01,15.64,21.07,35.4,3.34,19.59,25.3,76.0,52.7,823.6,28.08,27.7,-0.01,0.0199,0.533,0.643,2,0,2,0,1,0.4126
2.7,4.65,7.79,13.46,19.96,35.44,49.98,2.8,28.34,14.7,78.8,5.9,3159.9,22.17,328.3,0.0445,-0.0517,0.45,0.829,2,6,3,0,1,0.1251
1.71,2.76,3.89,4.64,5.93,7.27,9.88,2.15,6.36,22.8,49.6,8.5,2314.6,23.31,83.9,0.0257,0.0715,0.253,0.9,0,3,3,0,0,0.014
2.19,5.29,10.63,19.02,22.82,33.01,46.15,2.67,27.78,13.9,71.5,6.7,896.9,40.14,123.9,0.0132,-0.0125,0.461,0.261,0,0,5,0,0,0.6645
0.1,0.25,0.49,0.58,0.72,1.64,2.26,0.13,1.23,5.3,47.4,5.8,1261.4,8.15,101.0,0.002,0.0062,0.295,0.781,1,2,3,1,0,0.0054
2.62,7.19,10.78,16.43,19.77,35.83,44.59,3.39,27.02,9.6,87.3,16.1,3156.7,32.13,148.9,0.0619,-0.0022,0.505,0.487,0,3,1,0,1,0.9042
44.37,115.16,159.36,233.21,362.81,772.88,1480.58,47.7,690.35,19.9,82.8,10.2,2052.8,29.2,257.1,-0.0413,0.0326,0.95,0.418,2,0,5,1,1,1.0
4.51,6.91,13.75,22.1,34.57,48.83,95.71,6.76,48.24,20.9,91.8,16.5,946.5,27.47,313.4,0.0863,0.017,0.579,0.387,4,0,4,0,1,0.8665
1.84,4.71,10.25,12.89,17.9,30.39,40.67,2.57,24.03,18.9,65.7,14.2,4064.2,33.6,65.7,-0.0644,-0.0025,0.536,0.756,0,1,2,2,1,0.7284
2.84,7.82,10.47,14.65,20.83,47.17,78.06,3.36,38.6,15.3,86.8,19.1,3017.8,18.24,247.1,0.0391,0.0724,0.596,0.651,0,0,2,1,1,0.549
0.41,0.89,1.22,1.34,2.07,2.6,3.59,0.56,2.27,22.4,53.9,2.1,4022.1,10.26,126.9,-0.0703,-0.1602,0.27,0.705,6,0,5,0,0,0.0027
7.54,12.91,23.11,36.26,45.63,73.49,119.21,8.91,64.15,37.2,90.0,29.2,1822.5,14.35,353.0,-0.0158,0.0621,0.71,0.687,3,0,1,0,1,0.9534
13.15,23.7,39.88,52.79,65.07,121.31,165.46,19.27,94.46,9.9,83.2,14.3,2021.7,13.32,107.6,0.0047,0.046,0.775,0.38,0,0,2,2,1,0.9993
1.64,4.24,5.74,10.16,15.73,31.59,36.48,2.42,22.52,28.1,61.1,27.3,3776.5,3.24,2.6,-0.0243,-0.0918,0.387,0.418,0,0,2,0,0,0.0417
1.42,3.9,7.03,9.99,11.92,16.59,20.48,2.12,13.44,24.9,70.7,21.8,2229.0,27.5,185.6,-0.0091,0.0465,0.42,0.568,3,6,3,0,0,0.1124
0.11,0.3,0.37,0.59,0.94,2.25,3.54,0.12,1.78,23.2,68.5,38.2,2985.2,16.91,54.3,-0.0693,0.0529,0.398,0.693,2,2,2,2,0,0.0316
12.79,27.42,46.43,56.73,85.02,183.52,243.06,13.62,136.4,22.1,81.6,3.7,1096.5,18.42,16.0,-0.0494,0.0281,0.907,0.488,3,2,2,0,1,1.0
1.66,3.83,5.04,8.39,12.93,16.59,25.47,1.9,15.04,11.8,52.7,3.9,1903.9,14.85,251.4,0.0249,-0.078,0.408,0.894,2,2,2,0,0,0.0321
16.33,38.7,61.15,67.91,83.65,148.83,285.61,18.38,137.88,9.7,87.3,21.1,562.3,19.98,263.6,0.0015,0.0341,0.95,0.723,7,0,1,0,1,1.0
1.03,2.11,4.61,5.24,7.99,18.84,21.42,1.28,12.86,17.1,49.1,10.0,904.8,43.23,165.9,-0.0345,0.0504,0.251,0.467,3,5,3,2,0,0.3911
19.52,53.09,83.25,136.87,175.21,415.3,761.56,19.87,355.54,6.6,87.5,2.1,53.9,7.13,243.7,0.0662,-0.0286,0.95,0.525,0,2,2,0,1,1.0
1.74,4.46,6.91,9.56,12.57,29.45,45.29,2.21,23.08,23.8,70.9,10.5,212.9,47.38,193.8,-0.061,0.0221,0.454,0.679,1,2,2,0,1,0.894
0.36,0.61,1.0,1.14,1.62,2.19,2.71,0.39,1.79,9.2,71.1,9.5,4105.7,22.88,226.7,-0.0181,-0.0177,0.253,0.54,2,6,1,0,1,0.0428
0.03,0.05,0.09,0.12,0.19,0.36,0.47,0.03,0.28,27.0,95.0,11.2,1055.8,15.41,214.8,-0.0253,0.0443,0.436,0.836,0,3,3,4,0,0.0258
22.93,51.1,61.83,74.98,102.7,183.9,366.3,23.31,173.5,11.2,89.7,24.7,2802.7,16.48,239.7,0.0308,-0.0157,0.95,0.284,0,1,3,0,1,1.0
0.07,0.14,0.29,0.42,0.59,1.02,1.44,0.09,0.82,17.8,53.9,5.0,3532.3,11.93,71.9,0.0024,-0.029,0.284,0.43,0,6,5,1,0,0.0057
0.07,0.1,0.15,0.27,0.42,0.71,0.82,0.07,0.53,27.6,57.3,9.0,2335.2,5.6,96.7,-0.0054,-0.002,0.283,0.352,2,5,1,1,1,0.0171
0.32,0.67,1.36,1.51,1.84,4.25,6.92,0.41,3.44,22.1,57.2,6.9,685.5,10.75,158.4,-0.0922,-0.0671,0.299,0.399,3,7,5,1,0,0.007
4.3,11.75,15.75,25.91,34.73,77.42,98.56,6.2,56.15,19.7,99.7,25.3,3071.7,20.02,160.6,0.0433,-0.0069,0.598,0.442,0,0,2,1,1,0.9352
4.29,8.92,14.55,19.75,30.4,43.9,83.79,4.9,42.56,15.8,65.6,2.2,2541.0,17.57,278.8,-0.0109,0.0181,0.528,0.646,3,7,4,2,0,0.4758
1.08,2.56,5.6,9.23,13.99,31.02,44.02,1.1,23.66,24.6,58.1,16.7,3084.7,25.67,132.3,0.0058,0.0435,0.424,0.542,3,2,4,0,0,0.1054
20.69,49.97,69.59,98.29,111.05,231.28,383.12,25.6,192.47,18.5,83.8,34.1,3244.4,14.93,58.5,-0.0374,0.0124,0.95,0.746,6,3,5,0,1,1.0
0.08,0.12,0.2,0.33,0.37,0.46,0.87,0.09,0.46,27.7,72.1,20.0,4098.0,13.79,90.5,-0.0453,-0.0716,0.32,0.67,4,0,2,2,0,0.0195
2.34,4.36,6.64,9.86,15.11,20.19,40.1,2.88,20.36,12.6,51.7,12.9,2430.3,55.82,77.3,0.075,0.0676,0.452,0.784,7,0,2,1,1,0.9769
0.89,2.43,4.48,7.27,8.93,21.74,42.66,0.91,19.23,7.7,53.9,15.4,1467.8,12.11,263.4,-0.0887,0.0718,0.427,0.842,7,0,2,1,0,0.0453
0.99,2.14,2.72,3.97,5.06,9.56,11.48,1.17,7.03,31.2,60.9,13.2,2741.1,12.57,169.3,-0.0527,0.0056,0.424,0.673,2,2,3,0,0,0.0126
2.43,6.75,13.54,21.24,30.57,76.35,107.19,2.5,56.58,26.5,57.7,0.6,334.0,33.3,255.1,0.074,-0.0376,0.552,0.383,2,0,3,1,1,0.9752
0.19,0.49,0.91,1.29,1.85,4.55,7.63,0.27,3.69,9.5,80.1,3.7,3774.2,29.14,149.8,0.032,-0.0266,0.411,0.636,1,0,3,0,0,0.0427
0.91,1.7,3.52,4.45,6.46,14.21,17.22,1.13,10.12,13.1,57.2,13.0,545.4,16.03,320.3,-0.0163,-0.0102,0.363,0.382,2,7,1,0,0,0.0872
26.53,49.0,96.07,156.6,179.11,289.97,418.86,39.12,239.9,25.5,84.6,16.7,1410.5,30.41,354.1,0.0623,0.0139,0.95,0.793,0,3,3,1,1,1.0
1.43,2.8,3.74,5.42,7.58,11.01,21.53,1.51,10.79,6.9,75.8,7.8,3435.3,21.34,241.1,0.0223,-0.0152,0.429,0.431,3,2,1,0,0,0.2074
1.84,3.99,8.25,11.33,15.18,18.44,23.45,2.19,15.79,17.8,85.4,0.6,2528.8,15.02,311.0,0.0116,-0.0429,0.451,0.736,0,3,3,0,0,0.0345
1.5,3.99,6.35,11.38,17.11,23.99,37.12,1.85,21.27,30.3,62.1,14.4,1683.6,28.12,182.9,0.0113,0.0512,0.433,0.314,1,3,5,0,0,0.1413
2.82,6.07,10.27,11.68,13.74,32.2,36.85,4.22,22.07,18.9,39.3,2.8,2014.8,20.21,336.5,0.0233,0.0129,0.396,0.801,1,0,4,0,0,0.0429
6.03,15.17,19.13,30.75,44.64,94.95,159.13,6.42,79.14,16.6,75.0,12.1,3596.4,5.84,299.4,0.0253,-0.0526,0.823,0.754,6,3,3,2,1,0.8844
0.03,0.06,0.08,0.11,0.17,0.39,0.64,0.04,0.32,28.9,61.4,21.5,1461.0,28.14,357.0,0.1098,0.0146,0.288,0.363,0,3,1,0,1,0.1186
13.03,23.42,34.91,46.54,74.17,170.03,314.86,19.21,147.18,18.6,75.6,10.7,3659.0,18.63,224.3,-0.0097,0.0081,0.95,0.666,5,0,1,2,1,1.0
0.79,1.62,3.24,5.6,7.87,19.42,36.6,1.0,16.76,12.0,71.2,13.7,415.8,41.46,280.5,-0.0082,-0.0359,0.414,0.611,0,1,2,0,0,0.5948
2.08,4.24,7.1,11.67,14.35,30.27,39.08,3.07,22.36,11.5,55.5,7.0,3273.7,31.14,195.4,-0.0618,0.0598,0.364,0.811,3,1,5,1,0,0.074
0.51,1.44,2.25,2.5,3.81,7.36,13.79,0.57,6.62,13.8,74.2,14.7,3567.3,22.24,93.3,-0.0026,0.0067,0.388,0.644,1,3,2,1,0,0.0603
0.02,0.05,0.11,0.18,0.26,0.52,1.02,0.03,0.48,13.9,58.2,10.1,804.5,16.29,127.7,0.0931,-0.0108,0.273,0.874,1,0,4,0,0,0.0034
0.12,0.19,0.27,0.3,0.33,0.69,1.31,0.12,0.62,39.5,39.6,7.2,1835.9,19.91,321.8,0.0492,-0.0042,0.257,0.542,8,3,1,1,0,0.0412
3.86,8.67,14.58,16.52,24.43,43.86,82.33,5.03,40.1,12.5,72.7,24.5,736.8,11.76,20.1,-0.0272,0.0222,0.47,0.879,1,1,3,2,1,0.2589
3.76,8.4,12.25,15.66,22.63,47.24,76.28,4.83,38.8,2.6,62.9,22.9,2982.4,22.24,212.9,0.0015,-0.0036,0.483,0.657,1,3,4,0,1,0.2656
0.44,0.94,1.35,2.42,2.95,5.82,9.83,0.59,4.94,16.1,63.9,4.1,2271.7,43.08,134.1,-0.0648,-0.004,0.356,0.701,2,6,3,1,1,0.1778
15.01,28.78,60.04,82.49,115.07,162.1,293.3,21.59,154.12,20.3,88.5,12.6,2686.6,50.4,139.2,-0.0485,0.0533,0.95,0.237,3,5,4,1,1,1.0
3.13,5.71,10.06,15.07,20.54,27.65,34.85,4.04,22.82,20.6,46.0,20.1,865.4,36.64,318.4,0.0075,-0.0709,0.405,0.494,8,3,3,0,0,0.537
1.75,3.1,3.72,6.12,7.54,11.2,22.18,1.9,10.99,22.2,62.5,8.3,928.7,21.56,307.4,-0.0247,-0.0626,0.434,0.512,3,0,2,1,0,0.1408
0.42,0.68,0.92,1.18,1.57,3.47,4.74,0.43,2.6,14.8,77.3,5.9,222.2,8.11,215.6,-0.0522,0.0388,0.359,0.384,2,3,4,0,0,0.0061
0.19,0.38,0.78,1.38,1.65,2.53,3.95,0.19,2.2,15.7,40.5,12.9,1386.6,19.25,98.3,0.0245,0.1208,0.242,0.556,2,3,2,0,0,0.0183
0.28,0.67,0.85,1.2,1.42,3.29,5.25,0.36,2.63,16.9,41.5,3.7,2372.9,32.21,171.2,-0.0041,0.0438,0.335,0.651,2,4,2,0,1,0.0659
0.84,1.9,3.98,6.82,10.7,16.84,31.2,1.14,15.76,18.2,84.4,21.0,3610.4,30.35,147.0,-0.0784,0.0932,0.404,0.808,3,5,3,0,0,0.0836
2.47,3.75,5.27,7.47,10.36,20.77,31.55,2.84,16.7,14.3,69.1,28.0,2817.7,18.26,127.3,-0.1038,-0.0217,0.406,0.668,1,1,1,0,1,0.1207
0.58,1.5,3.27,5.68,8.55,19.89,29.29,0.81,15.29,26.3,36.1,2.6,1856.9,17.46,37.0,-0.0285,-0.0319,0.313,0.677,3,3,3,0,0,0.0264
1.7,3.43,6.26,10.66,13.53,31.13,44.16,1.98,23.56,13.0,75.6,12.8,4005.4,24.61,195.5,-0.0794,0.0228,0.465,0.77,1,1,2,0,0,0.1822
2.19,5.3,11.55,15.48,19.65,44.92,85.17,2.91,39.4,28.5,29.8,14.1,3034.9,20.58,108.7,-0.0934,0.0477,0.482,0.619,2,1,2,1,1,0.5458
0.85,2.13,3.65,4.24,5.72,12.97,24.21,1.24,11.3,19.4,46.7,27.6,3910.2,19.19,237.9,0.0564,-0.0656,0.307,0.367,1,2,3,0,0,0.043
0.36,0.77,1.52,1.74,2.65,5.55,8.26,0.4,4.38,3.3,69.0,15.3,2239.5,18.69,114.9,-0.0049,-0.0107,0.368,0.39,1,2,2,0,0,0.0427
0.97,2.44,3.6,5.14,8.09,17.27,25.46,1.37,13.51,16.3,62.3,27.4,1124.5,39.3,155.2,-0.0133,-0.0014,0.367,0.807,3,3,4,0,0,0.0784
12.66,29.02,39.35,44.41,49.91,121.82,154.75,12.72,86.61,21.6,89.0,42.7,269.2,10.84,18.8,-0.0094,-0.0339,0.795,0.643,0,4,2,0,1,0.9767
2.53,6.43,8.39,12.87,17.17,38.04,59.08,3.53,30.29,10.7,63.2,15.1,3063.3,16.89,357.3,-0.0569,-0.0281,0.487,0.784,0,3,2,0,0,0.1653
2.46,5.88,9.01,15.0,23.07,31.97,44.94,2.77,27.3,30.8,60.7,6.9,553.4,17.43,182.7,0.0205,0.0422,0.445,0.76,0,7,5,2,0,0.0857
4.08,6.98,11.07,18.89,25.96,39.02,57.19,4.09,33.14,20.4,62.0,19.8,1306.5,21.87,8.7,-0.0065,0.0235,0.466,0.498,0,3,2,1,1,0.5991
7.49,13.58,20.64,36.36,48.19,78.87,100.66,7.53,61.75,22.4,89.3,26.6,2259.8,20.23,194.8,-0.0379,0.0399,0.624,0.316,0,7,1,0,1,0.9927
1.57,3.22,6.96,8.07,9.49,12.47,20.63,1.92,11.6,26.2,59.7,2.8,2392.3,19.5,313.3,-0.0304,0.0168,0.41,0.694,4,3,4,0,0,0.0221
0.71,1.42,1.9,3.25,4.3,10.1,15.07,0.75,7.8,14.3,77.7,19.4,2542.4,11.25,278.1,-0.0614,-0.0437,0.387,0.74,2,2,5,1,0,0.0065
1.03,1.96,2.75,3.21,4.72,8.24,15.78,1.29,7.66,22.1,65.4,4.1,740.0,20.21,252.3,-0.0203,0.0212,0.271,0.654,2,2,2,0,0,0.0292
0.31,0.65,0.91,1.64,2.36,4.15,6.15,0.44,3.4,16.4,52.2,7.4,1625.9,27.75,50.2,-0.012,-0.0476,0.258,0.574,3,3,4,0,0,0.0156
1.68,3.66,7.06,8.31,10.96,18.97,34.33,2.2,17.16,20.5,48.4,17.9,2611.4,22.28,236.8,-0.0216,-0.0156,0.377,0.501,3,3,2,0,0,0.1447
2.7,7.25,13.53,24.31,36.06,65.48,107.08,3.75,55.76,12.3,56.3,8.0,4074.7,10.72,275.9,0.0028,-0.0518,0.59,0.696,0,3,1,1,1,0.7482
1.79,3.39,4.66,6.47,9.04,13.18,25.15,2.26,12.75,15.5,67.1,16.7,3069.7,21.13,206.1,-0.0039,-0.0305,0.349,0.814,5,3,3,0,0,0.0294
4.72,7.41,9.09,14.7,18.19,39.1,73.27,6.27,34.46,21.9,80.6,31.6,3878.8,20.42,321.4,0.0115,0.0045,0.565,0.658,8,5,4,1,1,0.3082
31.02,59.17,73.34,89.68,104.86,245.86,461.66,40.68,213.58,11.9,92.8,16.7,3213.2,16.53,99.7,0.0472,-0.0229,0.95,0.654,0,0,2,3,1,1.0
1.79,4.35,6.28,7.27,10.42,22.27,44.1,1.94,20.24,14.3,72.3,17.3,2505.6,22.41,87.2,0.0297,-0.0442,0.486,0.829,3,2,3,0,0,0.0718
2.06,4.1,8.03,12.61,14.97,23.29,27.89,2.46,18.04,26.8,57.5,15.3,846.9,14.04,313.0,0.0477,0.0569,0.271,0.6,0,3,1,0,0,0.0762
0.59,1.04,2.19,3.25,3.92,4.85,6.54,0.8,4.22,28.1,66.0,8.7,2816.7,28.38,225.1,-0.0424,-0.006,0.364,0.294,0,1,4,1,0,0.0705
0.07,0.14,0.29,0.51,0.63,0.87,0.95,0.09,0.68,23.8,39.6,36.6,2637.0,48.8,0.5,-0.0254,-0.0264,0.159,0.647,1,7,1,0,0,0.1886
11.26,27.43,44.78,70.59,111.13,230.94,421.65,12.37,202.04,18.8,80.2,25.0,2550.2,29.66,127.1,0.0327,-0.0541,0.95,0.601,4,4,1,1,1,1.0
3.93,6.37,12.88,19.91,28.67,62.79,108.43,5.03,52.84,9.9,87.4,14.5,2082.6,12.76,308.8,0.0336,-0.0936,0.651,0.653,3,1,5,1,0,0.362
5.02,12.07,23.16,36.06,56.38,103.54,200.62,5.26,95.77,9.1,59.3,12.4,2243.9,27.58,9.8,-0.0339,-0.0111,0.791,0.545,2,1,4,1,1,0.9983
40.1,67.23,85.52,118.07,144.33,178.18,309.53,55.31,172.44,13.8,85.5,10.5,1437.9,31.19,1.2,0.0306,-0.0689,0.95,0.321,2,3,3,2,1,1.0
1.89,5.23,11.1,17.82,25.1,45.94,52.97,2.57,33.51,10.5,53.7,8.5,2205.1,24.4,101.3,-0.0472,0.0356,0.415,0.826,2,0,1,0,0,0.4011
0.47,0.97,1.7,2.93,4.21,9.9,12.82,0.65,7.15,11.8,64.7,7.2,869.9,25.73,329.0,0.0241,0.0015,0.349,0.815,1,2,3,2,0,0.0433
0.88,1.77,2.94,4.66,7.35,9.98,11.81,0.94,8.02,22.7,70.2,14.6,3391.5,19.21,324.5,-0.0013,0.0779,0.339,0.743,5,1,5,1,0,0.011
0.9,2.04,3.64,4.29,5.72,13.62,15.18,1.04,9.2,9.6,54.3,11.1,821.0,9.73,186.8,-0.0692,0.0112,0.212,0.228,2,5,3,0,0,0.0186
0.05,0.09,0.13,0.18,0.26,0.62,0.84,0.06,0.45,23.3,30.0,6.6,402.6,18.51,199.2,-0.0217,-0.0363,0.208,0.599,2,4,1,1,0,0.0277
2.87,5.54,7.53,10.41,16.02,33.05,53.58,3.11,27.27,15.9,51.3,11.0,1860.4,11.68,119.5,0.1091,-0.094,0.412,0.551,2,1,5,1,0,0.0506
0.14,0.31,0.51,0.73,0.86,1.1,2.07,0.14,1.09,27.0,38.3,11.3,2782.0,17.63,87.7,0.0101,0.0403,0.354,0.645,6,5,4,1,0,0.0096
4.58,7.28,12.92,16.85,26.2,42.87,72.78,6.14,38.08,37.9,40.5,13.9,1866.5,14.76,293.5,0.115,-0.0649,0.413,0.449,3,6,3,0,0,0.3134
1.27,2.33,2.93,4.36,5.52,12.8,16.21,1.65,9.18,18.6,71.8,5.8,1198.5,11.22,38.3,-0.0722,-0.0204,0.388,0.552,0,2,4,1,0,0.0153
0.48,1.03,1.33,2.21,2.91,6.2,9.51,0.57,4.95,15.5,49.3,16.8,2366.4,38.5,175.4,0.0375,0.0837,0.27,0.503,2,0,1,0,0,0.288
1.53,3.63,7.76,10.36,14.01,25.76,33.66,1.8,19.76,23.0,60.1,15.6,1490.1,20.0,228.4,-0.1267,0.0305,0.356,0.543,1,4,2,2,0,0.2056
3.93,7.49,11.67,20.35,29.69,41.86,68.52,4.51,37.99,19.3,50.3,18.8,3921.4,15.04,37.3,-0.0,0.0195,0.505,0.849,8,1,1,0,1,0.3794
2.28,5.26,6.89,8.91,10.51,19.22,31.52,2.41,16.36,15.0,50.3,52.9,3879.0,1.78,187.1,0.0316,0.0472,0.43,0.653,2,2,4,3,0,0.0259
0.27,0.5,0.67,0.97,1.4,1.85,2.63,0.31,1.61,30.3,60.4,9.7,2134.8,7.37,207.9,0.0419,0.0454,0.328,0.492,0,0,5,2,0,0.0062
0.56,1.15,1.83,2.86,3.28,6.56,8.2,0.72,4.84,20.5,60.1,2.5,1410.7,30.36,267.3,-0.04,0.079,0.244,0.684,2,2,5,3,0,0.0291
0.17,0.35,0.72,1.21,1.56,3.46,6.04,0.17,2.92,17.8,56.6,30.0,3109.1,22.67,84.5,0.052,-0.0301,0.377,0.651,1,1,3,0,0,0.0187
1.97,3.05,4.71,7.38,10.41,20.98,28.73,2.12,16.07,17.9,52.6,21.5,202.4,52.4,105.6,-0.0267,-0.0188,0.355,0.43,2,3,3,0,1,0.8743
0.34,0.92,1.77,3.04,3.56,4.34,8.4,0.42,4.43,19.8,67.3,44.6,2020.3,13.4,205.0,-0.0082,-0.0461,0.353,0.353,1,0,5,1,0,0.0109
2.05,5.09,7.59,12.77,18.31,37.91,55.13,2.25,29.67,16.3,58.7,19.7,1445.7,36.9,353.9,-0.0217,-0.0016,0.502,0.722,0,3,3,3,1,0.7829
0.21,0.48,0.79,0.98,1.55,2.83,3.14,0.23,2.03,20.3,56.2,5.3,3870.2,18.5,78.3,-0.0568,-0.0066,0.32,0.458,0,4,1,2,0,0.0834
0.64,1.22,1.76,2.4,3.79,6.66,10.56,0.75,5.63,11.2,85.7,17.3,99.8,12.04,354.9,0.0785,-0.0877,0.351,0.534,1,0,1,0,0,0.0284
9.43,24.25,46.89,52.53,73.18,114.72,178.9,11.2,99.02,7.3,80.3,29.6,2344.2,16.02,257.2,0.0024,-0.0327,0.807,0.558,1,3,5,2,1,0.9945
11.49,27.76,55.15,71.77,97.56,131.83,186.91,12.95,113.83,24.2,74.6,14.1,3123.8,21.31,297.4,0.0544,0.072,0.759,0.343,4,0,2,0,1,1.0
1.1,1.84,3.06,3.4,4.48,8.64,10.51,1.17,6.36,21.8,51.3,17.9,2062.8,15.05,32.3,0.0522,0.0122,0.443,0.98,1,3,1,1,0,0.0286
0.43,0.96,1.83,2.9,3.85,8.79,15.04,0.54,7.31,12.9,29.1,6.0,404.4,9.94,108.2,-0.0484,0.0358,0.299,0.666,0,2,3,1,0,0.012
1.71,3.16,4.8,7.67,10.61,26.34,36.06,2.2,19.31,1.7,52.6,3.8,4085.7,11.79,20.8,0.0608,-0.006,0.498,0.579,4,2,4,0,0,0.0275
7.18,17.55,29.12,47.98,63.21,127.92,145.89,8.39,90.58,16.7,95.0,2.9,2199.7,26.31,133.8,0.0252,-0.0944,0.656,0.806,5,1,2,0,1,0.9948
0.14,0.3,0.62,0.74,0.97,1.56,3.0,0.21,1.48,15.5,47.5,13.3,2598.9,10.93,353.3,-0.052,-0.0064,0.261,0.814,2,0,2,2,0,0.0123
2.63,4.81,6.0,7.96,9.91,17.22,21.43,3.76,13.13,18.3,58.6,17.8,1031.9,13.94,37.9,0.0224,0.0521,0.38,0.785,1,0,4,3,0,0.0412
1.96,5.28,8.75,13.48,19.4,41.52,51.27,2.92,29.99,29.5,79.9,3.3,2056.5,11.17,202.5,-0.0511,-0.0593,0.467,0.734,4,5,1,1,0,0.1934
0.09,0.24,0.3,0.51,0.78,1.42,1.75,0.11,1.06,16.3,54.9,15.1,1831.0,22.98,2.2,0.0803,0.0374,0.336,0.638,0,3,5,1,0,0.0088
3.92,10.08,16.45,27.87,31.12,58.49,77.05,5.23,44.78,5.8,77.6,16.5,360.8,65.74,256.6,0.0407,-0.0851,0.526,0.653,6,7,1,1,1,1.0
0.34,0.55,0.95,1.32,2.09,2.88,3.78,0.51,2.4,20.9,67.4,16.4,490.6,25.74,71.0,-0.0036,0.001,0.403,0.778,5,5,1,1,0,0.0827
2.04,5.07,9.91,13.19,19.29,36.61,44.84,2.93,27.11,17.7,50.3,21.2,3525.5,13.04,46.7,0.0632,0.0272,0.356,0.611,2,5,4,0,0,0.0473
0.03,0.05,0.08,0.11,0.13,0.31,0.56,0.05,0.26,13.0,68.9,19.6,1045.3,22.96,121.3,-0.0791,-0.0156,0.337,0.551,1,2,2,0,0,0.0287
0.98,1.6,3.17,3.84,4.42,7.23,12.66,1.39,6.52,29.6,74.6,16.7,859.1,13.5,277.6,-0.0375,0.1236,0.399,0.804,0,0,2,0,0,0.0155
0.45,0.76,0.96,1.21,1.89,2.69,3.05,0.58,2.1,23.1,82.5,7.8,2145.4,21.83,38.4,-0.0126,-0.0247,0.408,0.716,8,6,4,2,0,0.0204
1.22,2.91,4.16,4.63,6.64,12.07,14.62,1.75,9.0,18.1,51.1,4.4,3240.3,40.88,82.7,0.1118,-0.0289,0.371,0.625,4,0,3,3,0,0.4199
0.47,0.94,1.7,2.77,3.13,5.86,10.64,0.68,5.22,28.3,78.8,21.1,307.1,19.43,3.0,-0.0535,0.0102,0.386,0.77,1,2,2,1,0,0.0319
1.03,2.68,3.23,5.8,7.36,18.39,29.03,1.34,14.43,23.1,66.6,6.6,2443.8,23.81,348.6,-0.0854,-0.0377,0.38,0.595,0,5,3,2,0,0.1133
0.02,0.04,0.08,0.09,0.14,0.2,0.26,0.02,0.16,33.7,74.9,24.3,544.7,19.88,213.2,-0.0722,-0.0721,0.322,0.396,3,2,4,1,0,0.0156
3.58,8.93,17.15,20.66,31.57,60.18,108.99,4.46,53.34,13.7,62.7,10.0,201.3,31.74,259.2,0.0453,-0.0549,0.502,0.733,8,0,4,0,1,0.7309
2.02,5.47,11.18,13.89,16.61,27.99,49.48,2.02,25.18,10.3,90.8,27.2,268.9,27.99,234.5,-0.0297,0.0379,0.524,0.576,3,1,1,0,1,0.7253
0.04,0.09,0.17,0.25,0.33,0.71,1.25,0.06,0.61,15.6,46.6,30.0,3511.8,16.41,52.0,-0.008,-0.0152,0.204,0.715,0,7,3,1,0,0.0085
12.76,33.29,71.05,97.42,143.82,335.37,394.43,14.88,232.79,9.6,92.2,40.9,539.6,28.0,214.2,0.0381,0.0851,0.95,0.835,2,7,3,1,1,1.0
3.95,7.23,12.52,14.46,20.87,45.69,81.24,4.98,39.04,6.6,26.2,9.3,237.4,21.93,47.3,-0.0079,-0.0221,0.446,0.83,0,3,1,0,0,0.5116
1.62,4.35,8.45,9.33,10.73,15.52,22.67,2.29,13.3,14.5,73.9,4.8,1867.3,15.68,144.4,0.0102,0.0355,0.395,0.597,6,5,3,2,0,0.0658
0.75,2.04,4.11,5.5,7.68,15.72,20.36,0.82,11.71,27.7,58.0,20.4,3552.6,15.83,204.8,0.0268,0.0255,0.335,0.774,1,0,1,1,0,0.0519
3.23,6.48,11.9,16.76,18.65,28.01,42.45,4.69,24.14,29.2,58.1,20.4,1139.0,21.58,201.2,-0.0215,-0.0228,0.387,0.764,3,1,2,1,0,0.2165
2.93,5.67,12.07,19.1,24.47,60.65,83.01,3.18,44.48,16.9,72.8,1.1,1800.1,23.63,42.9,-0.0083,-0.0439,0.526,0.386,0,1,1,0,1,0.9183
0.82,1.55,2.59,4.63,6.29,12.12,22.84,0.87,10.94,3.4,87.8,10.6,215.7,18.26,12.4,0.0121,-0.0866,0.461,0.513,0,0,3,2,0,0.0814
6.3,13.38,19.07,26.5,29.72,52.29,81.82,8.54,43.93,21.3,89.9,18.8,1913.7,23.93,287.4,0.0434,0.0277,0.504,0.811,3,1,1,0,0,0.8028
13.54,31.96,46.82,68.56,104.36,212.91,367.87,16.27,181.72,19.1,100.0,14.9,2447.1,12.83,261.3,-0.0396,0.0599,0.95,0.435,4,0,4,0,1,1.0
20.32,43.87,68.38,110.3,144.12,285.28,335.82,23.96,205.72,32.6,73.8,19.9,2419.3,10.65,29.5,-0.151,-0.0795,0.95,0.656,1,2,1,1,1,1.0
5.45,11.9,23.05,32.09,41.81,100.02,138.45,6.68,74.25,15.5,57.9,18.4,1429.6,8.05,45.9,0.034,-0.0185,0.555,0.26,2,0,4,0,1,0.7762
2.41,3.81,6.7,10.16,11.74,21.91,37.61,2.93,18.99,20.5,50.5,12.7,1359.5,26.09,321.3,0.0464,-0.0333,0.338,0.815,3,1,1,0,1,0.1684
1.21,3.24,6.91,9.38,12.55,27.39,37.04,1.25,20.5,13.0,54.5,23.9,492.5,7.6,276.9,0.01,0.0276,0.338,0.519,4,5,2,1,0,0.0539
2.44,4.22,8.86,15.89,18.16,45.05,72.86,2.49,35.84,16.2,72.3,24.7,1572.2,23.8,358.6,0.0134,-0.0164,0.482,0.491,3,0,3,1,1,0.4857
7.73,18.85,31.25,39.23,46.13,93.24,125.93,9.35,70.94,16.9,89.7,4.6,462.9,15.17,91.4,-0.0282,0.0661,0.655,0.442,0,0,1,1,1,0.9884
0.43,0.81,1.29,2.09,3.17,4.37,5.81,0.45,3.66,5.7,67.0,46.5,3231.4,16.7,175.6,0.025,-0.0192,0.313,0.373,2,0,4,1,0,0.0174
0.53,1.11,2.41,2.81,4.05,10.1,13.1,0.59,7.22,25.8,58.6,9.4,4060.0,16.84,85.1,0.0427,-0.0618,0.29,0.597,5,4,5,0,0,0.0068
1.18,1.78,2.99,3.86,5.39,10.98,14.35,1.68,8.22,25.2,61.1,9.5,4075.8,59.7,224.2,0.0028,-0.0234,0.318,0.609,5,2,2,0,1,0.9162
1.33,3.41,7.48,11.88,16.08,39.98,70.87,1.5,33.34,17.3,37.9,25.4,3640.0,14.17,41.5,0.1246,-0.0179,0.449,0.716,2,2,1,2,0,0.3481
0.58,1.59,2.29,3.01,4.02,7.55,8.55,0.85,5.43,20.5,82.1,14.1,2543.3,11.6,45.8,-0.0782,0.0263,0.379,0.747,8,0,2,2,0,0.0243
0.99,1.64,3.42,4.5,7.09,8.97,11.87,1.2,7.69,10.9,56.2,11.5,2958.6,47.4,25.9,0.0081,-0.0187,0.298,0.742,0,2,5,1,0,0.0816
1.29,2.26,3.32,4.13,6.59,15.86,30.43,1.67,13.88,10.8,51.7,3.4,1233.6,8.58,249.7,-0.0587,0.022,0.41,0.755,2,1,3,1,0,0.0191
0.49,0.78,1.43,1.66,2.15,5.05,7.02,0.54,3.77,15.7,46.3,12.5,2667.7,9.83,177.9,0.044,-0.0395,0.369,0.755,4,1,3,2,0,0.012
0.09,0.14,0.31,0.42,0.46,0.85,1.22,0.09,0.68,28.8,79.9,11.3,1940.9,30.66,222.4,-0.0791,-0.0147,0.376,0.699,0,2,4,0,0,0.0171
0.17,0.37,0.66,0.77,1.19,1.97,3.56,0.2,1.8,16.3,73.1,24.1,2050.4,24.23,316.5,-0.0667,-0.0393,0.359,0.727,7,5,5,2,0,0.013
31.96,54.74,111.03,198.75,250.44,348.7,604.79,42.09,326.03,7.8,76.5,4.2,3194.8,15.79,266.5,-0.0317,-0.0423,0.95,0.831,2,0,1,0,1,1.0
3.82,6.83,9.9,12.98,20.28,48.82,54.84,4.19,33.01,16.7,57.0,15.0,1220.0,10.81,166.2,0.0133,0.0637,0.409,0.625,2,4,3,0,0,0.0923
0.88,1.85,3.26,4.79,6.55,12.31,14.72,1.29,9.05,13.9,64.2,10.3,1369.9,5.4,354.4,-0.0298,-0.0358,0.284,0.243,1,0,4,3,0,0.0294
1.07,2.26,3.77,4.87,7.71,17.09,25.41,1.17,13.32,16.3,88.6,17.5,3887.3,42.03,164.3,-0.0293,-0.0174,0.373,0.317,1,1,4,0,0,0.3714
0.06,0.12,0.18,0.23,0.31,0.62,0.96,0.08,0.5,23.3,59.9,15.9,283.3,28.04,40.5,-0.009,0.0522,0.46,0.6,2,0,2,0,0,0.0753
4.57,12.67,15.99,25.63,33.71,45.59,56.95,5.89,37.43,24.6,33.5,26.3,2065.4,39.68,357.4,-0.0121,0.0375,0.413,0.862,2,6,4,1,0,0.6164
2.93,4.83,9.38,12.7,19.82,25.02,33.14,3.02,21.48,5.6,44.5,12.7,3838.1,33.61,8.2,0.0744,0.0821,0.413,0.213,0,0,2,0,1,0.8335
1.0,1.76,3.82,4.65,6.79,11.48,20.71,1.23,10.42,37.7,57.2,38.5,2583.0,24.88,198.0,0.0343,0.0241,0.396,0.568,4,2,2,0,1,0.0983
27.78,57.18,104.23,129.27,196.62,237.86,344.84,29.62,214.49,24.6,96.0,11.9,2317.6,13.96,111.3,-0.0162,-0.03,0.95,0.475,0,0,1,2,1,1.0
0.86,1.62,2.06,3.54,4.03,5.94,10.76,1.02,5.58,31.2,71.5,3.7,1086.4,10.84,181.3,0.1049,0.1029,0.304,0.776,4,2,4,1,0,0.007
5.45,14.08,26.27,39.29,55.27,132.23,234.3,6.85,110.98,9.1,84.9,16.9,1474.6,35.3,201.1,0.0246,0.0291,0.934,0.479,1,2,1,0,1,1.0
38.86,67.23,147.79,230.95,331.16,646.93,928.88,45.51,509.86,28.5,93.7,4.1,3586.0,15.19,86.4,-0.0484,-0.0077,0.95,0.489,2,0,5,2,1,1.0
0.59,1.42,2.78,3.22,3.76,7.91,14.68,0.66,6.96,12.7,66.5,14.0,2370.8,11.2,200.5,0.0128,0.0029,0.341,0.499,2,4,2,1,0,0.0273
3.2,5.32,8.64,13.0,16.26,35.98,59.54,3.92,29.57,21.7,65.8,19.3,2186.2,13.4,272.2,0.0268,0.009,0.46,0.471,2,4,3,1,0,0.1809
0.36,0.67,1.45,1.79,2.76,6.71,7.56,0.47,4.54,26.7,42.9,19.5,463.3,36.43,95.9,-0.0344,-0.0118,0.309,0.815,4,1,1,0,0,0.1136
18.59,45.77,96.62,114.5,139.09,194.62,248.43,26.69,159.44,7.7,95.1,14.6,116.5,11.86,138.0,-0.0526,-0.0688,0.95,0.593,8,3,2,1,1,1.0
3.93,6.34,12.54,18.05,26.89,52.39,67.36,5.06,39.35,13.3,51.0,17.7,4049.3,15.84,96.6,0.0043,0.0813,0.55,0.56,1,1,1,0,1,0.6193
0.64,1.7,3.63,5.51,6.13,10.46,11.59,0.72,7.66,2.9,65.4,9.8,1614.5,18.51,295.4,-0.018,-0.0011,0.338,0.554,2,4,4,0,0,0.0144
2.29,4.39,8.66,11.73,13.96,23.69,40.94,3.36,21.04,17.3,90.7,13.8,2553.3,22.22,261.0,0.074,0.0092,0.554,0.378,2,3,2,0,1,0.4678
1.03,1.99,4.34,6.86,7.73,16.11,28.14,1.12,13.77,26.3,60.6,21.5,380.8,11.33,313.6,0.0371,0.1039,0.431,0.32,8,0,3,2,1,0.0713
1.32,2.38,4.66,7.82,10.19,14.92,27.38,1.48,14.14,24.8,48.8,7.7,2884.9,18.18,61.2,-0.032,-0.0342,0.399,0.336,4,4,4,1,0,0.0632
0.28,0.75,1.01,1.55,1.86,3.76,5.78,0.3,3.04,27.7,58.3,24.3,3920.2,30.96,26.5,0.0213,0.0328,0.355,0.747,2,0,1,1,0,0.1252
2.07,4.83,6.27,10.34,12.72,21.27,29.77,2.71,17.21,18.9,63.1,24.5,2439.0,52.45,43.0,0.0634,-0.0396,0.403,0.432,2,0,3,0,1,0.9431
1.07,1.67,2.41,4.09,5.53,7.49,12.74,1.15,6.99,20.6,52.3,10.4,573.4,10.16,58.0,-0.0697,0.0161,0.352,0.632,1,3,1,1,0,0.0326
0.17,0.44,0.59,1.06,1.45,3.33,5.92,0.17,2.82,12.6,85.2,9.2,2464.1,11.14,191.9,-0.0511,0.0101,0.379,0.851,4,0,1,0,0,0.0112
0.49,1.33,2.34,3.53,4.26,5.91,10.63,0.68,5.63,9.9,97.9,8.2,3230.3,12.11,349.5,-0.0006,0.0395,0.325,0.824,4,0,3,1,0,0.0102
3.48,7.71,14.35,16.9,25.79,47.9,75.1,4.72,39.78,3.0,35.4,16.7,1736.6,27.09,128.6,0.0018,0.0604,0.496,0.873,7,1,1,2,1,0.8287
0.01,0.02,0.02,0.03,0.04,0.06,0.09,0.01,0.05,18.4,49.1,14.1,3701.3,10.6,345.1,-0.0026,-0.029,0.31,0.633,2,4,2,0,0,0.0077
2.47,4.22,5.09,8.25,10.64,25.95,30.69,3.16,17.88,23.6,45.4,13.0,2742.0,17.84,13.8,-0.0155,0.0708,0.343,0.636,3,0,1,1,0,0.1474
16.45,30.25,57.39,98.14,151.92,303.49,470.14,18.56,246.58,21.4,85.0,11.1,3781.9,16.84,333.7,-0.0163,0.0744,0.95,0.424,2,1,1,1,1,1.0
0.08,0.2,0.26,0.32,0.42,0.85,1.19,0.11,0.66,12.4,38.9,15.4,2637.5,54.84,65.2,0.0192,-0.0125,0.327,0.343,3,1,3,1,1,0.8487
0.88,1.56,3.01,4.57,5.53,10.53,20.39,1.09,9.66,26.7,54.7,4.7,594.8,14.1,328.5,0.0567,-0.0003,0.334,0.556,1,1,3,1,0,0.0264
0.81,1.37,1.73,2.79,3.19,7.56,14.99,1.0,6.75,15.3,79.5,10.9,1335.2,13.64,20.2,-0.024,-0.0247,0.414,0.77,3,3,1,0,0,0.0258
23.91,46.04,99.6,178.45,255.73,407.51,455.45,26.21,305.25,21.5,92.8,24.5,887.4,27.07,341.4,0.1219,-0.0153,0.95,0.749,0,2,3,0,1,1.0
0.67,1.27,1.84,2.51,3.0,5.82,11.24,0.92,5.32,20.0,50.2,8.6,3821.6,22.92,72.3,0.098,-0.0602,0.344,0.462,0,4,3,2,1,0.0663
1.05,2.58,3.27,3.7,5.54,8.27,12.81,1.5,7.21,22.7,56.5,24.3,3205.7,13.12,109.0,0.0665,0.0389,0.294,0.908,3,3,3,1,0,0.011
1.19,2.39,4.35,7.72,11.94,17.36,30.17,1.44,16.06,21.3,69.2,6.1,2857.1,37.75,176.7,0.0311,-0.1025,0.361,0.476,6,1,4,0,0,0.1963
0.24,0.42,0.8,0.91,1.23,2.25,2.84,0.26,1.7,14.7,49.0,6.8,1299.0,8.42,137.1,0.1004,-0.0349,0.309,0.616,3,2,4,2,0,0.0076
0.96,1.61,3.43,4.34,6.04,9.39,17.71,1.02,8.89,-0.3,97.3,5.5,813.8,18.83,240.3,-0.0145,-0.0023,0.532,0.63,3,3,3,1,0,0.0523
0.44,0.95,1.93,2.87,3.27,7.1,8.76,0.47,5.11,22.1,43.5,15.0,3189.3,16.25,350.9,-0.0416,0.065,0.338,0.822,4,2,2,2,0,0.0266
0.27,0.73,1.08,1.26,1.79,2.25,3.98,0.31,2.19,9.9,56.4,21.3,2017.8,17.96,218.3,-0.0263,-0.0273,0.316,0.771,2,5,2,0,0,0.0131
0.6,1.23,1.72,3.03,4.71,6.37,11.32,0.84,6.07,15.6,68.8,33.4,987.0,13.05,259.7,-0.0501,0.0214,0.426,0.339,0,6,1,0,0,0.064
1.52,2.35,3.54,5.31,5.84,11.71,13.23,2.22,8.28,13.8,42.5,15.7,2609.0,18.18,31.7,0.0061,-0.004,0.331,0.828,6,3,3,2,0,0.0293
4.82,8.94,12.88,17.43,21.06,27.34,44.53,6.75,25.34,21.6,87.6,37.4,217.4,21.57,226.0,0.015,0.0473,0.487,0.615,6,7,5,1,0,0.1427
2.61,5.03,9.66,13.05,16.51,26.64,44.73,3.11,23.62,19.9,59.8,8.9,1403.6,4.01,163.4,0.01,0.0188,0.458,0.651,2,2,2,1,0,0.0578
3.01,6.93,13.17,14.59,22.02,44.34,79.42,3.96,38.65,20.3,34.2,27.0,1994.5,14.85,318.9,-0.0006,0.0415,0.467,0.728,1,0,1,1,1,0.4586
0.37,0.96,1.69,2.82,3.26,4.82,8.18,0.39,4.39,27.4,72.7,5.0,664.0,12.17,139.8,0.0067,-0.0275,0.368,0.593,5,2,2,1,0,0.0214
13.89,38.24,48.57,67.32,88.93,196.67,225.67,19.14,136.71,19.3,87.4,9.8,4136.3,45.79,244.6,0.0868,-0.0507,0.95,0.367,3,0,1,1,1,1.0
0.89,1.6,3.45,3.82,4.55,11.15,17.08,1.18,8.65,22.2,45.1,33.1,917.8,24.44,82.1,0.031,0.0184,0.362,0.507,0,1,3,0,0,0.0477
0.93,2.42,3.74,6.21,9.66,23.36,42.99,1.14,19.97,15.6,59.6,11.9,591.0,11.77,93.4,0.0461,-0.0244,0.385,0.791,0,2,1,0,0,0.0517
0.33,0.54,1.09,1.9,2.29,3.01,4.94,0.46,2.79,8.0,35.7,18.5,894.7,14.41,135.4,0.0095,0.0015,0.268,0.553,8,1,5,1,0,0.0064
2.78,6.21,12.4,19.22,24.13,51.54,63.75,3.76,37.27,17.8,55.4,6.2,3241.6,16.59,109.5,-0.0808,0.0159,0.515,0.638,0,1,4,0,0,0.1567
0.6,1.18,1.76,3.15,4.34,9.48,11.88,0.88,6.86,33.6,77.2,7.5,1815.8,14.23,91.4,-0.0907,0.0621,0.454,0.931,1,2,1,0,0,0.0213
1.43,2.38,3.44,5.08,5.79,8.28,11.44,1.79,6.95,12.5,76.0,8.2,2396.5,25.42,17.9,0.1041,0.0393,0.384,0.799,2,1,1,0,0,0.0795
19.0,33.31,57.8,67.0,88.03,116.4,181.58,26.73,105.31,17.3,87.2,14.6,137.2,41.75,301.2,-0.0266,-0.0341,0.795,0.625,0,0,5,2,1,1.0
0.64,1.18,1.84,3.28,4.12,5.5,7.68,0.84,4.73,13.3,53.2,36.7,192.9,2.35,23.1,-0.0308,-0.0573,0.301,0.384,1,4,4,1,0,0.007
1.43,3.47,7.36,9.63,14.78,27.28,34.72,1.93,20.67,2.1,58.1,12.0,1900.2,16.03,319.5,0.0123,0.0854,0.387,0.44,2,1,5,0,0,0.0323
7.44,20.75,43.85,70.19,105.13,245.53,405.06,7.99,199.44,25.0,40.9,12.7,3439.1,52.3,45.2,0.0275,-0.0791,0.95,0.58,1,4,2,0,1,1.0
3.24,5.0,9.86,14.31,22.38,36.51,67.13,3.79,33.74,13.0,42.1,12.5,3723.7,16.39,23.5,0.0338,-0.0226,0.424,0.675,4,5,1,0,0,0.344
3.94,10.01,12.22,14.95,18.52,26.23,43.33,4.39,23.87,14.3,47.1,36.0,409.8,22.23,202.7,0.0887,0.0323,0.384,0.81,2,4,3,0,0,0.0996
0.85,1.85,3.78,5.19,7.82,15.52,19.15,0.9,11.41,9.4,68.2,32.9,2284.2,4.73,180.9,0.075,0.0819,0.365,0.618,1,1,5,1,0,0.0069
48.48,80.04,148.54,205.35,310.23,523.94,596.12,61.07,388.6,38.7,93.7,9.4,3839.9,37.52,176.8,-0.0405,-0.0095,0.95,0.529,1,3,1,0,1,1.0
0.02,0.04,0.06,0.1,0.12,0.3,0.48,0.02,0.24,26.5,76.9,9.3,1660.1,10.06,206.8,0.0484,0.0014,0.358,0.535,0,0,4,0,0,0.0044
28.48,58.5,93.03,120.5,162.7,306.95,608.01,31.43,285.68,27.4,84.8,12.1,3492.7,24.12,103.3,-0.0192,-0.0438,0.95,0.609,0,3,2,2,1,1.0
1.94,4.75,8.62,15.48,24.55,29.96,38.05,2.41,25.6,24.3,70.7,5.6,604.8,11.18,238.7,-0.0069,0.0063,0.42,0.472,3,2,1,2,0,0.3192
0.68,1.23,1.79,3.0,4.55,9.96,16.41,0.87,8.18,17.6,62.7,7.5,3931.9,3.19,180.9,-0.0547,-0.0575,0.393,0.348,0,3,2,1,0,0.0197
1.59,3.71,6.58,10.1,14.43,34.89,53.19,1.79,27.07,18.3,52.9,7.9,3168.4,22.95,120.5,-0.0847,-0.0375,0.446,0.74,2,4,2,2,1,0.3234
1.21,2.24,4.15,6.07,8.24,17.93,33.18,1.29,15.66,11.4,36.3,3.8,3956.5,28.38,297.5,-0.0016,0.0382,0.369,0.334,4,2,1,0,1,0.4958
5.86,15.07,28.28,45.8,66.63,104.14,120.1,8.09,79.38,13.6,55.2,12.9,2858.0,18.52,262.0,-0.0478,-0.0217,0.688,0.547,2,3,2,0,1,0.9891
1.87,3.55,5.75,10.17,15.26,35.48,53.0,2.56,27.46,18.9,79.6,10.2,1558.1,9.32,141.7,0.0464,0.0459,0.484,0.377,1,0,3,2,1,0.1594
6.08,15.62,19.84,35.68,48.06,94.31,129.21,6.8,72.7,14.6,53.4,7.8,3943.5,57.71,305.1,-0.0141,-0.0077,0.643,0.729,5,2,4,0,1,0.9999
0.54,1.03,1.66,2.84,4.17,7.81,10.3,0.73,5.99,15.6,83.7,2.8,1193.6,27.81,331.3,0.0154,-0.0684,0.398,0.568,5,2,1,0,0,0.172
0.6,1.34,2.81,3.15,3.71,5.37,9.48,0.67,5.01,15.3,64.7,7.2,1428.5,21.09,193.3,0.0684,0.0584,0.409,0.412,5,2,4,2,0,0.0459
1.07,2.71,4.7,8.35,10.83,19.02,24.4,1.41,14.65,11.1,64.4,4.5,2958.4,34.39,77.4,-0.0743,-0.0658,0.325,0.607,2,2,1,0,1,0.3584
1.03,1.67,2.07,3.34,3.77,7.93,11.32,1.39,6.13,16.8,71.3,28.2,3226.1,14.23,329.7,-0.0362,-0.0301,0.326,0.578,7,1,3,1,0,0.0195
1.1,1.89,2.98,4.56,6.76,15.38,29.27,1.29,13.53,26.8,52.5,10.7,3907.0,48.16,68.2,0.009,-0.01,0.41,0.835,4,1,3,1,0,0.4444
2.87,7.87,14.28,17.49,21.09,49.53,88.79,3.25,41.96,22.1,52.2,16.8,899.9,28.08,17.4,0.0156,0.0503,0.583,0.617,2,3,4,0,0,0.5381
1.88,3.26,4.83,5.74,6.78,13.0,22.23,2.43,11.18,8.5,54.7,21.2,3361.7,32.69,117.9,0.0552,-0.0263,0.383,0.706,3,2,1,0,1,0.2784
0.29,0.78,1.09,1.55,2.04,4.76,6.81,0.3,3.61,31.1,56.9,6.4,3115.0,15.85,261.7,0.0434,-0.0463,0.385,0.547,0,0,1,1,0,0.051
1.33,2.87,5.11,8.2,11.22,27.47,46.55,1.98,22.43,21.0,57.2,18.3,314.7,9.9,332.4,0.0048,0.0081,0.364,0.711,2,0,1,0,0,0.062
0.29,0.47,0.86,1.39,1.64,3.48,4.33,0.3,2.53,21.1,75.5,41.5,1657.0,21.25,229.4,0.0152,-0.0107,0.293,0.397,1,2,2,2,0,0.0707
1.71,3.63,6.03,8.94,11.46,26.68,44.27,2.51,21.75,20.0,88.0,11.0,1223.5,14.58,342.7,0.0166,-0.0234,0.499,0.435,1,4,2,1,0,0.1941
3.6,8.03,10.38,17.27,24.01,58.45,75.78,5.39,41.96,27.3,56.8,16.5,1313.6,51.11,33.3,-0.0735,0.0108,0.535,0.694,0,0,1,0,1,0.9993
0.11,0.19,0.38,0.57,0.65,1.08,1.34,0.12,0.83,12.0,59.3,29.5,4129.2,8.26,21.9,-0.0078,-0.0602,0.345,0.382,2,2,3,3,0,0.0213
7.68,19.15,37.45,52.48,66.05,149.6,263.7,9.82,126.45,17.7,80.0,6.2,2717.5,39.22,217.5,0.0124,-0.0861,0.95,0.664,2,5,1,1,1,1.0
44.56,73.59,117.08,158.8,195.42,390.57,716.7,59.91,345.22,13.7,94.8,8.8,3028.4,6.59,347.8,0.0229,0.1069,0.95,0.482,3,0,1,1,1,1.0
0.29,0.47,0.57,0.74,1.09,2.4,4.46,0.41,2.1,29.0,53.7,5.8,4103.0,11.15,181.0,-0.0462,0.0052,0.248,0.823,1,1,1,1,0,0.0133
0.98,2.21,4.05,6.79,8.03,10.81,12.57,1.01,8.66,26.0,67.1,14.4,1615.4,6.49,18.5,-0.0634,0.0087,0.408,0.373,4,6,5,0,0,0.0071
3.38,8.72,19.0,23.81,32.07,76.35,92.94,3.99,53.54,14.4,63.2,10.6,3377.6,14.25,79.6,-0.0117,-0.0391,0.565,0.76,2,0,2,0,0,0.5135
10.67,24.52,41.37,71.55,90.41,193.17,369.09,11.83,172.21,10.8,88.7,10.1,1853.3,17.09,88.1,0.0984,0.0449,0.95,0.633,3,3,2,1,1,1.0
0.55,0.86,1.62,2.13,3.11,4.75,6.89,0.79,4.0,11.5,92.6,23.9,3658.6,13.22,121.6,-0.041,-0.0267,0.482,0.425,1,2,2,0,0,0.0309
0.81,1.68,2.91,4.07,6.43,13.4,23.5,1.21,11.48,12.5,69.9,14.8,799.7,24.11,15.7,0.0587,-0.1393,0.415,0.209,4,0,1,3,1,0.7089
1.28,3.12,4.48,5.4,8.27,17.0,23.86,1.69,13.11,12.2,57.2,4.0,3982.9,17.16,325.8,0.0792,-0.0284,0.365,0.337,3,0,2,0,0,0.0855
5.92,10.9,16.79,19.79,26.88,51.56,66.42,7.76,38.9,27.2,93.2,8.1,957.9,4.84,185.6,0.0023,-0.0141,0.528,0.878,5,2,1,0,0,0.1841
0.09,0.21,0.45,0.54,0.82,1.18,2.3,0.11,1.16,19.9,68.9,18.4,1403.8,10.79,241.5,-0.034,-0.0085,0.366,0.606,0,3,2,1,0,0.0139
1.11,2.23,4.0,6.45,9.38,17.61,22.79,1.22,13.38,16.7,83.4,19.9,3188.2,15.76,24.2,0.0256,-0.01,0.426,0.508,2,0,5,2,0,0.0319
10.25,28.24,39.2,61.98,74.11,150.26,249.34,11.28,125.84,7.4,89.6,6.6,1684.1,33.61,19.5,0.0097,-0.0322,0.95,0.537,0,3,1,2,1,1.0
9.39,19.99,24.98,39.76,57.48,110.16,154.51,11.4,86.28,10.2,95.1,4.8,2574.1,20.51,211.1,-0.043,-0.0371,0.875,0.476,1,2,2,2,1,0.9997
2.9,7.56,9.48,16.07,22.37,36.55,70.7,3.11,34.64,9.0,84.6,20.4,1895.0,14.67,319.4,-0.0329,-0.0149,0.574,0.742,2,1,3,2,0,0.2922
5.86,11.44,19.45,24.18,29.06,61.43,112.64,6.96,53.69,12.8,39.1,18.0,3130.8,7.63,190.3,0.0227,-0.0823,0.467,0.585,5,3,5,1,0,0.3015
6.33,15.59,20.35,26.07,41.36,84.01,112.09,8.51,63.5,23.3,63.6,6.9,997.6,21.0,316.0,0.0467,-0.0979,0.551,0.73,2,0,5,0,0,0.6512
0.68,1.3,2.65,4.7,7.08,10.64,15.64,0.98,9.05,18.4,69.7,1.9,292.6,37.77,292.0,-0.0161,0.0049,0.376,0.391,1,2,2,0,0,0.474
7.67,14.35,22.13,26.0,38.59,65.29,103.56,9.8,55.72,27.2,88.6,17.7,1294.7,16.15,27.3,-0.0035,0.0057,0.717,0.538,3,2,5,0,0,0.6565
3.09,5.34,8.46,10.96,17.42,31.58,35.89,3.92,22.96,1.0,30.2,17.7,2018.4,11.43,72.7,0.0334,0.044,0.257,0.588,0,2,2,2,0,0.1236
1.06,2.47,3.81,6.75,10.76,24.82,34.23,1.16,18.53,11.0,65.1,8.2,747.3,26.08,236.8,-0.0086,-0.0128,0.466,0.488,2,1,4,1,0,0.1355
0.97,2.05,3.55,5.27,7.05,9.42,15.96,1.36,8.81,27.0,61.6,9.7,1522.4,34.32,159.7,-0.015,-0.0597,0.449,0.661,3,3,1,0,0,0.4293
1.92,3.78,8.32,14.55,19.69,33.9,39.32,2.49,25.19,32.6,65.4,15.0,1709.9,17.41,104.7,-0.0378,-0.097,0.479,0.845,2,3,1,0,0,0.1656
1.05,1.65,3.46,5.75,8.77,11.59,15.93,1.55,9.95,16.7,22.4,4.4,288.2,27.71,150.7,-0.0386,-0.0445,0.296,0.328,3,3,1,0,0,0.2802
1.31,3.09,4.42,7.8,11.05,22.96,38.83,1.73,19.31,30.4,68.2,19.1,2470.7,15.1,160.3,0.1334,0.0211,0.426,0.435,1,5,2,3,1,0.2484
0.91,2.16,4.54,7.34,8.36,14.47,18.97,1.17,11.29,14.1,56.1,3.6,3720.0,28.41,327.8,-0.0098,0.0721,0.244,0.554,1,7,4,1,0,0.0448
1.97,3.78,6.74,8.64,12.49,19.74,25.76,2.26,15.75,15.1,100.0,31.3,679.7,38.77,37.2,0.0683,0.0027,0.474,0.321,6,2,1,1,1,0.9824
8.52,20.08,38.78,63.27,84.57,194.35,249.0,11.1,140.43,14.0,76.9,27.1,2530.9,30.66,100.7,0.0842,-0.0607,0.95,0.604,7,1,2,2,1,1.0
0.91,2.4,4.13,5.67,6.41,15.98,29.12,1.21,13.52,10.3,76.3,12.2,2808.7,25.51,193.5,-0.0092,-0.044,0.433,0.879,1,4,2,1,0,0.0926
1.01,1.98,3.68,4.46,6.95,14.91,26.72,1.16,12.84,19.1,70.3,2.8,1790.2,45.51,251.4,0.0184,-0.0424,0.308,0.773,3,0,2,0,0,0.3036
3.84,9.35,14.89,18.96,23.07,27.97,49.0,3.95,27.32,20.5,62.7,6.8,2959.6,16.61,227.0,0.0051,-0.0203,0.474,0.876,1,2,1,0,1,0.209
1.24,3.23,4.79,6.25,9.84,24.27,44.66,1.67,20.68,9.9,75.7,11.5,1754.5,25.51,339.0,-0.0806,0.056,0.493,0.571,2,2,2,1,0,0.3625
0.97,2.0,3.41,3.99,5.39,7.45,9.07,1.21,6.02,16.2,39.8,16.9,2144.2,16.92,286.4,-0.0776,0.0599,0.314,0.543,4,7,5,0,0,0.008
2.15,3.66,6.12,8.46,12.04,19.08,32.6,2.57,17.13,14.4,100.0,16.2,80.5,25.52,200.5,0.0024,-0.0086,0.489,0.468,2,7,2,2,0,0.5021
0.1,0.16,0.26,0.45,0.55,0.96,1.48,0.14,0.8,29.3,97.9,28.8,2920.6,27.85,77.3,-0.0212,0.0092,0.333,0.684,4,4,4,0,0,0.0124
19.39,47.72,94.92,117.34,186.93,259.2,357.29,26.52,219.55,22.5,96.3,28.0,2794.6,31.71,162.3,0.0946,-0.0399,0.95,0.727,3,2,3,1,1,1.0
0.04,0.08,0.16,0.29,0.33,0.57,0.82,0.05,0.46,21.8,37.4,30.7,209.4,19.71,249.6,-0.0118,-0.0855,0.201,0.265,3,2,1,2,0,0.0865
0.89,1.55,2.3,3.31,5.07,12.02,18.71,0.92,9.46,26.8,63.2,35.7,1578.2,5.79,301.7,0.0975,0.0894,0.406,0.662,0,1,3,1,0,0.0119
0.59,0.89,1.25,2.03,2.3,3.55,5.21,0.65,3.0,20.4,54.3,34.1,4113.0,17.12,345.5,-0.0238,-0.1161,0.352,0.614,3,4,5,1,0,0.0079
0.86,1.76,2.12,2.5,3.88,5.99,7.4,1.25,4.7,19.4,54.1,4.7,1796.1,27.34,218.0,0.0956,-0.0918,0.294,0.335,7,3,3,0,0,0.057
3.5,7.2,15.7,26.75,41.57,81.81,132.21,4.01,68.05,36.9,56.5,14.8,2133.1,22.86,189.7,0.0253,0.0898,0.597,0.35,2,4,3,3,1,0.9857
1.07,2.95,4.58,6.89,8.85,18.31,20.91,1.15,12.9,14.8,58.6,6.2,3826.2,24.69,6.4,0.0282,0.0008,0.331,0.691,0,0,3,2,0,0.0779
1.32,2.21,4.01,4.77,6.68,13.18,17.29,1.89,9.96,28.2,33.1,9.7,3026.6,28.78,26.0,-0.0256,-0.0563,0.306,0.299,7,1,4,0,0,0.0669
0.6,1.04,2.03,2.95,4.5,5.86,10.5,0.61,5.67,7.9,48.2,20.6,2465.6,9.89,56.2,0.0288,0.0341,0.41,0.513,1,2,3,1,0,0.0165
3.26,8.93,12.55,19.78,24.89,58.33,79.57,4.58,43.18,28.6,86.5,10.9,3360.9,29.57,19.7,0.0846,0.0387,0.569,0.658,2,0,2,2,1,0.9215
5.52,8.94,16.7,23.2,27.02,58.19,113.16,7.66,52.29,19.1,77.5,20.0,3637.1,46.69,144.3,-0.0072,-0.0666,0.747,0.705,0,1,1,0,1,1.0
3.08,7.89,10.37,13.77,21.45,41.71,77.31,3.95,37.26,20.3,42.9,11.6,1946.1,15.76,121.3,-0.017,-0.0266,0.477,0.811,0,0,1,2,1,0.5084
1.85,4.76,6.17,8.1,9.21,16.4,23.71,2.43,13.25,18.5,34.4,8.3,2021.7,32.06,229.4,-0.0123,0.0438,0.339,0.612,1,7,3,0,0,0.1084
0.84,1.5,2.25,3.32,3.87,9.54,18.22,0.91,8.29,25.6,51.0,18.8,1652.1,20.37,192.8,0.081,-0.0408,0.358,0.925,2,4,3,1,0,0.019
0.2,0.4,0.61,0.86,1.02,2.33,2.92,0.26,1.67,18.9,54.9,8.5,4061.8,24.33,214.5,0.0428,0.0141,0.265,0.531,2,3,2,1,0,0.0418
20.44,54.9,75.75,122.63,172.79,265.91,339.99,25.99,211.95,24.9,95.3,24.5,2943.2,30.44,169.9,0.0724,0.0712,0.95,0.746,3,0,3,0,1,1.0
1.15,2.67,4.45,7.84,9.88,19.9,36.89,1.25,17.65,23.7,53.3,9.6,395.4,22.79,100.0,0.0157,-0.1196,0.436,0.836,2,1,2,0,0,0.0809
1.24,3.21,5.83,7.15,9.85,14.82,27.29,1.7,13.98,23.9,81.0,27.7,3631.3,15.23,343.0,0.002,-0.0171,0.408,0.79,2,0,2,1,0,0.0493
0.16,0.42,0.89,1.29,1.92,3.73,6.61,0.17,3.26,16.4,85.2,18.7,2044.3,23.35,31.1,0.0212,0.0131,0.393,0.668,4,2,1,1,0,0.0844
2.36,5.12,9.74,14.06,19.71,42.4,76.78,2.78,36.69,12.9,58.9,20.0,335.3,11.4,338.0,0.0535,-0.0896,0.478,0.438,6,4,3,1,0,0.2408
8.43,13.35,23.01,31.76,49.4,89.18,143.21,11.18,75.38,18.8,80.0,20.3,2331.3,7.73,112.0,-0.0124,-0.0265,0.73,0.762,1,0,2,0,1,0.8986
0.45,0.99,1.72,2.79,3.2,5.1,5.97,0.63,3.89,17.8,74.7,2.5,1781.2,4.27,184.6,0.0684,0.0522,0.333,0.261,0,0,4,0,0,0.0062
0.28,0.43,0.77,1.09,1.71,2.81,5.35,0.36,2.64,24.9,59.1,26.2,3692.7,40.08,39.2,0.0183,-0.0352,0.372,0.815,2,0,4,0,0,0.0358
1.43,2.75,4.09,4.77,6.4,14.85,18.09,2.08,10.47,14.4,87.5,13.4,896.6,25.0,25.5,-0.1203,-0.0742,0.384,0.586,0,3,1,0,0,0.1622
29.95,49.9,97.05,140.87,159.0,205.35,257.58,35.46,171.38,23.0,78.7,14.8,3479.8,28.01,154.6,0.0442,0.0565,0.95,0.749,5,5,1,0,1,1.0
1.12,2.29,4.24,6.9,10.66,25.42,46.1,1.66,21.61,17.2,50.4,15.3,2364.4,22.09,267.0,-0.0636,0.0222,0.428,0.79,1,4,2,1,0,0.1461
2.96,4.79,8.09,14.33,16.58,25.47,29.19,3.3,19.47,20.6,75.4,10.7,276.6,6.61,97.0,0.043,-0.0034,0.308,0.481,2,2,3,0,0,0.0316
6.29,12.73,17.99,21.23,30.48,60.97,94.0,7.81,49.41,18.5,80.0,4.0,4083.2,38.63,202.4,0.0451,-0.0049,0.557,0.559,0,0,2,1,1,0.9938
1.21,1.87,3.83,5.91,7.34,13.59,18.22,1.76,10.52,15.7,73.5,9.4,2177.4,15.24,100.3,0.0165,0.0514,0.342,0.599,2,4,2,2,0,0.0644
0.87,1.67,2.33,3.14,3.62,5.83,8.19,1.11,4.77,14.2,76.1,4.4,1257.1,4.58,139.9,0.0272,0.0147,0.346,0.275,0,0,1,0,0,0.0203
23.28,46.96,65.62,82.63,125.72,297.83,431.72,30.74,226.39,11.6,84.6,6.7,1998.0,17.0,326.3,0.0549,0.0323,0.95,0.659,4,1,2,1,1,1.0
26.87,47.82,64.38,97.77,128.43,292.34,367.34,39.23,209.87,19.6,90.9,24.5,3610.1,36.18,308.1,-0.0248,-0.0346,0.95,0.689,7,1,2,1,1,1.0
6.68,18.35,40.31,55.47,78.21,149.94,273.58,9.83,133.25,19.2,96.6,25.8,1315.3,11.29,185.8,0.0397,-0.0959,0.95,0.639,1,1,5,1,1,0.9988
3.58,6.73,9.72,11.19,16.26,28.12,38.16,3.98,22.26,18.7,94.3,16.7,849.6,16.18,85.7,0.0582,0.0311,0.484,0.54,1,1,4,2,0,0.1267
1.15,2.63,5.4,9.33,12.84,26.69,39.19,1.6,20.96,27.8,90.0,8.6,585.6,15.53,69.5,0.088,0.055,0.423,0.373,2,4,4,0,0,0.0547
2.93,5.45,6.73,9.45,14.07,19.06,22.26,4.33,15.25,24.7,66.0,11.8,1286.1,11.09,343.5,-0.0553,-0.0112,0.316,0.934,3,0,3,3,0,0.0468
2.52,6.4,12.2,21.65,29.23,71.08,84.42,2.57,49.11,20.9,65.5,21.2,3287.2,20.57,73.0,0.0204,0.0444,0.514,0.465,0,4,2,0,1,0.7263
0.55,1.3,1.6,2.02,2.64,6.21,10.16,0.68,5.02,10.9,51.5,6.1,2007.2,12.01,290.9,-0.0481,-0.0168,0.338,0.574,4,5,4,0,0,0.007
14.45,36.47,66.52,75.77,111.82,208.5,308.85,20.54,168.47,28.9,95.3,4.8,994.0,39.51,132.8,-0.0502,-0.0045,0.95,0.561,0,2,2,1,1,1.0
2.61,4.47,6.55,7.34,8.85,20.21,31.13,3.16,15.93,15.2,86.0,21.2,739.7,7.36,354.8,0.018,0.0876,0.444,0.644,0,0,3,1,0,0.0283
3.41,6.67,8.47,12.96,20.36,48.77,79.93,4.24,39.3,25.4,69.6,11.7,1430.8,9.11,132.5,0.0039,-0.0146,0.582,0.799,2,2,2,1,1,0.2288
1.43,2.52,3.72,6.27,7.84,10.75,20.09,2.12,10.45,9.2,64.9,8.2,3950.7,16.16,126.5,0.0573,-0.0175,0.39,0.665,0,4,4,1,0,0.0226
0.86,2.09,2.76,4.28,4.79,7.38,9.69,1.16,5.94,16.4,65.7,8.1,1473.6,19.29,229.5,-0.0173,-0.0935,0.35,0.639,3,1,3,1,0,0.0266
1.1,2.62,3.72,6.24,8.55,12.61,14.36,1.44,9.73,14.5,50.1,0.4,4150.7,13.11,346.1,-0.0067,0.0345,0.389,0.495,0,4,4,0,0,0.0151
2.76,7.65,14.43,21.11,26.4,54.5,84.31,3.84,43.94,27.7,42.2,5.4,2063.7,29.02,351.4,0.0106,-0.0355,0.463,0.36,4,3,3,1,1,0.8508
0.55,1.48,3.0,3.54,4.17,10.34,16.67,0.77,8.21,31.5,69.6,18.2,793.5,17.46,254.6,-0.0431,0.0074,0.35,0.714,2,7,1,0,0,0.0386
9.81,26.67,43.69,72.69,108.41,134.65,153.43,13.62,109.96,10.9,74.4,1.7,3748.2,25.78,271.7,-0.0362,-0.0158,0.741,0.743,2,4,5,1,1,0.999
0.92,2.08,3.36,4.55,6.35,15.84,19.3,1.03,11.01,35.0,93.5,11.4,1960.5,38.0,202.8,0.0558,-0.0223,0.38,0.33,0,0,3,2,0,0.5342
17.91,30.33,50.41,79.89,111.55,150.6,284.46,17.95,147.81,7.3,79.4,6.0,2995.1,44.73,272.1,-0.0274,-0.0059,0.95,0.462,0,2,2,0,1,1.0
5.25,14.24,23.8,28.09,38.14,76.68,85.26,6.72,53.83,23.1,56.0,34.6,4132.4,16.38,309.5,0.0591,-0.002,0.454,0.717,3,0,2,1,1,0.6949
35.33,93.09,133.58,173.28,246.51,513.45,932.92,36.13,447.87,9.6,90.8,15.0,258.2,20.48,175.0,0.0304,0.0588,0.95,0.751,1,0,1,0,1,1.0
3.3,6.72,14.7,20.44,31.91,39.83,68.9,3.3,38.35,16.7,90.3,34.4,451.3,2.52,223.2,-0.0774,0.076,0.519,0.5,2,3,1,2,0,0.3482
47.45,105.28,196.69,349.68,442.39,722.42,1415.22,71.06,689.24,27.5,89.4,16.2,3039.9,22.73,193.4,0.0265,0.0325,0.95,0.728,2,6,2,0,1,1.0
2.36,3.84,7.58,11.72,16.62,30.04,39.2,3.04,23.12,9.3,38.9,12.3,1219.6,16.69,202.5,0.0261,0.0636,0.275,0.312,1,7,5,1,0,0.0651
2.04,4.03,6.62,10.5,15.66,37.26,48.29,2.74,26.87,14.5,70.1,12.9,814.9,10.66,320.4,0.0211,0.0427,0.425,0.638,4,1,1,1,1,0.1602
34.24,87.15,170.88,280.99,337.64,713.3,1127.76,51.17,578.44,18.5,91.3,10.0,213.4,33.11,128.0,-0.0071,0.0247,0.95,0.519,6,0,5,1,1,1.0
0.62,1.71,3.22,4.65,6.82,13.75,21.12,0.74,11.1,23.3,75.1,31.0,140.7,10.67,74.9,-0.047,0.0728,0.438,0.454,2,2,4,1,0,0.0203
6.14,13.08,26.52,32.06,41.39,56.62,95.81,8.86,52.59,29.2,93.2,9.5,3264.1,34.85,164.3,0.0673,-0.0654,0.676,0.535,6,0,4,1,1,0.9838
5.46,10.2,12.69,16.69,25.38,40.02,68.74,7.44,36.07,28.3,40.6,16.0,607.9,24.76,74.9,-0.0051,-0.0342,0.477,0.624,5,1,3,1,0,0.587
0.17,0.41,0.52,0.66,0.82,1.45,1.67,0.19,1.07,6.5,76.7,16.9,1991.0,22.27,179.4,-0.0442,-0.041,0.275,0.39,0,4,3,1,0,0.0291
8.73,22.79,40.32,69.66,100.77,160.47,262.34,9.1,140.97,8.2,87.1,19.1,2564.5,12.59,325.3,0.0229,-0.0151,0.95,0.793,0,4,1,0,1,0.9999
0.02,0.04,0.06,0.1,0.14,0.25,0.43,0.02,0.22,22.1,41.5,11.3,1827.7,5.41,222.3,-0.0371,0.0343,0.249,0.654,2,5,3,2,0,0.007
1.82,3.86,7.74,11.51,16.97,40.66,59.59,2.71,31.0,18.3,41.8,27.4,162.5,32.67,308.0,-0.0475,-0.0558,0.506,0.676,2,2,2,1,1,0.7351
0.11,0.3,0.41,0.52,0.79,1.56,2.97,0.14,1.41,16.9,38.8,13.3,3301.5,12.5,59.8,-0.0188,0.0251,0.245,0.79,1,2,1,1,0,0.0143
1.11,2.63,3.82,4.62,5.36,10.05,15.2,1.64,8.19,1.5,75.9,22.3,93.6,25.59,324.3,-0.0333,-0.0294,0.348,0.381,1,4,4,2,0,0.0811
1.75,2.62,4.25,6.43,7.92,15.04,27.03,1.82,13.29,14.4,44.7,9.1,3211.8,26.32,216.6,-0.0456,-0.0174,0.35,0.46,2,0,3,0,1,0.092
1.35,3.74,7.84,9.33,11.46,25.27,30.01,1.99,17.83,23.7,44.8,23.9,3757.2,19.46,11.4,0.0403,0.01,0.358,0.693,3,4,3,0,0,0.0434
1.4,3.4,4.54,6.43,7.21,17.8,34.68,2.06,15.65,14.0,58.7,12.5,1846.3,22.41,227.9,-0.0057,0.0841,0.353,0.493,0,0,2,1,0,0.1573
31.97,68.02,134.41,202.55,319.83,792.04,1216.75,38.3,614.14,13.8,78.2,9.9,2272.5,24.57,342.5,0.0626,-0.0356,0.95,0.55,3,4,3,2,1,1.0
0.54,0.82,1.79,2.41,3.33,6.85,8.69,0.56,5.05,17.8,76.5,11.0,2029.5,21.42,28.5,-0.0427,-0.004,0.414,0.61,6,4,3,3,0,0.0677
1.45,2.26,4.42,7.72,9.35,15.69,18.77,2.15,11.89,30.2,56.1,3.8,1665.2,11.76,209.7,-0.0864,-0.0539,0.464,0.576,4,1,2,0,1,0.0373
1.48,4.08,7.14,8.31,11.49,22.6,34.97,2.13,18.41,19.0,53.6,30.2,3732.8,7.41,329.6,0.0074,-0.0361,0.422,0.827,0,3,4,0,0,0.0118
0.48,1.23,2.16,3.01,4.56,5.88,7.48,0.72,4.93,22.3,46.8,16.6,3759.8,13.18,3.5,0.0928,-0.0544,0.309,0.436,0,0,2,1,0,0.0307
0.54,0.88,1.2,2.07,2.45,3.45,4.54,0.62,2.85,21.1,32.1,7.5,1443.6,15.61,227.1,0.0265,0.0122,0.313,0.627,2,2,3,1,0,0.0143
2.03,5.01,8.21,10.04,14.3,33.73,38.62,2.34,23.1,5.5,65.5,19.1,2602.5,39.07,171.0,0.1608,0.0213,0.479,0.764,7,3,2,1,1,0.6901
0.57,0.98,1.69,2.6,3.06,6.65,12.84,0.71,5.94,11.7,62.9,15.1,3896.7,9.36,124.9,0.0166,0.0344,0.275,0.614,4,3,3,1,0,0.0113
0.4,0.79,1.35,2.03,3.1,4.7,6.85,0.51,3.97,28.0,36.9,11.3,4042.5,42.04,225.9,0.0118,-0.0377,0.247,0.486,2,7,1,2,0,0.5251
25.02,53.99,70.82,122.74,149.71,259.83,473.87,32.36,235.83,16.5,89.3,3.9,2162.2,49.22,19.0,-0.1078,0.0254,0.95,0.671,0,0,5,0,1,1.0
14.4,38.52,52.07,89.55,125.6,160.89,292.66,15.92,157.34,18.6,82.4,10.4,1929.2,13.45,271.1,0.0214,0.0057,0.95,0.89,3,2,4,1,1,1.0
26.37,41.34,60.03,104.46,115.83,269.17,478.98,26.76,227.58,16.4,88.7,16.0,1206.6,48.3,1.6,0.0084,-0.0029,0.95,0.636,4,5,3,1,1,1.0
2.76,4.61,7.94,11.97,13.17,20.97,38.34,4.03,19.44,17.4,48.9,14.8,4029.3,17.9,110.5,-0.0204,-0.0621,0.356,0.306,6,2,2,0,1,0.1869
0.34,0.85,1.16,1.42,2.04,3.91,4.38,0.47,2.79,4.9,68.4,14.5,642.7,16.28,181.4,-0.0068,0.0077,0.34,0.857,3,5,4,1,0,0.0067
0.45,1.25,1.84,2.2,2.49,6.17,10.75,0.47,5.1,31.3,81.2,6.2,2456.3,39.09,135.7,-0.0034,0.0092,0.422,0.759,2,2,4,0,0,0.0575
0.27,0.67,1.03,1.68,2.03,2.91,5.29,0.35,2.76,26.1,54.9,4.4,1222.6,21.86,110.7,-0.009,0.0051,0.32,0.384,3,4,2,1,0,0.0632
54.04,135.69,253.66,353.47,554.81,1302.11,1883.06,59.2,990.48,27.5,86.0,8.9,1207.9,20.12,299.1,0.1045,0.02,0.95,0.863,7,5,1,0,1,1.0
0.0,0.01,0.01,0.02,0.02,0.04,0.06,0.0,0.03,22.3,65.8,20.0,1730.6,13.07,336.5,-0.0185,0.0347,0.333,0.545,3,4,1,0,0,0.018
3.13,6.09,11.56,18.12,22.31,30.09,55.29,3.4,29.15,20.9,65.3,12.3,4195.0,13.76,314.5,0.0085,-0.0549,0.419,0.342,1,5,2,0,0,0.2626
0.71,1.19,1.61,2.64,3.79,4.65,8.99,0.96,4.74,13.0,26.7,5.5,278.1,20.51,188.1,-0.0202,-0.0108,0.275,0.618,3,0,4,0,0,0.0108
1.04,1.81,2.69,4.67,7.46,17.09,25.24,1.3,13.19,16.3,64.0,20.7,2450.9,39.08,318.3,0.0392,0.0258,0.413,0.573,5,2,3,0,1,0.2919
0.43,0.89,1.45,1.63,2.15,2.59,3.62,0.49,2.31,9.6,59.1,8.7,392.7,9.39,331.5,0.0088,-0.0134,0.326,0.623,2,0,2,2,0,0.0183
0.06,0.18,0.26,0.31,0.41,1.01,1.28,0.09,0.72,24.7,57.0,21.3,691.3,18.43,147.3,-0.014,0.048,0.312,0.85,2,0,2,3,0,0.0277
4.92,11.26,15.58,24.56,33.58,48.3,63.02,6.09,39.58,27.6,58.9,5.9,1874.2,8.24,102.0,-0.0963,0.0045,0.506,0.283,3,2,2,2,0,0.5939
3.74,9.82,21.32,25.68,30.31,68.37,94.75,4.42,51.39,21.2,100.0,11.1,2168.4,12.66,35.4,0.0122,-0.0977,0.619,0.453,3,7,1,2,0,0.8867
0.49,0.88,1.64,1.95,2.66,6.18,6.95,0.5,4.21,19.8,38.2,9.3,1124.0,27.6,172.5,-0.0155,0.042,0.273,0.295,0,2,1,1,1,0.2229
9.34,18.77,22.92,28.17,39.86,52.23,96.51,9.89,51.14,19.4,92.3,11.3,1363.3,11.26,340.7,-0.003,-0.0059,0.633,0.796,3,5,1,0,0,0.7556
0.9,2.2,3.05,3.99,5.37,9.12,17.14,1.02,8.44,27.6,91.8,18.6,410.9,33.93,201.9,-0.0591,-0.0885,0.399,0.538,2,6,3,1,1,0.1783
1.2,1.91,3.55,6.1,8.12,12.66,15.14,1.36,9.79,14.8,35.9,22.8,1308.4,11.23,240.3,0.0717,-0.0126,0.396,0.6,7,0,3,0,0,0.016
1.27,2.36,3.66,6.08,7.36,8.98,16.55,1.4,8.96,15.3,29.9,25.3,4061.2,14.01,40.6,0.0428,-0.0634,0.386,0.763,7,0,5,0,0,0.0066
3.73,8.33,14.23,18.99,26.41,46.23,76.6,3.92,39.95,17.8,57.4,14.7,3970.5,5.81,51.7,0.0715,0.0377,0.547,0.375,2,1,4,1,0,0.1869
1.68,4.04,8.08,12.42,17.07,31.26,42.58,2.19,24.43,12.8,56.2,14.2,1439.7,33.96,167.2,0.0573,-0.0018,0.356,0.395,7,3,2,1,0,0.6828
1.44,2.97,3.91,6.18,9.67,20.14,25.35,1.79,14.76,15.7,69.0,9.0,2419.0,31.36,342.5,0.0296,-0.0462,0.432,0.635,1,0,3,1,0,0.1925
0.13,0.35,0.65,1.16,1.49,2.26,4.22,0.18,2.14,21.0,58.8,6.4,3824.8,8.39,129.9,-0.0571,0.0405,0.372,0.528,3,4,1,1,0,0.0212
1.12,2.52,4.26,4.93,7.15,16.44,30.73,1.38,14.29,20.3,62.1,6.7,75.7,16.34,315.9,0.0922,0.0229,0.336,0.465,0,0,5,1,0,0.0235
27.37,64.24,91.59,123.79,184.66,336.72,523.14,35.64,279.6,22.6,83.9,13.2,3414.3,15.55,43.3,-0.0464,-0.0118,0.95,0.651,0,0,3,0,1,1.0
1.49,2.76,4.2,7.41,11.08,22.96,44.92,2.13,20.85,8.9,72.0,7.3,3985.7,14.79,222.1,-0.0134,-0.0623,0.489,0.481,5,1,1,2,1,0.3399
0.26,0.51,0.62,0.92,1.27,2.29,3.72,0.27,1.95,16.4,70.1,16.7,429.0,49.41,216.2,0.0353,-0.0421,0.372,0.724,5,2,2,1,1,0.4901
32.43,50.35,109.83,181.04,255.68,333.89,509.4,41.49,300.31,11.7,84.0,7.2,720.0,14.68,309.6,0.0378,-0.0429,0.95,0.41,2,5,5,1,1,1.0
1.27,2.04,2.7,3.41,5.12,12.78,16.19,1.46,9.03,21.5,73.9,25.5,4037.1,11.61,1.2,0.0286,0.0373,0.442,0.863,1,7,4,1,0,0.0096
0.81,2.22,4.33,5.63,6.27,13.87,17.24,0.89,9.97,17.8,67.8,15.7,2280.8,6.26,68.4,-0.02,-0.084,0.43,0.839,2,5,2,0,0,0.0098
16.76,37.13,60.82,104.99,126.77,313.84,408.42,19.08,224.94,12.5,91.0,27.6,108.9,11.97,79.1,-0.0303,-0.0024,0.95,0.882,5,0,2,2,1,1.0
0.23,0.39,0.65,1.02,1.39,3.15,6.04,0.34,2.78,16.8,47.7,17.0,1119.2,39.01,342.0,0.1267,-0.0125,0.275,0.415,1,3,4,0,0,0.0592
21.11,40.2,72.04,121.36,177.8,319.09,418.43,30.19,246.61,13.9,95.9,18.3,1917.3,21.73,55.3,-0.002,0.0518,0.95,0.84,1,2,5,1,1,1.0
1.91,4.45,9.4,11.75,13.98,29.33,56.21,2.03,26.28,11.7,63.4,9.7,2925.6,21.75,13.3,-0.0081,0.0116,0.462,0.478,4,0,5,0,0,0.0824
4.23,11.07,19.5,24.74,37.96,86.78,154.55,6.12,73.62,27.9,79.7,14.5,3092.6,12.4,192.4,-0.0357,0.0268,0.743,0.807,6,2,5,1,1,0.7141
0.89,1.41,2.82,3.68,4.99,10.17,15.9,1.22,8.26,21.5,74.9,13.1,4181.0,35.81,190.3,0.0122,-0.0263,0.318,0.515,0,1,3,0,0,0.1129
1.49,3.12,6.37,10.69,13.79,28.2,40.84,1.52,22.09,10.6,72.6,10.1,1243.2,25.82,303.9,0.0099,-0.0615,0.45,0.328,4,1,4,0,0,0.1766
0.85,1.34,2.49,3.11,3.66,5.35,6.87,1.17,4.33,18.9,53.4,6.0,2283.6,14.91,341.6,-0.0008,-0.0163,0.377,0.595,3,0,2,3,0,0.0579
1.11,2.34,4.3,6.75,9.31,12.5,21.0,1.12,11.63,27.6,57.8,32.1,2263.3,10.59,193.9,0.0191,0.0389,0.367,0.52,1,7,4,2,0,0.0267
1.05,2.56,5.27,7.0,10.46,22.53,44.52,1.29,20.42,19.4,42.0,18.3,1733.4,18.45,334.8,0.0882,0.0387,0.413,0.576,4,3,2,0,0,0.1074
1.79,4.48,5.61,8.56,10.76,20.82,39.52,2.02,18.85,14.2,53.8,34.4,752.0,11.12,261.1,-0.0298,-0.0215,0.389,0.895,3,1,3,1,0,0.0277
1.59,2.95,5.42,7.59,10.23,22.02,30.01,2.02,16.59,6.0,91.0,16.4,4106.4,17.26,95.2,0.0022,-0.043,0.444,0.53,0,6,2,0,0,0.0919
0.01,0.02,0.04,0.05,0.06,0.11,0.22,0.02,0.1,5.8,83.0,13.9,3591.3,20.65,334.2,-0.0324,-0.0528,0.338,0.593,2,6,4,0,0,0.0082
0.13,0.36,0.53,0.83,1.02,1.25,2.27,0.13,1.24,19.8,35.5,36.7,2118.1,12.72,240.3,0.0147,-0.0068,0.221,0.744,4,4,1,1,0,0.0151
2.14,3.54,7.02,11.13,16.09,39.65,67.71,2.48,32.47,13.9,36.6,13.8,2553.5,3.87,149.1,-0.0284,0.0068,0.467,0.515,0,3,5,0,0,0.0303
0.26,0.62,0.93,1.51,2.39,3.25,3.87,0.32,2.62,17.7,50.1,5.5,993.1,24.18,244.9,-0.0263,0.0737,0.289,0.522,2,1,2,2,0,0.0697
2.2,5.41,10.71,17.94,25.23,53.59,96.99,3.07,46.48,11.1,38.8,4.9,2306.7,12.95,144.5,-0.073,0.0062,0.505,0.327,0,2,2,0,0,0.5704
2.53,6.35,13.42,17.29,24.48,48.93,58.57,3.04,35.44,21.7,48.7,6.4,2934.1,20.55,41.1,0.0049,0.0307,0.397,0.702,1,2,4,0,0,0.1286
4.09,9.69,17.17,23.55,36.27,55.21,85.5,4.33,47.87,23.0,73.8,7.8,2187.9,17.69,258.8,0.0215,-0.039,0.563,0.674,1,6,3,0,0,0.5185
31.37,63.99,128.21,199.53,237.6,540.81,974.64,32.13,462.02,22.0,77.3,5.6,4159.7,44.95,296.7,0.093,0.0021,0.95,0.151,2,4,5,1,1,1.0
1.14,1.89,2.76,4.35,6.55,10.09,12.24,1.49,7.88,14.4,52.2,10.8,2587.1,19.34,262.4,0.0235,0.007,0.271,0.804,0,1,3,1,0,0.0197
3.23,7.24,9.81,17.61,26.93,34.79,66.36,3.32,34.71,20.4,99.2,18.9,1589.5,31.2,82.5,-0.0225,-0.007,0.519,0.574,2,3,3,0,1,0.6858
25.1,56.89,100.54,125.19,181.12,380.55,732.03,35.4,341.54,21.8,92.2,3.9,3254.4,15.36,344.4,-0.068,-0.0011,0.95,0.7,1,2,5,1,1,1.0
33.84,79.46,129.21,194.6,217.5,353.19,587.9,47.62,311.4,19.4,88.4,7.6,757.4,11.24,9.1,-0.0611,0.0063,0.95,0.531,3,4,5,0,1,1.0
0.74,2.01,3.26,3.86,6.03,8.51,14.9,1.11,7.96,13.4,89.7,31.5,1645.7,24.75,119.8,-0.0648,0.0241,0.377,0.727,3,0,2,1,0,0.0719
0.08,0.17,0.22,0.26,0.37,0.52,0.78,0.1,0.45,13.3,60.3,13.1,1489.9,12.42,93.6,0.0939,0.0585,0.364,0.806,0,3,2,0,0,0.0073
0.64,1.76,3.76,5.26,6.37,7.77,11.05,0.75,6.93,4.7,99.1,19.7,1842.0,28.28,17.3,0.0144,-0.1133,0.372,0.712,7,1,3,0,0,0.0393
3.05,5.42,7.09,10.56,14.19,22.64,40.77,4.51,20.82,21.1,64.4,14.3,3294.4,8.99,146.1,-0.0291,0.0557,0.495,0.426,3,0,5,0,0,0.0301
1.24,2.27,3.38,4.21,5.83,9.09,11.31,1.74,7.14,19.8,28.4,5.6,2059.3,23.01,224.3,-0.048,-0.0855,0.457,0.845,3,3,3,0,0,0.0258
17.45,29.03,48.55,55.3,63.04,115.14,185.23,19.51,97.16,13.3,89.4,21.9,3345.2,19.05,317.7,-0.0428,0.0154,0.8,0.774,2,1,3,0,1,0.9974
0.44,0.7,1.36,1.82,2.54,4.64,7.2,0.62,3.85,14.2,62.6,17.8,2442.4,40.41,356.3,-0.0305,0.1178,0.341,0.769,0,3,1,0,0,0.2296
64.58,135.81,248.26,311.19,438.8,914.07,1618.38,92.3,786.69,22.4,87.8,25.7,1469.6,24.28,290.9,0.0658,-0.0021,0.95,0.648,7,0,3,2,1,1.0
3.73,8.67,11.03,12.82,19.2,35.81,66.75,5.34,32.36,21.2,47.5,20.1,3411.4,17.85,168.7,-0.0015,0.009,0.488,0.748,0,7,1,0,0,0.3845
0.12,0.23,0.29,0.49,0.76,1.71,2.88,0.16,1.41,14.8,71.6,16.6,1038.9,29.44,260.5,-0.0724,-0.0155,0.308,0.836,3,4,2,0,0,0.0256
10.87,24.1,42.69,64.44,85.77,200.42,388.74,12.5,177.31,20.3,56.5,14.3,981.2,3.83,303.7,0.1155,0.0334,0.95,0.54,2,1,1,1,1,1.0
3.05,6.17,7.48,12.01,14.88,28.54,42.54,3.56,22.98,15.4,46.6,6.6,2143.7,25.93,167.5,-0.057,0.0181,0.476,0.634,6,3,1,0,0,0.4947
0.18,0.29,0.51,0.83,1.19,2.75,5.11,0.27,2.38,28.8,43.6,19.7,1132.5,27.17,282.6,-0.0295,-0.0338,0.273,0.838,2,0,5,1,0,0.0077
10.97,18.95,26.19,31.56,37.07,92.22,117.06,12.34,65.29,7.7,35.3,9.1,87.7,28.84,173.8,0.0655,-0.0057,0.595,0.299,2,3,2,2,1,0.9985
2.48,4.58,6.36,8.2,9.42,19.41,21.42,3.0,13.51,29.6,43.8,10.5,2740.4,27.74,139.1,0.0208,-0.0559,0.287,0.385,3,0,3,2,0,0.1943
2.83,6.58,9.07,10.33,15.4,22.31,37.19,2.94,20.27,21.7,61.5,20.9,2171.0,25.36,189.4,-0.0235,-0.0059,0.45,0.563,0,1,1,1,0,0.5398
2.49,6.53,12.9,22.21,34.0,64.38,81.13,3.4,48.28,11.2,68.0,21.5,1898.9,15.77,243.3,-0.0616,-0.021,0.608,0.553,0,7,4,1,0,0.4665
3.97,6.89,11.53,19.06,28.72,36.74,72.75,5.08,37.42,27.9,48.0,11.4,4062.9,20.9,261.7,-0.0483,0.0068,0.475,0.692,1,0,3,0,0,0.3622
2.12,3.8,5.38,6.95,10.74,23.78,27.51,2.85,16.58,22.9,39.2,19.8,2420.5,13.38,128.4,-0.0453,-0.0355,0.367,0.582,0,2,2,1,0,0.0699
1.12,2.72,3.44,4.53,5.61,7.04,11.29,1.3,6.55,28.5,89.0,26.5,3633.2,11.75,205.7,0.0004,-0.0107,0.447,0.599,0,0,1,1,0,0.0486
5.67,15.55,25.56,38.58,54.56,99.67,187.63,7.72,90.92,20.6,90.1,9.4,628.7,16.14,327.6,0.0096,0.0004,0.798,0.713,3,3,2,0,1,0.9922
0.49,0.96,1.66,2.53,3.55,8.56,13.96,0.63,6.87,0.9,83.9,10.7,2412.2,17.3,351.5,-0.0074,0.0039,0.348,0.482,4,1,3,0,0,0.0217
7.01,13.43,24.08,41.16,46.19,106.38,163.74,10.43,83.7,27.0,95.6,19.6,3652.1,23.63,81.8,-0.002,0.0137,0.745,0.425,7,1,1,0,1,0.9997
16.25,32.0,41.19,46.16,51.37,64.97,100.76,16.28,59.41,16.9,81.9,31.0,2469.9,37.12,69.4,-0.0525,-0.0087,0.647,0.672,2,1,1,3,1,0.9999
0.79,1.36,2.14,3.75,5.76,9.78,12.12,1.05,7.49,15.1,69.5,4.5,3029.8,30.89,243.6,0.0147,-0.0393,0.453,0.739,1,0,2,1,0,0.1627
2.43,5.21,8.05,13.75,15.24,24.75,36.88,2.72,20.74,16.9,87.0,3.2,1594.0,22.62,149.3,0.064,0.0041,0.433,0.313,5,6,1,0,1,0.5467
5.87,12.94,19.8,28.81,42.2,54.54,105.93,6.28,54.89,28.2,82.2,1.8,433.7,34.7,8.7,-0.0081,-0.0089,0.624,0.65,4,6,3,0,1,0.9766
0.18,0.31,0.65,0.77,1.01,1.36,1.54,0.23,1.08,22.1,71.1,2.8,1950.3,19.44,124.9,-0.0091,0.0512,0.339,0.546,3,5,1,1,0,0.0538
0.11,0.2,0.31,0.48,0.53,1.03,1.74,0.13,0.88,26.4,37.6,20.6,1687.1,25.56,290.4,0.0042,0.0575,0.225,0.759,1,0,5,0,0,0.0045
1.32,2.32,4.27,6.55,9.99,16.2,27.28,1.66,14.37,26.4,53.2,11.7,3648.3,15.8,287.1,0.0559,-0.0686,0.288,0.648,6,0,2,0,0,0.0384
1.46,3.33,6.94,8.07,10.45,13.13,25.38,1.64,13.28,16.2,50.5,12.2,1062.6,19.17,178.1,-0.0447,0.0309,0.439,0.345,0,3,1,1,0,0.3267
1.11,2.7,3.26,5.71,8.38,19.33,23.25,1.55,13.58,11.9,68.7,4.6,4061.9,16.64,170.1,0.0725,0.0409,0.426,0.265,0,7,1,0,0,0.2009
15.42,29.27,56.82,87.46,118.12,225.44,389.81,20.35,195.15,30.6,88.3,35.1,4026.3,7.02,208.6,0.0211,-0.0673,0.95,0.725,4,3,2,0,1,1.0
3.87,9.66,17.88,26.45,40.6,85.83,159.4,5.0,75.52,16.0,34.2,18.8,1077.7,7.12,79.0,0.0014,0.029,0.693,0.923,2,1,4,0,1,0.5694
2.35,6.32,13.33,20.05,27.09,57.03,68.4,3.19,40.84,12.1,83.8,27.9,1494.4,8.45,189.4,0.0607,0.0448,0.553,0.901,1,4,2,0,0,0.138
6.85,14.88,24.63,36.2,53.49,69.72,93.89,9.44,59.62,17.8,88.1,25.4,3766.6,22.7,4.0,-0.0591,-0.0475,0.623,0.474,3,0,1,1,1,0.9946
4.36,11.68,25.2,29.34,41.08,49.53,79.7,5.57,46.68,13.1,79.6,1.4,4061.5,37.55,171.2,0.0261,-0.0118,0.59,0.838,4,5,2,2,1,0.9828
3.24,7.5,12.5,20.46,30.5,70.08,77.55,3.46,47.58,26.6,68.3,1.8,1890.3,34.64,121.0,0.0215,0.0093,0.503,0.78,4,7,2,2,1,0.9259
0.97,1.7,2.16,2.38,2.75,6.77,8.06,1.1,4.67,6.8,68.1,4.4,1382.1,6.82,243.0,-0.0468,0.0285,0.236,0.584,1,7,3,0,0,0.0064
0.45,0.83,1.63,2.74,3.5,6.74,7.71,0.48,4.84,22.9,44.9,9.4,2233.3,25.71,229.8,0.023,-0.0494,0.273,0.795,0,0,2,0,0,0.0245
13.94,31.6,38.67,46.46,59.63,111.53,122.95,15.08,79.49,15.5,99.1,25.7,2904.2,14.29,137.1,0.0142,0.0579,0.68,0.415,2,2,3,0,1,0.9796
2.41,4.32,9.35,12.3,14.22,19.28,31.25,2.5,17.61,29.7,39.9,0.7,1184.9,11.54,2.6,-0.0089,-0.1015,0.352,0.532,5,2,4,1,0,0.0356
1.94,2.92,3.51,4.76,7.38,14.21,22.26,2.46,11.7,17.6,55.8,16.3,3106.4,20.54,90.8,0.0431,0.0662,0.317,0.581,1,0,4,1,0,0.0336
0.17,0.31,0.59,0.83,1.02,1.25,1.91,0.23,1.15,26.9,58.3,16.3,264.4,14.08,228.0,-0.0286,0.0275,0.387,0.706,2,2,3,1,0,0.0106
2.02,3.17,4.13,5.9,8.78,19.57,38.63,2.17,17.62,25.1,36.6,21.7,254.6,7.98,26.1,0.0135,-0.0311,0.378,0.439,1,3,2,0,0,0.043
3.42,9.12,15.53,23.98,32.21,60.39,96.41,3.5,50.47,18.7,76.3,18.4,1653.1,10.52,38.8,-0.0066,0.0432,0.441,0.555,0,1,2,1,0,0.5233
0.09,0.21,0.27,0.39,0.6,1.27,2.49,0.11,1.15,18.0,78.5,3.5,1516.9,15.73,232.9,-0.0307,-0.0524,0.435,0.654,5,1,3,0,0,0.0102
0.79,1.22,2.16,3.52,5.16,9.39,15.4,1.18,8.0,18.1,63.3,25.0,1359.9,36.89,272.1,0.0251,0.0057,0.416,0.777,0,0,2,0,0,0.1773
0.79,1.23,2.16,2.55,3.77,8.15,13.64,1.02,6.77,11.3,51.7,11.9,2087.7,6.45,115.8,-0.0104,0.0119,0.308,0.886,4,7,3,3,0,0.0137
2.49,3.83,4.86,6.41,8.62,16.51,19.81,3.51,12.1,8.1,75.2,6.9,1381.0,9.19,176.3,-0.0737,0.0118,0.35,0.588,1,4,3,3,0,0.0506
7.86,19.93,26.84,34.15,44.21,83.71,123.8,8.65,67.35,8.6,86.5,13.4,847.9,16.48,340.5,-0.0901,-0.042,0.709,0.575,1,4,3,0,1,0.9165
0.25,0.62,1.19,1.57,2.09,3.52,6.54,0.36,3.25,8.5,50.6,14.3,1334.3,12.28,340.4,0.0395,-0.0248,0.256,0.511,7,0,2,0,0,0.0133
0.72,1.78,3.32,4.12,5.54,8.71,16.22,0.88,8.17,5.7,39.5,6.7,4095.9,24.11,110.7,-0.061,0.0063,0.325,0.799,3,3,3,1,0,0.0305
2.86,4.85,7.23,12.37,13.97,30.67,56.73,3.29,26.74,0.6,30.3,15.0,1756.1,16.74,291.6,0.014,-0.0363,0.351,0.599,3,0,1,0,0,0.2048
6.48,18.02,24.91,35.97,41.48,88.08,146.44,8.17,73.15,19.1,42.7,4.3,1895.6,7.88,213.8,0.0027,0.0136,0.707,0.797,4,3,1,0,0,0.8789
1.18,3.08,5.78,8.88,11.05,26.2,39.66,1.66,20.33,21.1,85.2,13.7,2442.7,14.25,351.2,-0.0184,-0.0307,0.452,0.51,1,3,4,1,0,0.0521
0.26,0.6,1.05,1.7,2.22,4.94,8.57,0.36,4.16,5.4,44.3,2.9,4130.9,21.02,171.9,0.0978,0.05,0.311,0.788,2,5,2,0,0,0.0181
65.38,155.87,226.26,297.27,336.99,436.7,620.36,77.9,382.21,16.1,82.6,2.8,1052.6,27.23,278.9,0.009,0.0781,0.95,0.613,1,1,3,1,1,1.0
0.27,0.53,1.16,1.98,2.65,6.47,8.91,0.29,4.77,22.5,37.5,9.6,2877.3,9.12,276.5,0.0378,-0.0149,0.349,0.592,4,0,2,3,0,0.0314
0.69,1.54,2.43,3.44,4.79,10.41,18.78,0.74,8.97,18.0,63.7,5.2,3021.3,21.77,179.1,0.0142,0.046,0.403,0.396,2,6,2,2,1,0.1747
2.02,3.94,7.44,11.51,18.19,30.01,41.65,2.3,24.28,11.2,56.2,11.1,2570.4,15.97,286.4,-0.0116,-0.0106,0.447,0.643,1,6,4,1,0,0.0723
0.09,0.22,0.47,0.52,0.6,1.23,1.53,0.14,0.9,17.6,55.6,16.1,417.6,34.47,94.0,-0.001,-0.0468,0.335,0.497,5,2,4,0,0,0.0348
0.99,1.93,4.15,5.79,8.71,19.11,37.79,1.1,17.27,18.4,46.3,22.7,2859.0,14.36,44.0,0.0729,-0.0213,0.353,0.525,2,0,4,2,0,0.048
0.78,2.15,4.5,5.87,8.61,11.86,18.57,1.03,10.62,21.3,57.9,29.7,316.0,8.01,153.1,0.0544,0.0043,0.441,0.733,2,2,4,1,0,0.0108
4.36,12.03,21.55,24.24,35.7,87.68,118.71,4.93,64.09,23.4,76.6,16.0,2524.0,12.79,339.7,0.0976,-0.0893,0.664,0.442,0,2,2,3,0,0.9467
1.19,2.17,3.05,4.11,6.26,12.8,19.25,1.68,10.2,5.4,70.8,8.7,3119.3,5.17,180.3,0.0111,0.0313,0.375,0.642,6,4,4,2,0,0.0133
3.28,8.43,17.93,30.24,47.87,58.69,73.04,4.41,49.69,32.2,71.3,8.3,925.5,5.55,228.7,-0.0438,0.0043,0.517,0.777,7,3,2,1,0,0.4066
0.14,0.23,0.5,0.85,1.21,2.33,3.16,0.2,1.8,29.3,62.7,11.3,3542.7,6.43,224.7,-0.022,0.05,0.197,0.627,2,0,1,0,0,0.0085
1.22,2.24,2.71,4.06,6.26,9.09,13.62,1.5,7.87,14.0,72.9,13.8,176.0,24.22,47.7,-0.0594,0.0304,0.322,0.607,2,3,3,1,0,0.0472
1.77,3.25,6.87,12.29,14.28,21.8,27.73,2.27,17.38,32.9,68.6,10.1,3551.8,22.76,140.5,0.0384,0.006,0.373,0.44,2,0,1,0,1,0.2926
0.25,0.57,1.18,2.07,2.52,3.25,5.6,0.27,3.1,15.5,56.6,28.3,1960.4,24.94,254.5,-0.0293,-0.0178,0.346,0.455,1,0,2,2,0,0.1118
31.27,84.24,139.07,218.18,281.18,490.0,600.64,33.13,371.07,23.9,85.4,25.3,953.0,13.49,349.9,-0.1528,0.0761,0.95,0.675,2,1,1,3,1,1.0
3.17,5.98,11.92,14.79,16.84,26.0,48.89,4.58,24.62,17.3,69.8,16.0,605.2,10.67,60.5,0.1232,0.1085,0.502,0.717,0,0,2,1,0,0.1247
1.7,3.49,7.5,8.88,10.75,24.59,42.6,1.94,20.56,28.2,53.0,6.2,4006.2,53.67,147.8,-0.0285,-0.017,0.466,0.864,6,4,4,1,0,0.707
1.1,2.21,3.34,5.21,8.29,19.22,30.29,1.5,15.28,26.3,57.9,14.1,351.6,20.37,34.2,-0.0288,0.0521,0.406,0.492,0,2,3,1,0,0.0892
1.78,3.54,5.92,8.2,12.06,14.89,27.44,1.96,14.8,19.3,29.4,4.7,876.2,9.93,87.3,0.0836,-0.0353,0.314,0.517,3,2,1,0,0,0.0539
0.5,1.13,1.52,1.72,2.51,5.54,6.36,0.61,3.85,7.6,40.5,2.5,1493.5,39.53,135.6,-0.0604,-0.0294,0.352,0.624,1,2,3,1,0,0.1382
0.18,0.42,0.62,1.08,1.48,1.85,3.17,0.26,1.77,14.2,45.5,6.3,2624.0,36.51,194.6,0.0568,-0.0193,0.365,0.657,1,7,4,0,0,0.0349
1.2,2.43,5.06,5.75,6.98,12.43,15.75,1.27,9.49,-0.7,69.9,7.5,2310.9,26.34,83.0,-0.0294,0.0342,0.347,0.618,2,6,1,1,0,0.1791
0.99,2.52,3.47,5.75,6.67,8.91,12.09,1.1,7.59,13.4,30.3,22.6,571.4,17.19,81.9,-0.0662,-0.0537,0.245,0.585,4,4,3,0,0,0.0166
12.74,28.85,61.81,91.5,124.62,240.41,350.64,17.42,191.38,19.8,98.1,14.4,1252.4,11.61,280.0,0.0853,0.0775,0.95,0.754,3,1,3,0,1,1.0
0.31,0.58,1.02,1.43,2.05,5.0,7.88,0.33,3.94,11.4,42.8,34.5,1040.8,14.68,346.6,0.0462,0.0469,0.281,0.582,1,0,3,0,0,0.0101
0.32,0.63,1.2,1.88,2.6,3.9,6.95,0.45,3.62,20.0,23.6,11.4,936.2,33.88,116.5,0.046,0.0331,0.245,0.736,1,2,5,1,0,0.0151
6.32,17.41,27.73,39.89,53.07,121.6,157.42,6.4,88.33,31.1,53.3,9.7,1756.2,12.46,247.7,0.0184,-0.0147,0.745,0.801,5,2,1,2,1,0.9878
3.93,8.97,12.86,19.47,21.66,48.05,77.79,4.91,39.04,17.0,54.8,7.1,2971.7,8.9,92.9,0.03,0.0415,0.514,0.889,3,0,3,0,0,0.1024
0.44,0.94,1.58,2.38,3.34,7.3,9.78,0.52,5.44,1.4,54.4,27.3,952.4,26.1,334.1,-0.0616,-0.1459,0.413,0.696,3,0,1,0,0,0.0992
0.09,0.17,0.25,0.39,0.53,0.81,1.01,0.1,0.64,32.8,70.3,10.5,1571.7,18.46,242.2,0.0056,0.022,0.298,0.396,1,2,4,2,0,0.0197
0.59,1.29,2.22,3.98,4.95,9.92,19.07,0.78,8.98,18.3,59.1,31.0,1672.3,12.75,289.0,-0.0464,0.008,0.305,0.577,4,3,4,0,0,0.0097
2.8,4.49,5.84,7.63,11.43,14.98,22.82,4.15,13.45,11.5,52.5,36.5,4102.3,13.43,17.8,-0.0694,-0.0943,0.451,0.68,2,3,1,3,1,0.1943
0.38,0.77,1.62,2.13,3.09,5.64,7.18,0.49,4.29,16.6,60.0,5.2,4011.9,4.71,215.5,0.0205,0.0203,0.34,0.79,2,4,1,2,0,0.0158
6.21,16.31,24.05,32.55,51.63,123.69,227.86,6.83,105.96,7.1,60.9,22.4,3370.6,13.97,189.9,0.0579,0.0295,0.911,0.79,1,2,5,1,1,0.9813
0.34,0.7,1.29,2.24,3.02,5.64,7.82,0.36,4.42,27.3,47.7,11.8,1052.9,32.24,105.5,-0.0192,-0.0927,0.333,0.815,0,1,5,0,0,0.011
1.22,3.18,5.87,8.73,9.9,12.32,14.99,1.71,10.29,43.8,55.9,14.8,332.4,10.76,94.5,-0.0106,-0.0593,0.316,0.388,2,2,5,2,0,0.0211
7.3,11.32,16.42,28.73,44.94,94.73,109.43,10.39,66.77,9.8,74.9,6.2,1365.2,58.28,208.8,-0.0569,0.1032,0.631,0.692,0,7,5,1,1,0.9998
12.08,20.29,44.57,72.66,96.57,225.43,315.84,15.76,169.12,21.9,81.0,14.4,1157.2,18.67,254.3,0.0004,-0.0093,0.95,0.353,2,0,3,2,1,1.0
0.33,0.81,1.36,1.74,2.78,4.05,7.55,0.33,3.87,12.4,63.1,14.0,2149.6,3.17,11.9,0.038,0.0488,0.312,0.793,3,2,5,0,0,0.0018
1.34,3.3,6.46,9.69,13.09,18.4,27.38,1.4,16.03,23.0,55.6,3.5,3277.6,7.58,204.3,0.0396,0.0563,0.379,0.394,7,1,4,2,0,0.0383
2.34,5.47,6.73,7.79,10.2,12.61,15.85,3.14,10.68,12.9,62.4,12.9,3612.0,1.14,61.4,0.0273,0.0197,0.413,0.865,0,0,1,0,0,0.0119
44.22,119.29,170.6,254.39,289.52,634.37,867.63,50.79,476.83,20.1,86.7,15.7,3556.2,21.38,50.5,-0.0309,0.0509,0.95,0.914,1,2,4,1,1,1.0
1.33,2.92,3.81,4.7,5.46,13.02,15.74,1.52,9.1,14.0,76.8,18.4,1542.7,10.74,224.3,-0.0325,-0.1056,0.379,0.42,2,3,3,2,0,0.0371
0.84,2.06,3.2,4.43,5.13,9.41,16.11,1.0,8.18,10.8,64.8,26.8,2902.0,26.43,111.9,0.0398,-0.0115,0.333,0.426,0,2,1,0,0,0.1885
2.31,4.29,8.34,12.54,17.8,27.79,35.01,3.24,21.93,26.0,65.6,24.7,1348.3,35.06,158.7,0.0406,-0.154,0.412,0.511,0,0,3,2,0,0.604
0.23,0.52,0.7,0.86,1.18,2.84,4.26,0.32,2.19,28.7,46.2,1.2,302.8,29.28,129.6,-0.0086,-0.0873,0.272,0.519,2,2,2,0,0,0.051
0.42,1.06,1.7,2.77,4.42,6.44,7.29,0.48,4.98,14.5,45.8,12.2,2961.5,28.92,233.4,-0.0213,-0.0273,0.293,0.783,2,0,4,2,0,0.0277
3.52,8.48,11.84,17.0,22.39,39.19,66.22,4.86,34.19,13.6,91.1,29.2,90.8,14.7,169.2,0.0584,-0.0333,0.591,0.578,4,1,4,0,0,0.1696
0.5,1.26,1.8,3.09,3.64,8.65,11.84,0.56,6.4,25.6,73.9,16.7,1748.1,10.92,346.8,-0.018,0.0021,0.334,0.258,8,1,5,1,0,0.0118
0.22,0.45,0.56,0.74,0.92,2.29,2.89,0.24,1.62,10.9,63.8,12.7,1416.9,24.8,126.9,0.0373,-0.001,0.328,0.31,4,5,1,2,0,0.2313
2.78,5.19,8.86,14.49,21.75,33.58,58.15,4.04,30.54,38.0,40.4,9.2,2927.5,11.42,266.5,-0.0068,0.0067,0.482,0.289,1,0,3,1,0,0.2565
2.2,4.08,5.58,6.23,9.42,22.94,34.87,2.67,17.75,27.9,100.0,15.4,3229.9,14.99,92.6,-0.0524,0.0087,0.38,0.614,3,1,2,0,0,0.0596
15.68,39.9,60.18,89.47,103.69,189.34,326.4,20.59,165.23,25.0,80.1,9.3,1312.0,11.68,183.2,0.0806,0.0166,0.95,0.691,2,1,4,1,1,1.0
16.17,42.21,65.76,111.28,177.23,359.21,540.65,17.4,287.0,11.9,83.7,9.5,3418.3,12.52,198.9,0.006,-0.048,0.95,0.58,2,3,3,2,1,1.0
1.63,2.89,4.13,6.95,8.87,19.41,24.19,1.72,14.0,4.4,30.1,7.6,1269.8,25.84,118.5,-0.0355,-0.0362,0.286,0.588,6,4,2,2,0,0.1614
1.97,3.9,6.55,9.8,12.53,21.09,34.36,2.7,18.25,1.5,54.6,2.1,1902.3,12.09,169.8,-0.0695,-0.0018,0.352,0.406,3,3,1,1,0,0.1531
11.84,31.93,41.14,63.13,78.44,179.23,340.25,16.3,157.32,12.4,95.3,19.5,3067.1,26.1,100.5,-0.0645,-0.0011,0.95,0.52,3,4,3,0,1,1.0
3.01,4.57,8.71,14.25,21.15,50.75,91.98,4.0,43.08,11.1,43.1,22.6,2925.6,34.96,2.2,-0.0186,-0.0541,0.548,0.53,0,0,2,1,1,0.9696
0.45,0.88,1.31,1.94,3.05,6.68,9.8,0.55,5.19,13.0,71.8,4.7,4147.6,13.72,77.6,0.0963,0.0541,0.313,0.825,5,6,2,0,0,0.0107
0.8,1.84,3.15,5.23,7.62,10.3,19.15,1.15,10.03,18.4,58.6,29.0,984.4,9.71,252.0,-0.0292,0.0362,0.422,0.822,4,2,5,1,0,0.007
1.07,1.81,2.38,3.62,4.16,5.28,5.97,1.1,4.27,18.5,39.3,18.5,2798.6,31.29,277.5,0.0724,-0.043,0.294,0.427,1,0,3,1,0,0.0877
2.46,5.89,7.22,8.7,12.93,20.59,36.87,3.45,18.89,22.9,58.3,2.4,2580.2,22.12,100.9,-0.0065,-0.0104,0.359,0.283,1,3,3,0,0,0.1672
0.85,1.6,2.48,4.06,6.05,13.34,23.05,0.97,11.21,16.3,37.2,12.4,3847.7,11.88,146.9,-0.0591,0.1005,0.305,0.474,0,3,4,0,0,0.013
20.09,54.77,102.57,138.53,197.4,457.14,800.54,29.19,383.51,18.5,76.8,10.8,698.9,15.44,13.5,-0.0237,0.008,0.95,0.29,0,0,2,0,1,1.0
2.87,4.58,7.56,12.99,15.53,26.92,32.95,3.16,20.4,16.1,40.1,9.1,3170.0,23.13,85.3,-0.064,0.0198,0.423,0.593,3,7,3,2,1,0.2171
12.33,32.39,61.82,84.66,114.28,155.46,172.19,13.08,121.91,16.1,67.3,4.3,2408.3,6.96,280.5,-0.0428,-0.0304,0.781,0.707,0,2,4,1,1,0.9977
2.36,5.39,10.0,12.7,14.18,30.78,42.56,2.72,23.3,19.5,81.4,15.7,1189.9,42.66,218.2,-0.0443,-0.0157,0.448,0.557,6,2,1,2,1,0.9761
0.22,0.5,0.96,1.26,1.55,3.56,4.9,0.25,2.66,20.0,87.4,25.1,2018.9,29.95,74.1,-0.0952,0.0756,0.375,0.679,4,1,2,2,0,0.11
0.17,0.27,0.55,0.67,0.96,1.29,2.11,0.23,1.19,27.1,69.7,17.1,1435.2,18.88,92.7,0.0756,0.0057,0.37,0.724,1,0,1,0,0,0.0265
1.78,4.77,7.01,9.91,12.7,22.24,31.05,1.92,17.77,25.1,56.3,14.8,2454.2,41.53,294.0,0.0106,-0.0035,0.371,0.748,2,7,5,1,0,0.1364
1.74,4.54,5.48,8.89,10.49,21.36,26.86,2.01,15.73,12.9,67.3,7.4,3739.4,37.96,75.3,-0.0343,0.0004,0.352,0.415,1,3,3,0,1,0.3499
1.01,2.1,2.62,4.09,4.72,10.3,20.17,1.31,9.27,13.0,48.3,12.9,2412.6,16.82,120.3,0.0111,0.1273,0.321,0.327,0,2,2,2,0,0.105
1.93,4.12,5.84,9.99,14.81,36.08,60.98,2.21,29.45,4.4,71.9,13.3,2671.6,16.09,239.2,-0.0418,0.002,0.616,0.284,0,3,2,2,0,0.6505
0.1,0.18,0.24,0.27,0.33,0.49,0.68,0.12,0.41,6.7,51.5,33.2,2202.8,16.46,202.0,-0.1336,-0.0415,0.309,0.492,2,4,2,0,0,0.0169
32.08,61.84,91.85,149.89,237.08,564.74,916.98,34.19,453.41,30.2,90.6,21.6,262.3,25.22,165.9,0.1478,-0.0328,0.95,0.663,7,3,4,1,1,1.0
0.99,2.11,3.8,5.79,8.51,19.6,31.29,1.05,15.7,19.6,70.2,17.0,1016.4,24.17,323.9,0.0095,0.039,0.398,0.842,6,0,5,2,0,0.0337
1.26,2.01,3.96,7.02,8.97,16.62,30.29,1.72,14.86,17.2,65.0,7.4,2091.8,5.53,79.1,-0.0295,-0.0714,0.452,0.631,4,3,1,0,0,0.0311
1.14,1.83,2.48,4.17,5.3,10.43,18.5,1.18,9.09,24.5,59.6,12.7,1337.5,23.28,266.9,-0.0967,0.0225,0.365,0.799,3,2,2,0,0,0.039
1.18,3.02,5.37,6.96,8.14,17.18,22.17,1.75,12.69,16.9,49.9,10.3,804.3,23.2,57.3,-0.0747,-0.0362,0.31,0.694,5,7,1,0,0,0.0904
2.29,4.56,9.55,16.28,23.74,56.16,86.7,3.1,44.03,36.0,83.8,26.4,2142.2,3.22,221.7,0.0827,-0.0929,0.681,0.519,2,3,2,1,0,0.2503
9.58,26.56,51.6,88.39,119.07,228.83,325.66,13.33,180.3,25.9,89.2,31.3,1389.7,16.56,313.4,0.0751,-0.049,0.95,0.676,0,1,3,0,1,1.0
3.8,6.13,8.31,13.94,21.07,31.24,39.96,4.72,25.17,14.8,96.3,19.5,1121.1,19.51,164.8,0.0377,0.0014,0.423,0.575,3,0,3,2,0,0.2665
0.63,1.71,3.16,4.64,5.74,10.08,18.57,0.7,9.17,13.9,80.6,15.9,1975.5,6.28,260.7,-0.0558,0.0698,0.402,0.672,6,2,4,0,0,0.006
21.78,51.09,85.75,145.31,184.53,301.09,342.93,31.97,225.59,20.4,82.4,25.0,603.1,8.74,295.3,0.0755,0.0457,0.95,0.356,0,3,3,0,1,1.0
0.09,0.17,0.25,0.33,0.44,1.06,1.39,0.13,0.76,17.3,55.7,53.9,3900.1,11.41,49.0,0.0225,-0.0147,0.374,0.59,1,0,2,0,0,0.0105
1.01,1.86,3.21,4.31,6.27,8.35,15.53,1.49,8.16,26.9,69.0,7.2,3651.0,25.4,254.1,0.0327,0.0486,0.456,0.33,1,3,3,1,1,0.168
2.53,6.94,9.45,14.68,22.46,40.54,70.4,2.97,35.6,20.7,50.0,27.3,2986.6,35.86,331.1,0.0223,-0.0178,0.42,0.514,0,4,4,0,1,0.551
0.56,1.09,1.66,1.86,2.93,7.28,10.85,0.67,5.56,35.4,43.4,14.4,490.8,24.51,207.5,-0.0753,-0.0733,0.324,0.826,1,0,3,0,0,0.0162
0.67,1.46,2.28,3.54,3.98,7.39,9.7,0.78,5.66,19.6,69.8,16.9,3269.9,20.1,67.0,-0.0599,0.0011,0.267,0.74,2,3,4,0,0,0.0085
0.21,0.59,0.9,1.19,1.82,3.21,4.51,0.23,2.57,25.0,100.0,5.0,3403.0,27.45,45.7,-0.0255,-0.0753,0.319,0.634,6,0,3,1,0,0.0337
0.11,0.19,0.25,0.42,0.49,1.02,1.78,0.14,0.87,3.4,78.5,20.1,3236.2,3.11,93.5,0.0322,0.0396,0.379,0.902,5,0,5,0,0,0.0012
0.73,1.26,2.04,2.83,4.5,6.72,11.71,1.0,6.18,17.2,31.1,18.1,523.0,34.32,37.3,-0.069,0.0403,0.28,0.415,7,0,4,1,0,0.075
2.28,4.06,8.3,13.47,15.12,34.78,48.4,3.27,26.09,21.5,56.9,2.1,2722.2,17.47,184.8,-0.0088,-0.044,0.417,0.575,0,3,2,0,0,0.1615
23.72,42.85,87.36,112.76,141.64,257.6,469.95,29.08,231.46,13.9,95.1,9.1,3512.4,32.06,25.1,-0.0088,0.0073,0.95,0.508,0,7,4,3,1,1.0
1.18,2.86,4.63,6.16,9.85,17.11,30.29,1.21,15.3,32.1,47.1,2.9,2446.0,26.52,80.4,0.0396,0.0068,0.345,0.476,0,4,2,1,1,0.2186
17.44,30.06,36.46,44.83,54.88,96.15,141.04,20.55,78.51,19.3,99.2,13.2,2732.6,11.88,158.4,0.0337,0.0436,0.685,0.451,6,1,4,0,1,0.9696
0.44,0.68,1.22,1.55,2.36,4.93,8.76,0.48,4.25,22.4,63.7,8.6,1952.2,21.49,170.6,-0.0505,-0.0623,0.32,0.584,0,0,5,0,0,0.008
4.41,10.75,19.3,22.69,34.42,70.71,83.48,5.61,50.59,15.7,58.8,11.3,2244.1,12.51,203.5,0.0723,0.03,0.494,0.485,2,3,3,1,0,0.5455
8.45,23.26,47.83,73.27,90.29,168.45,245.61,11.36,135.12,15.1,47.0,18.7,192.7,24.03,254.0,-0.0582,-0.0658,0.95,0.759,1,0,3,2,1,1.0
0.27,0.59,1.2,2.03,2.75,5.42,9.51,0.32,4.7,21.9,68.9,8.2,2701.7,45.37,17.0,0.0546,0.0389,0.29,0.911,0,4,1,2,0,0.3125
1.0,1.97,3.89,5.05,5.75,13.38,18.62,1.42,10.01,11.8,91.0,9.7,388.0,24.09,29.0,-0.0275,0.0531,0.435,0.894,0,0,2,1,0,0.0628
0.29,0.44,0.91,1.19,1.39,3.12,3.7,0.39,2.19,8.3,78.7,3.5,1855.3,3.38,21.9,0.0082,-0.0335,0.222,0.856,3,1,3,4,0,0.0108
0.57,1.27,1.85,3.21,4.1,7.71,9.61,0.66,5.77,16.3,52.9,22.8,1264.5,11.56,152.3,0.0113,0.061,0.339,0.244,0,1,1,0,0,0.0484
1.86,3.59,6.34,7.38,11.45,27.62,45.23,1.92,22.22,14.0,65.9,9.5,2313.5,29.97,15.1,0.0099,-0.0787,0.456,0.476,1,4,4,0,0,0.1928
6.18,14.49,30.92,35.99,51.5,92.64,184.7,7.32,87.36,20.7,88.8,9.7,603.7,11.17,268.6,0.0337,0.055,0.839,0.341,2,1,2,0,1,0.9935
0.09,0.24,0.41,0.67,0.94,1.5,2.92,0.12,1.43,16.3,20.4,13.3,2920.3,35.1,80.3,0.0196,0.0719,0.233,0.697,3,1,3,0,0,0.0255
1.05,1.6,3.35,4.27,6.73,9.46,13.65,1.5,8.13,10.9,42.0,17.9,3349.3,9.97,338.1,0.0392,0.0173,0.363,0.641,2,2,4,0,0,0.0081
1.36,3.26,6.87,10.11,15.05,22.46,28.54,1.76,18.02,12.5,66.6,12.2,727.9,32.65,175.1,0.0232,-0.0098,0.458,0.588,7,2,3,3,0,0.5105
0.22,0.51,0.65,0.92,1.47,3.06,5.37,0.25,2.62,22.8,59.4,23.0,482.9,13.95,160.7,-0.0632,0.0156,0.401,0.707,2,7,4,0,0,0.0056
0.14,0.31,0.65,0.97,1.28,2.5,4.68,0.15,2.25,15.4,66.9,16.8,653.9,25.44,281.0,0.0135,-0.0302,0.292,0.62,0,1,3,2,0,0.0367
0.82,1.99,2.6,3.01,3.6,4.94,9.34,0.85,4.83,14.5,87.2,14.6,3690.1,30.13,256.7,-0.0282,0.1312,0.33,0.761,2,0,2,0,0,0.05
2.24,4.45,7.12,9.73,12.77,23.26,31.01,2.38,18.04,14.6,49.9,23.0,2242.0,21.34,218.6,-0.0555,-0.0293,0.415,0.225,2,2,4,3,0,0.2587
0.27,0.45,0.88,1.36,1.78,2.5,3.91,0.39,2.23,15.6,53.4,8.0,1989.1,14.88,336.7,-0.0145,0.0659,0.355,0.791,4,0,3,2,0,0.0142
0.21,0.31,0.4,0.5,0.74,1.28,1.57,0.22,0.97,20.5,39.1,12.7,492.9,21.79,152.0,0.0092,-0.0371,0.145,0.463,6,2,1,1,0,0.0419
2.75,5.55,8.85,10.67,13.15,19.94,21.97,3.4,15.08,-7.4,64.4,14.2,2745.7,17.47,291.1,0.0125,0.0798,0.379,0.632,4,0,4,0,0,0.029
15.76,40.15,57.6,81.06,110.6,202.99,246.77,16.25,151.15,22.2,90.3,10.6,3652.2,19.21,136.8,0.0528,0.1006,0.95,0.61,2,5,3,2,1,1.0
0.19,0.43,0.82,1.45,1.88,4.38,8.06,0.2,3.77,10.6,44.4,34.4,3487.0,6.97,301.8,0.0654,0.0193,0.318,0.707,1,1,2,1,0,0.0099
3.55,6.01,12.43,21.93,29.11,46.19,71.44,4.27,39.6,22.3,76.1,1.6,2648.1,27.05,93.4,0.0168,0.0143,0.439,0.322,6,4,4,0,0,0.5776
0.73,1.39,2.73,4.63,5.33,13.12,17.48,0.76,9.51,10.3,76.8,25.6,362.4,21.0,104.1,0.0259,-0.0478,0.456,0.495,2,6,2,0,0,0.0843
0.81,1.92,3.35,4.29,5.93,10.96,21.85,1.17,10.28,19.7,76.7,23.7,516.4,5.83,244.0,0.0048,-0.0538,0.509,0.264,4,6,3,1,0,0.0284
5.18,14.0,28.61,45.37,64.28,91.7,127.76,5.4,77.36,19.7,38.8,5.3,254.6,15.42,76.6,0.0384,0.0149,0.6,0.281,8,2,2,1,1,0.989
1.83,4.79,9.85,17.47,19.65,40.61,64.16,2.51,33.07,29.7,87.7,9.1,1118.5,4.36,82.5,0.0243,0.0729,0.387,0.549,2,7,3,1,0,0.0834
3.63,8.44,14.31,22.55,26.27,61.12,99.92,5.17,49.45,21.4,63.9,20.0,613.0,19.44,109.9,-0.0027,-0.0274,0.545,0.624,2,3,3,1,1,0.6493
0.54,0.97,1.99,3.05,3.46,6.3,8.01,0.65,4.79,17.3,45.6,14.9,1129.2,25.03,244.4,0.1076,0.1104,0.273,0.61,3,0,2,3,1,0.0958
1.4,3.68,7.7,9.1,10.93,25.78,32.81,1.46,18.47,10.8,56.2,10.6,1648.0,12.78,320.2,-0.0273,-0.0305,0.441,0.728,0,5,1,3,0,0.1656
0.94,2.53,3.06,4.97,5.64,12.43,24.37,0.99,11.17,12.4,32.4,14.4,3963.4,12.23,242.8,0.0727,0.0115,0.345,0.292,2,2,3,1,0,0.041
10.42,27.95,58.13,95.18,124.37,167.74,259.13,15.35,150.25,18.6,69.2,18.3,2583.1,14.96,298.0,-0.0677,0.0116,0.95,0.788,1,0,3,1,1,1.0
1.0,2.23,2.8,3.41,4.19,9.69,13.32,1.31,7.22,29.5,63.0,11.6,3515.1,12.18,195.7,0.0407,-0.0051,0.277,0.648,0,4,1,3,0,0.063
26.98,71.02,106.48,146.83,215.78,290.97,359.56,27.91,238.16,14.6,93.5,12.0,2998.0,10.9,24.8,0.0718,-0.1022,0.95,0.726,3,3,2,2,1,1.0
0.34,0.85,1.5,2.24,3.51,5.98,6.79,0.44,4.42,9.5,76.9,3.7,516.9,5.25,36.2,-0.0954,-0.031,0.395,0.636,2,5,4,1,0,0.0056
2.09,4.83,6.97,8.88,12.11,29.18,56.84,2.16,25.74,22.1,90.1,16.5,3104.1,11.95,199.6,0.0069,0.01,0.559,0.701,4,4,3,2,0,0.1157
0.16,0.43,0.9,1.61,2.06,3.19,4.18,0.19,2.56,23.5,66.0,36.6,1191.7,7.12,118.0,0.0358,-0.0048,0.286,0.499,5,1,2,1,0,0.0126
1.27,2.32,4.61,5.6,7.73,9.37,14.19,1.84,8.59,24.4,85.3,19.7,2702.3,34.25,79.4,0.0126,0.0318,0.41,0.726,1,1,5,0,0,0.034
3.1,7.17,12.08,21.45,25.16,44.17,50.04,3.9,32.36,5.9,61.7,36.2,1465.0,37.48,167.9,0.0189,0.0378,0.51,0.691,4,3,4,2,0,0.706
3.1,4.76,9.71,11.8,17.73,42.98,78.04,3.66,36.46,24.9,52.4,7.4,4190.3,24.25,239.9,0.0068,-0.012,0.433,0.398,2,2,1,2,1,0.881
0.11,0.23,0.45,0.66,0.9,1.58,2.14,0.12,1.25,19.5,75.5,3.0,1143.7,33.35,138.6,-0.0547,-0.0481,0.372,0.499,3,0,4,1,0,0.0524
1.8,4.66,7.13,12.76,14.2,19.03,37.33,2.12,19.06,24.5,99.6,14.5,1208.4,11.36,288.9,0.1184,0.0774,0.559,0.907,5,0,1,0,1,0.0644
3.18,5.74,7.26,8.98,12.11,21.14,38.79,4.6,19.22,27.3,46.6,31.8,3912.3,24.91,265.9,-0.0252,-0.0678,0.482,0.669,1,0,1,0,1,0.3966
2.47,6.12,10.96,17.72,25.01,62.1,115.77,2.85,53.22,24.3,69.9,58.5,152.3,24.56,264.6,0.0217,-0.0298,0.597,0.934,3,2,1,2,1,0.9094
0.04,0.09,0.18,0.27,0.31,0.46,0.59,0.04,0.37,15.2,57.4,29.5,2941.3,21.98,354.7,-0.0323,-0.0425,0.312,0.633,2,0,2,2,0,0.0397
1.83,4.27,9.07,12.66,16.36,39.06,49.68,2.56,27.91,22.5,45.6,34.5,3060.1,14.71,106.3,-0.1138,0.0373,0.428,0.908,4,0,3,0,0,0.0492
9.19,24.46,30.26,42.11,52.14,70.61,116.47,9.39,65.02,28.6,87.5,7.4,3521.0,18.68,232.1,-0.0462,0.0659,0.771,0.911,3,2,4,1,1,0.8838
13.52,28.17,45.18,67.34,90.44,121.17,146.51,17.53,98.58,12.3,87.7,18.3,4093.9,21.5,308.0,-0.0724,-0.0087,0.769,0.893,4,0,1,0,1,0.9996
0.92,1.63,3.07,5.03,6.72,8.49,16.68,0.94,8.64,10.8,46.7,20.0,4098.7,21.23,208.6,0.0546,0.0115,0.334,0.794,1,0,1,2,0,0.0941
1.66,3.9,6.47,8.59,13.23,18.65,22.11,1.66,14.82,20.1,65.5,18.1,320.9,10.5,284.2,-0.0303,0.0214,0.422,0.611,3,6,3,1,0,0.0337
0.48,1.31,1.87,3.36,5.18,12.56,21.74,0.57,10.39,18.7,59.2,13.8,3460.6,36.27,149.2,-0.0257,0.0902,0.379,0.469,3,3,3,0,0,0.1973
0.24,0.55,0.99,1.71,2.11,4.79,5.98,0.26,3.43,15.4,57.4,11.9,2732.2,19.5,212.6,-0.0532,-0.0887,0.28,0.343,2,1,1,1,0,0.084
3.82,10.1,20.98,30.29,44.57,72.81,120.81,3.99,64.01,21.2,59.6,28.8,2736.5,27.99,20.0,0.0047,0.0372,0.651,0.263,2,5,5,0,1,0.9498
1.9,5.0,10.72,15.8,18.43,25.46,47.86,2.63,24.78,20.0,56.5,7.9,582.7,13.54,354.9,-0.0358,0.0188,0.513,0.366,1,1,4,1,0,0.1249
4.31,6.5,14.26,22.92,29.43,56.78,73.01,5.81,42.75,13.4,48.1,8.3,2748.3,24.06,288.0,0.0496,-0.0185,0.497,0.74,0,2,2,0,0,0.6282
2.47,3.95,6.26,8.18,10.51,14.29,17.37,3.54,11.59,19.9,42.4,14.8,4127.3,20.25,312.8,0.0151,0.0163,0.303,0.682,0,1,3,1,0,0.0462
0.39,0.87,1.21,1.76,2.68,5.57,9.28,0.43,4.65,27.7,90.5,26.9,3834.0,11.18,249.9,-0.0286,0.037,0.42,0.51,0,4,2,0,0,0.018
3.43,8.95,17.96,24.08,27.37,64.28,76.32,4.25,44.73,10.9,92.2,3.0,1872.4,18.83,67.0,0.0425,0.0292,0.518,0.593,4,1,2,1,1,0.6448
1.23,2.46,4.65,6.5,8.82,16.59,31.22,1.84,15.04,20.7,44.2,30.4,215.8,15.75,11.2,0.0004,0.1079,0.449,0.33,5,0,3,0,1,0.0694
0.49,1.29,2.52,4.19,5.52,8.28,15.72,0.6,7.93,12.7,41.9,4.6,1553.5,16.68,311.3,0.0011,0.0064,0.34,0.288,4,3,2,0,0,0.0553
2.5,4.88,7.64,11.11,15.54,25.0,44.78,3.13,22.88,26.4,94.2,50.6,3479.5,30.64,142.7,-0.0731,0.0013,0.514,0.879,4,3,3,1,0,0.2718
2.27,4.63,6.59,11.1,17.04,28.91,41.84,2.36,23.65,7.1,69.3,6.7,2961.2,17.65,95.0,-0.0036,-0.0091,0.444,0.543,1,2,2,1,0,0.2178
2.76,5.31,10.5,12.97,14.72,36.05,52.76,3.89,27.36,29.1,86.7,18.4,1956.3,29.67,202.2,0.0161,0.0276,0.584,0.484,2,3,3,1,1,0.6938
1.27,2.63,4.32,6.76,10.75,24.91,32.17,1.56,18.03,16.2,31.8,13.8,278.7,25.3,151.5,0.0667,-0.0016,0.286,0.468,6,2,2,0,0,0.1394
2.19,4.6,8.69,14.79,21.16,40.4,67.93,2.53,34.49,16.4,67.6,10.6,1821.6,19.97,234.6,-0.0376,0.0007,0.506,0.331,4,4,1,1,1,0.8193
0.26,0.56,1.16,1.43,2.12,4.42,5.16,0.36,3.14,23.2,48.0,14.4,1996.5,31.57,174.2,0.1139,0.0009,0.233,0.697,0,2,1,0,1,0.0625
7.21,13.48,20.82,29.9,38.84,51.54,91.74,9.17,49.41,30.7,44.6,44.6,3903.5,30.26,251.0,0.0278,-0.0067,0.577,0.582,2,0,3,0,1,0.9376
1.39,2.79,5.48,9.5,14.93,21.46,27.43,2.07,17.45,23.4,65.6,10.4,2710.5,19.99,307.2,-0.076,-0.0304,0.411,0.622,0,5,5,0,0,0.0274
5.52,12.61,20.84,36.8,46.59,89.26,171.41,6.8,81.47,21.8,82.4,8.1,1343.4,20.83,70.4,-0.0423,0.0209,0.764,0.551,1,4,2,1,1,0.9966
1.19,1.79,3.26,5.33,7.92,10.8,19.08,1.73,10.24,20.5,53.0,5.3,2230.1,31.75,118.6,0.071,-0.0143,0.339,0.575,2,7,2,0,0,0.157
0.55,1.23,2.49,3.88,5.86,7.19,10.62,0.69,6.5,23.6,53.2,3.0,324.1,26.15,157.3,0.0622,0.0307,0.337,0.407,5,2,1,2,0,0.3041
2.71,4.13,6.18,7.55,10.89,14.56,19.93,3.33,12.43,17.1,66.0,27.9,4086.2,36.07,346.3,0.0009,0.0055,0.411,0.861,3,3,3,0,0,0.1218
0.89,2.04,4.15,7.41,10.96,14.63,19.33,0.92,12.32,0.9,52.9,7.5,1544.2,17.44,131.5,0.0075,-0.0193,0.31,0.973,2,5,5,2,0,0.0128
46.59,92.8,130.43,144.91,169.94,367.66,632.95,66.95,309.63,21.4,100.0,22.5,2033.1,9.41,137.2,-0.0582,0.0782,0.95,0.701,2,0,5,3,1,1.0
1.29,2.7,4.39,6.48,7.5,17.28,32.93,1.87,15.18,17.0,73.2,8.2,1524.4,12.54,235.3,0.0661,-0.0051,0.484,0.518,4,6,1,1,0,0.1274
10.13,25.86,38.15,46.94,64.77,146.26,285.27,10.13,130.55,9.9,78.9,21.2,2882.4,5.55,150.9,-0.0494,0.0311,0.95,0.679,1,1,4,2,1,0.9978
0.62,1.48,1.8,3.16,4.02,10.0,19.7,0.64,8.83,11.8,50.7,4.7,2798.3,12.06,342.4,0.0422,-0.035,0.408,0.241,3,0,1,1,0,0.1065
0.61,1.65,2.0,3.12,4.78,11.24,21.86,0.72,9.95,11.7,54.3,6.2,3018.6,26.0,322.0,0.0676,-0.1013,0.39,0.843,1,0,4,0,0,0.0188
0.07,0.12,0.17,0.29,0.35,0.62,1.08,0.07,0.55,18.8,68.1,23.4,1162.8,17.6,184.8,0.0024,-0.0283,0.328,0.646,2,2,4,0,0,0.0061
0.17,0.33,0.62,0.87,1.24,2.22,2.83,0.19,1.7,12.3,48.7,14.2,1360.0,11.12,232.1,0.0484,-0.1069,0.312,0.962,0,0,1,0,0,0.0077
1.27,2.27,3.92,6.33,7.74,12.38,17.35,1.4,10.14,15.8,39.7,7.6,569.8,13.73,20.9,0.0924,-0.0118,0.414,0.399,5,0,2,0,0,0.0489
13.81,23.96,36.39,57.97,68.66,101.88,147.33,18.91,86.33,13.9,85.9,28.1,2770.4,21.99,250.5,0.0134,0.0734,0.703,0.466,0,3,1,1,1,0.9998
1.05,2.47,4.07,6.93,8.29,18.48,31.29,1.05,15.35,6.6,67.2,25.8,215.2,14.13,254.6,-0.0088,-0.0453,0.361,0.787,1,2,2,1,0,0.0404
0.99,2.33,4.38,4.95,6.16,12.5,18.74,1.42,9.96,20.2,38.7,11.0,2530.4,16.51,129.3,-0.0033,-0.1053,0.33,0.688,1,4,1,1,0,0.0604
1.59,3.41,7.12,10.51,15.89,21.96,31.02,1.73,18.81,19.1,49.5,12.4,3659.2,7.26,79.1,-0.0371,0.075,0.418,0.776,3,1,3,1,0,0.0275
2.84,4.8,7.01,11.41,18.24,38.52,54.76,3.65,29.71,8.2,74.7,12.1,3747.0,33.85,329.4,-0.0383,-0.0238,0.382,0.31,3,1,3,0,1,0.647
0.39,0.86,1.8,3.21,4.37,6.34,10.16,0.51,5.65,33.2,44.1,18.6,1913.5,36.38,153.6,0.0221,-0.0008,0.346,0.77,0,0,2,1,1,0.1332
0.67,1.46,2.34,3.74,4.34,7.54,13.38,0.78,6.75,22.3,58.0,37.7,1956.1,11.48,235.3,-0.0082,0.0394,0.35,0.656,0,2,2,1,0,0.0215
1.22,2.74,4.2,6.38,9.55,22.54,30.24,1.55,16.54,17.6,100.0,18.2,369.4,15.42,12.0,0.0164,0.0262,0.425,0.399,4,1,5,3,0,0.0652
2.03,4.23,7.48,10.92,12.67,16.26,25.9,2.57,14.97,10.8,48.1,11.7,2833.7,5.1,149.1,-0.0745,0.0375,0.369,0.862,3,1,1,1,0,0.0313
0.73,1.17,1.81,2.4,2.93,4.93,6.18,0.76,3.81,15.2,77.2,6.4,3458.2,32.39,294.2,-0.0046,0.045,0.392,0.678,4,2,3,0,0,0.0521
0.46,0.94,1.4,1.67,2.64,3.25,6.49,0.56,3.36,11.6,67.9,23.8,1065.3,8.61,139.5,0.0515,-0.0873,0.409,0.723,3,4,3,2,0,0.0121
1.69,3.22,6.77,11.82,14.27,25.39,40.04,2.39,21.35,19.5,85.0,14.5,1798.4,18.36,217.1,-0.0559,-0.0707,0.443,0.834,4,0,3,0,0,0.0526
1.64,3.03,4.86,5.97,8.27,17.2,22.41,2.41,12.8,27.1,54.1,19.7,3531.2,10.12,75.5,0.0008,0.0586,0.348,0.452,2,2,2,1,0,0.0486
2.12,5.01,6.77,10.85,16.85,20.23,33.8,2.2,19.4,15.2,65.6,21.5,3690.0,18.6,149.9,-0.0927,-0.0391,0.445,0.482,2,0,2,0,0,0.1667
1.03,2.45,4.0,6.6,9.62,19.74,26.59,1.14,14.95,28.1,56.1,11.4,1059.2,29.18,333.9,-0.0653,-0.0336,0.432,0.439,4,0,3,1,1,0.2413
0.12,0.33,0.48,0.82,1.22,2.5,4.26,0.15,2.12,14.6,52.5,16.4,2334.9,25.21,203.9,0.0404,-0.0631,0.252,0.422,0,1,5,1,0,0.014
1.33,3.1,5.3,7.02,8.6,20.46,26.73,1.59,14.81,25.1,62.4,22.3,848.8,26.21,324.7,-0.0155,-0.0202,0.271,0.611,2,2,5,0,0,0.0219
0.24,0.45,0.83,1.42,2.16,3.83,4.66,0.25,2.88,26.6,82.6,10.6,472.8,8.01,324.7,0.0911,-0.0175,0.407,0.933,3,2,2,0,0,0.0054
18.54,40.67,49.43,71.9,90.03,126.66,167.99,19.2,105.17,23.4,87.3,5.9,3831.2,18.1,339.9,0.0216,-0.0469,0.762,0.462,2,5,2,1,1,0.9999
1.31,3.04,6.04,7.39,10.0,20.87,33.6,1.86,17.12,16.9,37.2,19.5,3455.1,48.19,322.3,0.0265,-0.0527,0.312,0.994,3,5,2,1,0,0.3701
0.88,1.78,2.97,3.48,4.66,7.93,11.98,1.11,6.61,8.9,65.0,16.0,3204.1,21.29,1.2,-0.0538,0.0159,0.345,0.629,1,2,4,2,0,0.0297
2.15,5.02,8.74,10.17,13.68,19.5,34.63,2.52,18.32,7.3,57.4,4.9,252.4,18.98,336.2,-0.0193,-0.0404,0.394,0.725,0,1,2,2,0,0.1516
5.73,14.7,19.67,30.6,46.08,92.89,123.39,7.78,70.2,25.4,63.0,8.3,3551.5,16.16,49.5,-0.0366,-0.0303,0.637,0.419,0,4,3,0,1,0.9289
4.98,11.55,18.92,30.37,39.8,53.68,90.86,6.92,50.07,23.9,77.9,23.1,1867.9,20.23,14.4,-0.0533,-0.1093,0.547,0.422,7,4,2,1,1,0.9245
0.6,1.04,1.76,2.5,3.8,5.33,7.66,0.75,4.58,25.1,48.9,12.2,1470.9,18.56,19.9,0.0332,0.0969,0.273,0.748,7,4,4,0,0,0.0072
8.81,16.92,21.0,25.74,40.05,86.25,131.38,9.89,68.42,13.6,84.0,7.9,2317.9,43.83,125.6,0.0432,0.0471,0.733,0.492,1,0,2,1,1,1.0
1.78,4.89,6.73,11.86,18.21,38.17,73.49,2.02,34.29,32.6,72.5,8.9,429.1,28.24,223.5,0.0199,-0.0247,0.503,0.589,0,4,3,1,1,0.5572
1.68,3.31,5.18,7.21,11.23,22.23,40.34,1.85,19.58,15.2,64.6,4.3,3190.1,17.36,144.8,-0.0414,-0.045,0.49,0.774,0,5,3,3,0,0.1297
2.05,5.29,7.29,8.41,10.12,22.48,29.79,2.58,16.61,23.5,38.0,20.6,2467.1,27.5,9.2,0.0165,0.0005,0.339,0.713,1,3,2,0,0,0.1162
1.45,2.44,3.72,4.72,7.0,9.77,16.94,1.76,9.13,9.5,31.5,31.2,824.3,12.03,171.5,-0.0956,-0.0008,0.376,0.499,1,4,2,1,0,0.0424
4.63,12.87,26.76,40.73,53.91,70.14,84.86,5.63,57.62,13.1,78.1,28.4,831.2,18.4,159.2,0.0662,-0.0638,0.518,0.625,1,4,4,2,1,0.7998
0.68,1.21,2.21,3.16,4.75,11.82,23.62,0.86,10.52,18.9,65.9,20.3,814.6,14.13,272.5,-0.0649,-0.1275,0.324,0.667,4,2,3,0,0,0.0153
0.0,0.01,0.01,0.01,0.02,0.03,0.06,0.0,0.03,2.8,45.5,8.0,286.6,26.54,100.7,-0.056,-0.0263,0.276,0.414,3,4,3,1,0,0.036
11.94,18.68,38.19,49.29,69.02,169.77,316.23,12.94,145.66,6.9,80.9,43.6,2489.4,17.67,78.3,0.0058,-0.0782,0.95,0.614,0,4,5,0,1,0.9997
0.07,0.15,0.22,0.24,0.28,0.55,0.92,0.08,0.46,28.5,57.1,26.4,3537.4,20.07,92.1,0.0102,0.0086,0.335,0.46,3,6,2,1,0,0.0382
23.23,40.24,87.56,104.98,142.4,302.45,386.94,23.42,222.19,18.0,81.2,15.3,122.6,16.94,109.3,-0.0036,0.0089,0.95,0.666,2,6,4,2,1,1.0
0.36,0.85,1.2,2.12,2.63,4.16,6.44,0.51,3.57,20.0,70.5,26.4,253.4,22.53,215.7,-0.0555,-0.0487,0.368,0.791,0,2,3,1,0,0.0207
0.48,1.27,2.15,3.25,4.36,10.15,15.35,0.53,7.9,12.5,58.5,13.7,2427.0,26.76,169.7,0.0567,-0.0267,0.391,0.841,3,0,3,3,0,0.0735
0.04,0.07,0.15,0.19,0.28,0.47,0.69,0.06,0.39,26.1,69.4,3.3,3450.9,36.44,121.3,-0.0843,0.0882,0.375,0.593,0,0,1,0,0,0.2499
0.5,1.0,1.54,1.9,2.36,5.52,9.32,0.71,4.53,17.3,89.8,20.2,1406.0,16.06,134.8,-0.0742,0.0388,0.462,0.808,0,6,5,0,0,0.0049
0.24,0.38,0.52,0.9,1.35,2.11,3.73,0.32,1.93,21.0,44.0,6.5,1500.9,10.48,133.5,-0.0053,-0.0226,0.357,0.711,0,1,2,2,0,0.0169
0.13,0.3,0.49,0.61,0.92,1.81,2.43,0.15,1.38,9.7,80.7,21.8,2524.8,23.17,350.1,-0.0632,0.1146,0.388,0.608,6,1,2,1,1,0.047
1.31,2.98,4.27,4.96,7.59,16.83,28.54,1.31,14.0,30.7,38.3,32.6,1188.0,8.89,83.9,0.0611,-0.0598,0.441,0.489,3,2,4,2,0,0.0301
11.97,27.56,53.71,94.42,108.01,239.72,342.32,14.74,183.31,22.4,96.2,16.3,160.4,15.79,294.5,-0.0589,-0.0406,0.95,0.472,2,1,3,0,1,1.0
0.13,0.34,0.73,0.92,1.02,2.26,2.52,0.16,1.55,22.6,48.9,6.5,3101.2,7.45,255.0,0.0779,-0.0055,0.288,0.683,4,2,1,2,0,0.0177
0.3,0.48,0.99,1.69,2.4,5.98,7.42,0.41,4.19,28.8,70.9,49.7,2646.4,67.92,2.0,0.0518,-0.0766,0.362,0.756,1,4,5,0,1,0.738
3.04,6.41,8.62,14.19,15.98,39.06,65.78,3.08,31.8,12.9,83.6,8.2,2460.1,34.01,357.5,0.0618,0.0895,0.523,0.475,6,1,1,0,1,0.9605
0.14,0.27,0.57,0.76,1.0,1.46,2.67,0.18,1.38,23.1,81.7,18.7,3128.0,32.35,272.3,0.0944,0.0092,0.507,0.899,3,3,1,1,0,0.1835
1.15,2.08,4.03,7.19,11.16,18.75,21.67,1.58,14.01,16.5,31.9,5.6,2852.2,37.38,245.7,0.0041,-0.0395,0.304,0.532,2,3,2,0,0,0.2997
60.3,116.8,228.71,401.16,493.04,922.51,1144.82,73.37,689.4,19.1,84.6,12.4,904.4,30.52,145.9,-0.0506,0.0224,0.95,0.577,4,2,3,1,1,1.0
7.73,21.03,36.8,48.35,59.65,127.97,193.76,9.5,101.31,31.2,82.8,17.7,1512.8,21.36,199.9,-0.0052,0.0073,0.787,0.382,3,1,5,2,1,0.9975
2.0,3.65,5.74,7.21,10.04,20.88,24.98,2.81,14.98,14.6,68.4,12.4,573.4,21.69,91.2,-0.0283,-0.0152,0.295,0.764,5,5,5,1,0,0.0213
1.36,2.19,3.18,3.62,5.76,11.96,20.15,1.68,10.04,10.8,36.7,44.6,588.9,35.51,12.8,-0.0355,-0.0604,0.239,0.377,4,2,3,0,0,0.1262
1.16,2.35,3.93,6.85,7.89,12.37,13.98,1.53,9.35,15.1,58.7,53.5,2856.2,36.74,301.0,0.0075,-0.0718,0.287,0.704,0,1,3,2,1,0.1396
8.12,14.99,30.05,51.6,81.55,133.65,159.9,11.24,101.93,18.6,97.6,12.5,3613.2,11.04,322.7,-0.0156,0.1093,0.844,0.887,1,3,3,2,1,0.9934
1.49,2.81,4.24,6.69,9.5,13.94,24.48,2.14,12.93,17.3,77.1,5.5,4045.3,17.4,58.5,-0.0376,-0.0676,0.35,0.429,0,6,3,2,0,0.0907
2.92,6.1,12.74,22.18,32.81,76.91,141.85,3.96,66.17,24.7,41.2,5.7,2657.6,19.69,283.3,-0.0123,0.0849,0.65,0.85,1,2,4,0,1,0.6758
0.32,0.81,1.09,1.42,1.69,2.95,3.93,0.34,2.31,19.4,52.2,26.2,814.0,31.01,266.8,0.0274,-0.0422,0.334,0.626,1,3,2,1,0,0.0847
2.61,6.74,8.43,9.89,13.84,25.02,37.85,3.55,20.56,13.2,37.1,14.8,488.4,12.09,64.2,0.0478,0.0395,0.447,0.387,0,2,2,1,0,0.1546
0.99,2.11,3.6,5.92,6.98,17.06,27.65,1.01,13.62,22.5,81.3,2.8,3423.3,11.32,151.9,-0.0801,0.0233,0.43,0.639,1,0,2,2,0,0.0567
25.49,66.01,140.54,250.67,336.58,804.92,901.51,35.03,544.41,19.2,86.0,22.9,2451.8,8.45,152.2,-0.0152,0.0333,0.95,0.715,4,0,1,0,1,1.0
0.46,0.78,1.59,2.03,2.67,4.17,7.26,0.54,3.79,11.9,30.6,8.3,2615.9,14.28,273.6,-0.0071,0.0366,0.318,0.342,4,0,5,0,0,0.0075
0.15,0.28,0.38,0.48,0.71,1.66,1.92,0.17,1.14,21.5,75.7,8.0,3293.1,15.69,301.6,-0.0591,-0.0806,0.326,0.659,0,0,3,0,0,0.0081
0.26,0.45,0.6,1.06,1.36,2.6,3.28,0.38,1.94,17.9,69.2,19.1,2968.6,40.91,34.1,-0.006,-0.0338,0.344,0.238,0,2,2,1,1,0.6546
5.08,13.71,17.76,28.49,32.4,66.44,116.92,7.43,57.18,10.2,94.3,11.2,3513.0,29.17,202.7,0.0074,-0.0684,0.711,0.331,0,0,2,0,1,0.9982
0.68,1.69,3.37,4.37,6.87,12.08,22.32,0.78,11.0,16.5,49.8,7.9,283.3,31.0,274.2,0.0259,0.0095,0.317,0.814,5,5,5,2,0,0.0334
0.58,1.45,2.21,3.3,3.87,9.61,16.71,0.74,7.94,14.5,75.6,7.1,3152.2,10.27,283.0,0.0039,-0.0662,0.404,0.458,2,7,4,0,0,0.0102
1.53,3.65,5.6,8.03,10.37,21.67,41.7,1.81,19.47,17.1,24.8,6.5,3581.0,16.84,53.3,-0.044,-0.0991,0.257,0.543,8,2,2,2,0,0.1266
0.27,0.4,0.86,1.39,1.89,3.12,6.21,0.28,2.99,20.0,40.6,16.7,1237.5,27.28,189.2,0.1006,-0.0119,0.243,0.331,5,2,2,0,0,0.0652
2.15,3.81,7.01,9.79,15.12,29.35,53.75,2.56,26.07,17.9,66.4,2.6,2707.9,20.47,308.7,0.0415,-0.1105,0.436,0.77,5,1,1,0,0,0.2368
0.58,1.54,3.28,4.54,5.21,12.14,20.1,0.79,9.88,11.7,50.7,2.7,1353.8,24.86,114.7,0.0276,0.0129,0.37,0.375,0,3,3,0,0,0.074
28.68,60.97,87.76,148.8,214.03,274.77,315.56,30.25,222.49,28.6,91.4,9.7,4025.6,8.55,153.0,0.0502,-0.0629,0.95,0.684,2,3,4,1,1,1.0
0.3,0.75,1.45,2.32,3.05,4.53,8.65,0.35,4.36,16.0,78.1,18.0,188.7,20.02,289.6,0.0122,-0.042,0.433,0.734,8,1,1,0,0,0.0467
2.4,4.27,5.52,8.86,13.23,16.0,21.74,2.55,14.06,21.9,75.8,10.8,2456.1,28.05,32.2,0.0643,-0.114,0.394,0.367,0,1,1,0,1,0.5233
0.31,0.49,0.91,1.18,1.81,2.55,3.7,0.32,2.19,27.3,68.5,18.5,741.0,10.48,309.4,0.0028,0.0825,0.341,0.784,2,3,2,1,0,0.0106
0.03,0.08,0.12,0.18,0.21,0.41,0.64,0.03,0.34,18.3,48.6,51.6,3005.7,6.2,112.0,0.0001,-0.0731,0.288,0.358,1,2,3,2,0,0.012
0.09,0.16,0.2,0.3,0.43,0.72,1.37,0.11,0.67,16.2,78.9,20.0,779.9,10.23,0.5,0.0318,-0.0182,0.382,0.721,2,3,5,1,0,0.0035
2.54,4.53,5.82,7.46,10.15,18.71,34.12,3.39,16.76,18.8,49.6,14.8,1026.8,35.26,84.3,0.0788,-0.0896,0.45,0.717,5,6,4,1,0,0.1963
1.14,2.3,4.93,8.86,12.3,22.52,34.97,1.39,18.68,19.9,65.9,12.2,2101.6,9.3,32.2,0.0756,-0.0418,0.456,0.711,2,4,3,2,0,0.0466
0.58,1.28,2.55,3.61,5.51,7.96,15.05,0.66,7.68,23.9,75.5,6.5,3846.6,19.17,33.3,0.0296,0.0876,0.369,0.598,4,1,4,2,0,0.0302
1.54,3.56,7.13,9.68,12.08,27.42,51.18,2.11,23.88,29.0,71.2,47.1,928.6,6.05,249.4,0.0258,0.0149,0.414,0.66,3,4,2,0,0,0.0406
0.71,1.92,2.37,4.01,5.01,8.25,11.63,0.82,6.73,16.5,49.8,7.8,648.6,11.32,77.0,0.0348,-0.0362,0.3,0.709,2,2,2,1,0,0.018
2.57,6.38,12.44,15.84,23.11,52.9,71.6,2.64,39.21,-0.3,49.3,8.3,3199.8,21.15,336.5,0.0493,-0.0017,0.5,0.349,4,4,1,0,1,0.8204
2.07,4.52,5.55,9.22,12.47,18.13,26.36,2.11,15.49,25.1,67.4,12.8,2127.6,18.93,185.9,0.0649,-0.028,0.425,0.757,7,5,1,1,0,0.1407
0.94,1.59,2.36,4.16,5.83,9.6,17.18,1.35,8.74,9.4,41.9,30.2,3833.9,32.41,165.6,-0.0118,-0.0046,0.24,0.751,7,0,5,2,0,0.0298
0.02,0.03,0.05,0.08,0.11,0.23,0.38,0.02,0.19,31.2,45.1,2.4,658.5,23.53,156.3,0.0659,0.0372,0.311,0.529,4,0,5,0,0,0.007
0.69,1.14,1.82,2.64,3.4,5.54,6.7,0.77,4.25,25.7,85.7,7.6,2730.6,10.48,249.3,0.0171,-0.0166,0.299,0.717,2,2,1,0,0,0.0143
0.72,2.02,2.7,3.21,4.04,5.98,8.29,0.85,4.98,10.0,56.2,8.6,1016.4,16.7,162.8,0.0325,0.011,0.305,0.563,0,0,2,0,0,0.0228
1.35,3.45,7.54,11.99,15.68,37.99,71.77,1.58,32.93,14.8,50.3,14.2,700.6,14.86,46.3,0.0691,0.0118,0.51,0.579,0,3,2,1,0,0.2807
0.26,0.42,0.53,0.89,1.0,1.78,3.45,0.37,1.66,20.8,11.3,16.5,2886.2,4.34,316.9,0.0374,-0.0163,0.179,0.408,1,3,3,2,0,0.0105
1.64,3.11,5.85,8.14,12.29,29.4,35.92,1.97,20.63,30.0,58.0,15.8,2513.8,41.46,154.2,0.0458,-0.0368,0.425,0.715,1,1,2,0,1,0.5921
0.35,0.66,1.32,2.16,2.8,6.95,13.73,0.48,6.15,17.2,80.7,12.9,3182.5,19.41,26.6,-0.0195,-0.0263,0.381,0.358,0,2,2,0,0,0.0592
5.86,11.2,16.55,24.46,32.01,53.68,89.34,6.1,46.96,13.9,62.7,3.7,1334.3,21.31,190.6,0.0749,0.035,0.505,0.757,1,2,4,1,1,0.4924
2.56,3.86,6.21,10.2,15.22,25.12,45.71,3.59,23.04,16.0,73.6,15.4,1909.1,26.83,233.0,0.0348,0.0391,0.481,0.468,0,0,5,1,0,0.1764
0.3,0.62,0.79,1.02,1.23,1.81,3.33,0.36,1.72,2.6,49.2,12.0,1732.7,27.02,99.2,0.0063,-0.0569,0.327,0.518,2,3,2,0,0,0.0511
1.18,3.08,4.8,5.3,6.23,11.61,14.29,1.4,8.66,26.7,56.8,39.7,4134.0,28.53,288.1,0.0551,-0.013,0.415,0.904,0,2,2,1,0,0.0795
0.91,1.49,2.31,4.15,6.46,9.56,15.86,1.13,8.62,26.9,38.3,19.8,1262.8,15.33,241.1,0.1294,-0.0376,0.291,0.506,3,3,2,0,0,0.0303
2.5,3.95,4.86,5.91,9.24,14.05,17.21,3.11,11.05,16.7,93.9,7.1,1273.5,14.32,234.1,-0.0584,0.04,0.483,0.616,1,3,3,1,0,0.043
2.02,4.73,6.92,11.88,17.78,38.84,58.01,2.98,30.44,28.9,43.8,21.6,1521.4,33.06,151.5,-0.0402,-0.0236,0.456,0.4,3,3,1,1,1,0.9485
0.53,1.32,2.81,3.26,3.83,6.78,9.63,0.66,5.44,5.7,85.7,8.9,2393.1,42.0,346.3,0.1343,0.11,0.459,0.846,5,0,2,0,1,0.2628
0.68,1.23,2.32,3.61,5.46,8.08,15.04,0.73,7.69,20.3,89.2,29.0,1097.1,6.03,98.7,0.0213,0.0109,0.402,0.271,0,4,4,0,0,0.0102
0.09,0.25,0.3,0.35,0.54,0.86,1.06,0.1,0.67,24.0,54.7,33.0,3848.5,32.43,208.0,0.0095,0.0591,0.227,0.71,8,3,2,0,0,0.0305
21.53,51.38,88.27,138.53,211.5,307.05,573.03,27.51,294.05,23.7,91.1,14.3,1152.6,16.7,111.3,-0.0058,-0.0507,0.95,0.748,3,3,1,1,1,1.0
2.13,4.52,7.0,8.23,10.7,16.18,22.99,3.04,13.54,27.3,64.2,3.3,3767.6,18.27,268.1,0.0604,0.0006,0.316,0.844,0,1,5,2,0,0.0218
0.81,2.07,4.52,6.88,7.89,17.13,19.78,0.94,11.99,11.9,80.0,20.4,479.4,3.12,17.2,0.1306,0.0308,0.484,0.742,1,0,4,1,0,0.0077
7.01,13.47,28.95,39.17,50.58,116.82,198.35,9.91,96.5,16.2,79.6,9.3,2774.7,19.16,16.5,-0.0333,-0.0517,0.725,0.666,5,4,3,2,1,0.9959
0.22,0.41,0.77,1.13,1.25,3.05,6.09,0.26,2.72,28.3,75.3,14.7,3814.0,13.67,291.9,-0.0048,0.001,0.338,0.528,2,1,1,0,0,0.025
3.32,6.12,7.45,8.46,11.5,28.6,54.35,4.23,24.76,6.9,39.8,5.3,750.3,4.02,156.3,-0.0175,0.0526,0.444,0.354,1,2,4,0,0,0.0357
0.03,0.06,0.08,0.1,0.11,0.2,0.38,0.05,0.18,22.7,60.2,13.6,4068.6,34.76,122.8,0.0366,-0.0164,0.31,0.336,7,2,2,0,0,0.1588
3.67,9.69,18.98,31.25,43.12,55.49,79.1,4.36,48.74,18.6,33.3,25.8,1929.5,21.18,218.7,0.0611,-0.0426,0.438,0.568,4,2,2,0,1,0.7447
0.55,1.1,1.98,3.25,4.31,8.55,10.98,0.64,6.39,25.5,51.4,8.6,3974.7,22.92,252.7,0.081,0.0901,0.321,0.579,3,0,2,0,0,0.042
2.79,7.34,10.52,16.44,20.91,26.98,50.69,2.89,26.74,17.4,86.0,8.8,2858.8,34.61,72.4,0.0383,-0.0586,0.459,0.438,5,1,5,3,0,0.5825
15.75,41.73,54.59,96.36,120.45,253.67,286.17,23.04,177.12,17.3,85.0,16.0,1301.6,27.28,66.8,0.126,0.0078,0.95,0.735,4,0,5,1,1,1.0
27.17,45.38,71.08,111.18,168.41,356.15,695.67,40.55,321.9,26.3,90.9,20.5,831.5,8.31,344.9,-0.0287,-0.0354,0.95,0.425,1,2,3,1,1,1.0
1.13,1.76,3.65,4.9,6.64,9.25,13.28,1.47,7.96,22.2,72.0,9.7,1310.5,30.57,212.3,-0.0417,-0.0468,0.391,0.684,2,6,5,2,0,0.0456
0.75,2.07,3.6,5.66,7.04,15.43,26.69,1.06,12.99,4.1,56.9,25.8,436.0,6.97,140.4,0.0735,0.0371,0.369,0.638,4,1,2,0,0,0.0178
0.44,0.78,1.17,1.58,2.27,3.5,5.06,0.58,2.94,17.2,49.5,32.4,647.1,26.17,288.5,0.0061,-0.0103,0.354,0.303,0,4,1,0,0,0.2027
1.37,2.73,3.51,5.35,7.49,12.7,21.08,1.59,11.07,30.2,66.4,26.0,484.3,46.62,189.1,-0.0688,0.0203,0.396,0.536,0,1,2,1,1,0.8256
0.89,1.49,2.06,3.23,4.07,5.21,7.29,1.04,4.55,23.1,45.6,18.1,1805.2,26.29,87.0,-0.0158,-0.1128,0.266,0.737,0,5,2,1,0,0.0424
1.06,2.89,4.68,6.64,10.58,18.63,25.8,1.43,14.81,16.1,69.9,18.4,3351.7,15.7,74.4,0.0128,0.0252,0.435,0.824,0,2,4,1,0,0.0223
0.93,1.5,2.95,5.27,7.84,12.51,17.8,1.25,10.32,28.1,68.8,24.3,636.7,45.78,142.9,-0.0323,-0.036,0.427,0.445,0,1,1,1,1,0.9739
1.54,3.93,6.63,7.75,11.2,22.72,41.13,2.3,19.88,28.5,78.7,25.2,590.8,21.13,309.6,-0.0507,-0.0939,0.404,0.344,4,3,1,1,0,0.4653
23.24,60.88,101.73,147.99,169.96,263.43,338.39,23.69,209.94,5.9,96.4,11.6,2720.2,10.68,22.1,-0.0104,0.0942,0.95,0.785,4,2,3,0,1,1.0
2.77,7.48,11.05,19.09,22.33,44.76,66.86,3.79,35.72,25.8,90.8,4.1,868.3,13.05,78.7,-0.0532,0.0301,0.572,0.568,0,1,1,1,1,0.5192
2.7,5.67,8.23,11.58,16.08,25.59,35.15,3.45,20.81,12.6,43.4,10.8,455.1,12.8,321.5,0.0318,0.0114,0.326,0.711,3,0,2,0,0,0.0559
0.47,1.05,1.96,2.99,4.66,7.02,8.25,0.66,5.45,29.0,15.6,8.6,742.4,51.37,43.8,-0.0972,0.0625,0.333,0.647,3,0,1,0,0,0.7743
11.76,25.42,48.65,67.49,90.02,194.89,341.91,11.85,165.71,7.2,100.0,11.7,3883.5,26.05,226.7,0.0045,0.0124,0.95,0.635,1,4,3,0,1,1.0
1.29,2.84,6.14,10.86,12.71,20.34,38.54,1.76,19.17,10.0,83.8,26.3,3459.1,26.55,76.9,0.026,-0.0399,0.483,0.516,1,6,5,1,0,0.1048
5.51,10.0,20.99,37.44,51.23,75.56,99.82,6.13,61.78,12.9,76.9,21.1,1519.4,24.24,218.1,-0.0045,-0.0087,0.573,0.845,1,0,4,2,1,0.8684
1.2,2.71,4.84,5.96,9.36,22.89,32.9,1.51,17.22,6.9,58.7,23.6,2771.7,21.99,137.9,0.0547,-0.0339,0.412,0.448,3,2,1,0,1,0.2697
0.18,0.33,0.59,1.04,1.44,3.33,6.31,0.24,2.91,28.7,63.5,27.1,2279.7,14.43,36.6,-0.0685,-0.025,0.371,0.405,1,0,3,2,0,0.0299
3.0,6.79,10.81,15.77,24.0,43.76,83.02,4.22,40.09,27.5,69.3,11.8,2860.1,9.2,209.7,-0.0351,-0.0629,0.54,0.561,1,1,1,0,1,0.3855
9.14,23.51,51.09,76.73,117.36,152.21,265.46,12.51,145.49,11.5,100.0,26.1,2883.1,23.09,245.9,-0.0165,-0.0485,0.95,0.519,0,2,1,0,1,1.0
0.41,0.62,1.3,2.29,2.76,5.22,7.95,0.58,4.26,24.6,52.3,17.0,2659.2,45.05,244.9,0.0356,0.0447,0.287,0.385,6,3,3,0,0,0.2708
1.49,3.91,4.86,7.85,10.74,13.38,16.58,1.5,11.25,10.8,68.3,32.2,1154.3,22.46,229.3,0.0109,0.0166,0.374,0.513,4,0,3,1,0,0.0773
0.38,0.79,1.25,1.92,2.18,4.98,8.14,0.46,4.04,12.3,90.9,6.4,211.9,36.47,180.1,0.1072,-0.0252,0.4,0.652,2,4,1,1,0,0.3817
0.83,1.91,3.05,5.23,6.12,10.71,15.49,0.86,8.69,-1.7,65.3,14.8,1940.6,5.9,187.0,-0.0403,-0.0514,0.449,0.863,7,0,2,0,0,0.0087
0.41,0.74,1.09,1.7,2.22,3.28,4.55,0.54,2.74,13.7,66.1,31.4,3747.5,22.52,228.8,-0.0697,-0.0203,0.312,0.571,1,4,2,1,0,0.043
1.36,3.81,6.26,7.21,8.18,17.95,33.12,1.53,15.63,27.9,44.2,9.6,2413.4,13.9,248.5,0.0895,-0.0842,0.443,0.536,3,3,2,1,0,0.0809
17.21,39.58,65.34,103.71,120.58,170.6,251.59,17.33,147.75,24.2,85.2,4.5,3504.4,10.34,235.8,-0.0715,0.0063,0.95,0.497,1,1,2,2,1,1.0
0.28,0.76,1.51,2.66,3.22,6.77,10.55,0.28,5.46,16.5,49.6,15.5,4165.2,40.07,211.3,0.0342,0.0473,0.338,0.385,1,3,4,0,0,0.1219
0.09,0.23,0.49,0.72,1.05,2.12,3.13,0.1,1.68,27.4,61.1,14.3,729.0,14.96,56.1,-0.0489,0.1183,0.293,0.51,4,0,2,0,0,0.0152
1.31,3.45,5.96,8.81,10.2,14.37,24.91,1.56,13.39,8.9,89.8,20.2,2920.9,26.02,75.8,-0.1035,-0.0552,0.512,0.294,4,0,2,1,1,0.5488
1.36,2.5,3.64,4.72,7.02,14.48,18.74,1.75,10.76,22.0,63.1,22.6,2848.3,17.93,93.7,-0.0187,0.0452,0.471,0.787,1,0,1,4,0,0.2193
0.32,0.76,1.32,1.97,2.72,6.02,10.19,0.41,5.0,15.1,58.0,9.4,4116.8,8.29,331.1,0.045,-0.0354,0.371,0.742,0,1,4,0,0,0.0042
0.0,0.01,0.01,0.02,0.03,0.07,0.11,0.01,0.06,25.6,44.9,7.3,4140.2,27.98,273.4,-0.0611,-0.0564,0.286,0.751,2,0,3,0,0,0.0139
0.22,0.56,0.87,1.13,1.29,2.56,4.57,0.26,2.23,10.5,39.6,13.1,2899.7,15.58,199.0,0.0288,-0.0564,0.293,0.778,4,2,2,1,0,0.0143
0.55,1.51,2.63,4.67,7.0,9.28,14.56,0.61,8.41,17.7,84.8,10.1,1061.0,30.22,90.7,0.0381,0.007,0.332,0.489,0,0,2,0,0,0.1323
1.11,1.97,4.25,6.78,9.06,12.88,18.42,1.54,10.99,-4.8,59.3,5.7,3364.0,11.37,39.9,-0.0636,-0.0465,0.3,0.675,3,0,4,0,0,0.0099
3.25,7.99,13.34,16.71,18.74,29.74,35.79,3.94,22.94,8.3,55.3,19.1,494.2,14.05,323.6,-0.0114,-0.0303,0.484,0.969,5,6,2,2,0,0.1175
0.35,0.87,1.06,1.69,2.56,6.19,9.67,0.52,4.86,4.2,61.4,11.2,3289.9,25.51,321.4,0.0789,-0.022,0.293,0.596,0,4,2,3,1,0.1073
0.36,0.71,0.93,1.3,1.77,2.35,3.24,0.43,2.02,7.9,48.0,12.8,3827.3,11.93,39.9,0.0325,-0.037,0.291,0.698,5,0,1,0,0,0.0135
2.79,4.7,7.52,11.36,14.88,28.49,54.39,3.61,25.93,14.3,69.3,22.5,1638.8,27.73,287.0,-0.0131,-0.0406,0.567,0.834,0,3,5,4,0,0.3113
1.06,2.04,2.79,4.75,6.77,15.97,21.14,1.47,11.64,8.8,29.5,2.8,2667.1,5.11,160.8,0.0208,-0.1215,0.312,0.558,3,3,2,3,1,0.0421
2.9,4.99,7.6,9.5,12.3,21.76,39.58,3.79,19.64,12.5,79.9,23.3,1835.1,9.28,116.6,-0.0343,0.0043,0.451,0.612,4,0,2,1,0,0.0767
4.39,11.63,24.09,34.05,45.42,106.53,161.76,6.57,82.97,20.0,85.1,7.8,1866.7,19.87,266.1,0.0557,0.0034,0.755,0.499,2,1,3,1,1,0.9896
2.74,7.05,13.32,18.74,23.62,38.26,42.52,3.23,28.46,16.4,67.2,9.5,1338.0,26.58,221.2,0.0557,-0.0399,0.44,0.578,1,6,3,0,1,0.2985
3.76,9.37,17.2,27.22,33.72,59.86,80.26,3.88,46.83,28.2,88.6,9.3,3212.8,20.38,280.8,0.006,0.018,0.616,0.347,6,3,2,0,1,0.8904
3.5,8.7,13.86,15.9,21.06,41.59,80.07,4.18,37.79,20.2,85.6,13.4,3935.1,24.94,26.8,0.0115,0.0698,0.589,0.534,0,4,5,2,1,0.4967
0.77,1.55,3.06,3.76,4.95,10.13,13.96,0.82,7.75,14.2,73.2,22.6,3954.1,15.05,114.7,-0.0499,0.0012,0.391,0.733,2,2,2,0,0,0.0204
2.48,6.65,14.61,20.58,23.66,40.46,65.89,2.6,34.87,20.2,78.7,17.6,775.3,4.82,115.0,-0.0676,0.0665,0.49,0.608,2,3,5,1,0,0.0556
0.09,0.22,0.34,0.5,0.62,1.11,1.8,0.12,0.94,23.6,51.9,18.3,3680.2,16.15,118.7,-0.0188,0.1119,0.326,0.532,2,2,4,2,0,0.014
1.72,4.61,8.62,9.74,11.44,22.84,38.69,2.01,19.39,15.2,58.5,26.2,3110.3,16.37,180.9,-0.0044,0.1265,0.384,0.393,2,3,5,0,0,0.0326
0.23,0.49,0.69,0.97,1.23,2.83,5.53,0.26,2.52,25.2,52.8,21.1,1099.3,34.87,101.9,0.0531,-0.0594,0.391,0.761,2,3,2,2,0,0.1542
1.2,2.24,2.91,4.47,6.05,10.07,17.78,1.32,9.08,4.5,95.9,10.2,329.2,27.43,160.0,0.0461,-0.0592,0.514,0.62,1,0,1,3,0,0.5769
5.01,11.75,25.51,30.48,42.17,81.29,130.46,7.46,67.7,10.0,63.0,15.6,1162.2,9.79,132.4,0.0092,-0.0222,0.665,0.585,3,3,2,0,1,0.8503
0.58,1.39,1.95,2.74,4.16,9.09,17.48,0.63,8.1,36.5,47.7,26.6,3835.7,3.93,264.7,0.0595,0.0064,0.389,0.932,0,3,2,0,0,0.0059
1.24,3.0,3.91,6.32,8.49,20.82,37.41,1.68,17.53,10.4,71.2,12.8,2677.7,17.87,217.3,-0.0472,0.0793,0.421,0.665,0,0,1,0,1,0.1147
0.77,1.53,2.58,3.0,3.6,4.88,6.49,0.83,4.1,7.6,58.4,0.6,3042.4,13.84,235.3,0.0539,0.0314,0.332,0.847,2,2,1,1,0,0.0222
1.42,3.09,5.86,8.99,11.96,15.59,20.45,1.78,13.2,24.4,49.0,16.8,1117.2,43.28,75.8,-0.0395,-0.0602,0.334,0.709,2,5,1,0,1,0.5699
0.66,1.08,1.3,1.77,2.8,3.49,6.51,0.83,3.48,25.6,50.8,4.6,3035.5,35.44,117.2,0.062,-0.0306,0.341,0.607,1,7,2,0,1,0.1211
36.05,82.21,131.48,186.1,284.73,420.38,509.09,51.22,332.03,17.4,95.3,6.1,166.7,8.29,7.6,-0.0007,-0.0021,0.95,0.658,2,4,5,0,1,1.0
0.05,0.1,0.17,0.23,0.33,0.62,0.79,0.06,0.47,12.3,67.3,22.9,1607.6,26.99,39.0,-0.0999,-0.0745,0.316,0.665,2,0,3,0,0,0.0178
9.19,16.05,27.18,31.49,40.98,58.15,100.67,12.96,54.05,16.4,89.6,30.8,2651.0,24.76,95.4,0.0365,0.0007,0.672,0.653,1,1,2,3,1,0.9909
0.02,0.04,0.07,0.11,0.13,0.21,0.26,0.02,0.16,21.5,69.6,9.6,656.3,24.26,23.6,0.0405,-0.0594,0.309,0.73,3,0,4,3,0,0.0214
4.94,9.65,13.05,18.24,24.23,34.24,64.09,5.43,33.06,13.8,65.1,13.7,3465.5,64.89,216.9,-0.0228,-0.0825,0.461,0.768,7,3,3,0,1,0.9987
3.99,9.38,17.94,30.29,43.41,101.74,130.06,5.75,73.15,22.5,88.0,24.2,1025.4,18.2,359.3,-0.0186,-0.0473,0.7,0.873,2,4,2,2,1,0.9548
0.53,1.34,2.47,3.98,6.14,14.34,19.29,0.58,10.56,15.0,86.9,9.2,2757.0,28.75,36.3,-0.008,0.0206,0.498,0.618,4,5,1,0,0,0.3468
1.8,3.67,4.52,6.81,10.71,19.29,30.31,2.48,16.15,16.9,41.9,7.9,1731.6,30.9,295.6,-0.0963,0.0202,0.351,0.748,1,5,5,0,0,0.0363
2.96,7.64,13.78,17.44,25.89,42.12,69.31,3.1,36.92,19.6,43.2,15.0,2523.6,23.16,42.8,-0.1182,0.0048,0.489,0.586,4,0,3,1,0,0.4945
0.21,0.36,0.7,1.0,1.42,3.4,5.45,0.24,2.71,-3.7,76.2,13.1,495.9,42.98,241.2,0.0651,0.0496,0.435,0.732,3,0,2,1,1,0.3771
0.66,1.53,2.03,3.34,3.78,7.63,11.61,0.7,6.13,18.5,63.0,6.5,120.2,21.36,231.5,-0.0412,0.0443,0.403,0.678,3,6,2,1,0,0.052
11.19,23.04,45.21,53.45,75.78,106.98,124.62,13.46,84.42,16.1,87.3,2.9,3824.7,30.04,325.0,0.0928,0.0102,0.685,0.541,5,4,4,1,1,0.9981
0.51,1.02,1.48,1.75,2.59,5.83,9.5,0.71,4.74,18.5,57.8,32.4,1169.0,12.77,41.0,0.0685,0.0033,0.333,0.451,1,2,1,2,0,0.0624
13.32,23.93,44.93,56.32,85.7,137.45,244.9,17.91,125.58,0.4,97.6,9.6,3451.7,9.24,113.6,0.0784,0.0065,0.95,0.466,2,2,2,1,1,0.9999
5.25,9.54,17.83,30.67,40.41,93.78,142.64,5.87,73.25,12.3,58.7,24.3,4197.3,25.41,32.7,-0.0325,-0.0074,0.683,0.798,0,2,1,3,1,0.9965
0.44,0.92,1.63,2.37,2.64,5.01,6.8,0.55,3.88,23.5,63.8,10.1,927.4,18.71,146.7,-0.0804,-0.1087,0.248,0.746,3,2,1,2,0,0.0437
0.62,1.62,2.3,4.11,4.84,10.17,12.43,0.77,7.34,10.4,45.8,8.3,1150.5,19.31,328.2,-0.0543,0.0568,0.389,0.65,4,1,3,2,0,0.0418
0.79,1.74,2.57,4.42,5.7,12.11,16.89,1.08,9.24,17.6,53.8,13.1,2800.9,15.93,281.3,-0.0223,0.0199,0.367,0.734,2,2,2,1,0,0.0335
0.05,0.1,0.18,0.22,0.32,0.4,0.78,0.05,0.41,3.6,65.5,11.9,4056.6,29.69,260.2,-0.1187,-0.0608,0.242,0.744,2,3,3,0,0,0.0144
1.75,4.24,5.21,9.32,12.61,27.22,38.98,2.4,20.97,14.5,56.9,9.8,3850.6,21.15,191.9,-0.0238,0.0714,0.415,0.506,3,0,5,1,0,0.0631
0.2,0.38,0.61,0.89,1.26,1.9,3.34,0.22,1.75,14.7,61.4,7.4,2136.9,54.72,318.1,-0.0101,-0.0295,0.304,0.704,0,7,4,3,0,0.3533
11.86,23.66,44.81,76.58,106.09,232.57,317.84,15.78,174.73,12.1,82.3,14.0,3349.7,20.77,161.8,-0.0647,-0.0054,0.95,0.359,1,1,2,1,1,1.0
0.8,2.09,2.51,3.6,5.66,9.06,10.95,0.84,6.98,19.0,61.9,14.4,613.3,23.77,53.9,-0.052,0.0512,0.308,0.403,2,2,2,1,1,0.0982
3.11,4.87,9.45,16.65,24.87,32.87,62.12,4.26,32.45,16.6,46.2,17.6,4106.4,31.65,301.5,-0.011,0.011,0.453,0.874,2,2,3,0,1,0.3729
24.07,52.18,85.1,137.91,207.88,412.87,531.82,32.54,308.93,16.4,98.0,2.1,4052.1,25.31,100.7,0.0178,0.0668,0.95,0.454,2,2,1,1,1,1.0
2.26,4.97,8.39,12.32,17.84,44.35,52.01,2.57,30.33,5.6,72.8,17.9,729.5,9.49,19.3,-0.0445,-0.0176,0.418,0.717,1,0,5,1,0,0.0363
3.21,7.12,10.12,16.09,18.36,22.62,32.7,4.65,20.26,18.8,92.7,10.5,1292.6,17.2,45.4,0.0146,0.0846,0.591,0.541,2,2,5,2,0,0.1152
2.51,6.26,10.1,12.72,20.22,24.71,46.13,3.11,24.79,24.0,63.4,3.7,465.6,12.26,219.3,0.0068,-0.0389,0.5,0.765,6,0,5,1,0,0.041
3.94,8.22,14.03,23.82,27.04,38.91,46.16,5.13,30.73,10.0,90.6,14.9,1177.6,24.61,218.5,0.0023,0.0659,0.588,0.582,0,1,3,0,0,0.4941
0.28,0.72,1.57,2.03,2.59,3.57,4.44,0.31,2.91,17.6,59.0,10.1,3436.2,22.24,93.7,-0.0326,-0.1133,0.35,0.666,3,0,3,1,0,0.0235
3.6,6.98,12.7,19.25,28.95,62.13,108.45,4.53,52.78,28.8,86.7,5.2,1620.0,30.62,261.8,-0.0667,-0.055,0.593,0.543,3,0,3,0,1,0.9262
0.78,1.52,2.79,5.0,6.28,12.45,17.59,0.8,9.71,21.1,69.7,26.4,416.8,32.83,278.5,0.0848,0.0149,0.38,0.692,6,6,2,0,0,0.1324
3.42,9.42,20.7,23.53,33.31,43.55,70.11,3.8,40.07,16.1,68.3,9.7,1470.2,12.25,331.4,0.0315,-0.02,0.502,0.463,3,3,4,0,0,0.2248
1.29,2.47,3.06,3.73,5.77,7.8,11.19,1.38,6.77,25.2,45.5,10.6,4122.7,32.49,210.6,0.0503,-0.0037,0.338,0.447,3,0,1,1,1,0.4066
0.08,0.14,0.29,0.45,0.68,1.5,2.96,0.09,1.35,26.7,69.9,18.2,2663.2,35.15,280.6,-0.0042,0.0021,0.325,0.524,4,6,4,2,0,0.0661
2.3,5.11,10.17,15.73,21.72,32.07,60.13,2.41,30.65,23.9,73.6,13.7,1777.1,10.74,271.1,-0.0082,-0.0595,0.518,0.786,1,0,4,1,0,0.0721
0.04,0.11,0.13,0.21,0.29,0.4,0.72,0.04,0.38,20.0,75.8,5.5,741.1,23.79,92.8,0.0245,-0.0558,0.283,0.515,2,0,1,0,0,0.0485
59.2,148.77,244.29,272.06,328.03,417.48,710.55,83.68,396.82,20.7,77.8,24.2,4142.6,38.58,111.7,-0.0917,0.0116,0.95,0.835,2,0,2,2,1,1.0
0.62,1.27,2.19,3.45,4.83,10.76,16.71,0.78,8.56,9.6,73.2,4.0,3456.5,17.04,172.3,-0.0557,-0.0333,0.39,0.828,2,3,4,1,0,0.0128
1.5,3.23,3.98,7.0,10.12,24.54,35.96,1.91,18.67,9.8,66.9,65.1,1218.1,19.37,6.9,-0.0399,0.0671,0.391,0.806,0,2,5,1,0,0.0242
0.84,2.34,3.86,5.33,7.49,17.18,18.99,1.02,11.66,45.7,64.8,4.5,340.8,23.71,107.1,-0.0227,-0.0096,0.419,0.738,1,0,4,0,0,0.0241
0.76,1.85,3.85,5.56,6.78,8.26,14.15,1.04,7.97,17.2,26.1,9.4,285.0,1.73,170.6,-0.044,0.0359,0.287,0.664,1,0,5,0,0,0.0031
0.84,1.37,1.68,2.67,4.09,6.23,10.02,1.22,5.49,17.1,50.0,2.6,549.6,20.93,38.9,0.0166,0.0221,0.325,0.64,3,2,5,0,0,0.0084
35.6,81.63,165.54,284.13,388.83,875.08,1039.75,48.7,614.8,6.2,88.7,8.8,2460.2,21.69,45.5,0.0041,-0.0301,0.95,0.68,6,3,5,0,1,1.0
1.8,4.91,10.01,16.29,18.71,41.31,71.26,1.98,34.69,20.2,47.4,4.5,3904.4,27.15,166.8,0.0696,-0.099,0.45,0.584,1,4,2,0,0,0.5385
0.34,0.59,0.71,1.26,1.48,2.13,3.35,0.35,1.89,2.9,43.7,9.6,2111.5,27.72,263.1,0.1237,0.0592,0.345,0.555,0,2,2,0,0,0.0545
0.86,2.15,4.53,7.32,11.2,24.66,34.61,0.88,18.74,27.9,62.0,7.4,3548.2,19.0,300.1,-0.0631,-0.0489,0.382,0.712,8,3,3,0,0,0.0418
5.25,10.71,20.52,26.69,33.46,53.77,70.23,7.52,42.71,12.2,52.1,16.3,1900.4,45.27,196.7,0.0074,-0.0202,0.467,0.819,3,3,1,0,1,0.9861
3.94,6.65,14.23,24.57,33.92,84.29,141.15,4.72,68.23,37.2,67.2,19.5,2990.6,12.22,170.9,0.0073,-0.0075,0.757,0.293,5,3,3,1,1,0.9272
25.67,66.47,141.52,206.02,274.77,654.74,834.74,26.76,468.54,17.3,81.4,4.8,3087.3,30.13,138.3,-0.0007,-0.0026,0.95,0.862,0,1,3,3,1,1.0
3.26,7.59,11.0,19.17,26.02,60.87,94.85,4.74,48.04,22.2,54.2,16.0,771.9,4.07,69.5,-0.0542,0.0481,0.457,0.45,4,0,4,0,1,0.1621
1.74,2.63,4.52,5.18,7.53,13.61,23.99,2.08,12.04,7.3,65.2,25.4,1549.0,20.11,52.8,-0.0459,0.0003,0.414,0.585,4,3,2,1,0,0.1029
2.57,6.63,11.2,17.4,25.77,48.7,88.29,3.64,43.27,15.7,66.0,1.9,2694.8,3.51,285.1,0.012,-0.0064,0.553,0.776,0,4,3,0,0,0.1059
0.43,0.94,1.8,1.99,3.16,6.59,9.75,0.48,5.19,7.2,46.4,15.3,343.4,20.87,167.4,-0.0473,0.0509,0.33,0.469,0,0,5,0,0,0.0104
0.91,2.1,3.75,4.51,6.55,9.29,13.58,1.02,8.01,18.9,31.6,12.8,1550.4,25.13,284.5,0.008,0.03,0.236,0.911,1,2,2,1,0,0.0324
9.78,21.82,47.22,61.96,77.88,149.84,236.27,14.54,123.79,19.1,75.8,23.1,2269.4,16.18,253.5,-0.0123,-0.0368,0.947,0.72,1,1,3,0,1,0.9996
0.06,0.12,0.2,0.32,0.46,1.01,1.41,0.07,0.76,2.4,86.1,13.3,4184.3,19.78,69.8,0.0071,-0.0574,0.482,0.905,7,0,4,2,0,0.012
0.41,0.69,1.09,1.52,2.11,2.68,5.04,0.6,2.67,10.5,46.3,19.3,2019.3,28.81,183.7,-0.0477,-0.0412,0.314,0.527,2,0,2,0,0,0.0623
0.44,1.08,2.37,3.34,4.57,6.83,11.56,0.53,6.2,19.2,59.4,5.5,3436.6,1.41,159.8,0.0079,-0.0025,0.375,0.67,4,0,1,0,0,0.0086
1.73,4.14,7.42,9.7,10.71,24.45,34.94,1.95,18.6,16.8,76.1,25.5,1843.1,14.61,152.6,-0.044,-0.0623,0.417,0.72,4,2,3,1,0,0.047
0.63,1.65,2.65,4.48,6.74,11.68,14.69,0.78,8.95,22.1,64.5,15.6,3355.0,39.19,195.3,0.008,0.0045,0.441,0.51,2,1,2,1,1,0.6198
0.36,0.84,1.3,2.31,3.63,5.1,10.09,0.42,5.07,7.9,84.2,12.6,2521.0,9.35,353.5,0.067,-0.0065,0.337,0.731,3,2,2,0,0,0.0095
0.02,0.03,0.06,0.1,0.13,0.2,0.4,0.02,0.2,11.0,55.7,21.6,3729.4,13.11,292.6,0.013,-0.1271,0.292,0.774,0,0,5,2,0,0.0047
0.77,1.56,3.26,4.78,5.41,11.56,15.14,0.83,8.57,12.8,74.2,26.0,1755.4,5.01,325.3,0.0161,-0.0703,0.345,0.668,2,2,2,2,0,0.0197
2.21,3.62,4.98,5.63,6.7,13.44,18.13,2.36,10.24,13.8,34.6,4.5,2557.9,14.69,10.7,0.0409,-0.1443,0.249,0.478,7,0,5,1,0,0.0147
1.48,3.37,5.3,6.19,9.9,19.58,26.58,1.85,15.01,14.9,44.7,15.1,2664.6,18.45,50.5,-0.0702,-0.0172,0.387,0.547,0,1,1,0,1,0.125
12.06,21.27,26.92,46.05,65.39,113.02,159.3,13.45,90.97,17.0,79.3,16.8,1782.1,63.61,30.5,0.0859,0.0537,0.676,0.855,2,2,2,0,1,1.0
2.3,6.27,9.24,14.03,18.06,38.83,53.73,2.43,29.46,26.7,83.6,11.2,648.9,24.27,94.8,-0.0528,-0.0945,0.471,0.471,4,3,3,2,1,0.4771
25.74,43.82,92.78,113.79,140.6,306.63,340.45,26.01,210.98,21.5,78.5,10.2,438.3,15.11,159.1,0.044,-0.0661,0.95,0.791,3,4,1,1,1,1.0
0.86,2.22,4.09,6.04,9.62,20.61,37.03,0.94,17.78,20.7,88.6,18.0,119.2,7.05,231.1,0.0373,-0.0082,0.456,0.421,3,0,2,1,0,0.057
0.82,1.87,3.95,6.05,7.22,16.16,26.1,1.13,13.09,14.9,72.2,5.8,3675.2,13.17,180.3,-0.0451,-0.0532,0.477,0.852,5,2,4,1,0,0.0154
27.7,52.66,92.53,157.31,188.03,293.19,343.72,38.38,225.04,17.3,89.2,23.8,1031.4,11.62,325.1,0.0504,-0.0534,0.95,0.857,0,1,4,2,1,1.0
1.6,4.06,8.87,13.86,18.25,43.52,85.96,2.36,38.76,13.7,59.5,9.4,927.8,4.37,338.3,0.0249,0.0271,0.612,0.222,4,3,2,0,0,0.2285
0.46,1.28,2.34,3.37,4.33,7.11,9.97,0.61,5.79,21.4,86.8,5.3,3104.5,9.16,58.9,0.0945,-0.0247,0.409,0.415,5,1,2,1,0,0.0273
1.81,3.06,5.88,8.94,10.58,16.5,30.91,2.08,15.56,23.7,45.1,18.9,1378.1,15.4,307.0,0.0097,-0.0743,0.419,0.679,0,3,3,1,0,0.048
8.02,20.78,42.88,51.18,74.88,153.98,299.68,10.24,139.62,28.9,85.7,11.8,2150.1,16.75,173.4,-0.0054,-0.1044,0.95,0.737,2,3,3,0,1,0.9998
0.09,0.23,0.35,0.45,0.71,1.74,1.94,0.11,1.17,12.7,46.9,13.7,724.4,28.54,163.2,-0.0257,0.1104,0.317,0.552,1,4,1,1,0,0.1204
1.92,4.77,7.14,10.5,12.82,19.65,38.63,2.02,19.05,17.2,49.7,17.3,4032.9,40.14,282.6,-0.0872,0.0564,0.407,0.508,0,7,3,1,1,0.6093
2.38,4.4,6.04,7.55,10.58,15.31,21.97,2.57,13.02,29.3,72.6,4.8,3584.1,16.53,33.5,-0.0159,-0.0226,0.396,0.614,2,6,1,0,0,0.0891
0.67,1.68,3.21,5.74,6.98,8.85,10.53,0.91,7.29,13.7,53.6,15.5,3634.7,30.67,317.7,-0.0138,0.0044,0.376,0.325,3,2,2,1,0,0.3295
4.53,7.26,14.66,21.76,29.28,53.03,85.39,6.72,44.85,16.2,61.6,8.2,1738.1,15.12,241.5,0.0131,-0.0244,0.565,0.674,6,5,1,1,1,0.7512
2.68,4.38,6.96,8.36,12.55,29.83,33.87,3.57,20.32,7.1,35.4,12.5,3213.8,11.0,315.1,-0.0712,0.0255,0.335,0.786,3,0,2,2,0,0.0723
0.46,0.87,1.04,1.82,2.45,5.81,7.97,0.61,4.3,11.7,56.5,24.0,647.1,27.77,358.0,-0.012,-0.0427,0.319,0.23,5,0,2,1,0,0.1895
0.75,1.38,2.9,4.63,7.01,15.46,28.62,1.05,13.47,18.3,62.5,7.7,85.8,14.97,186.5,0.0288,-0.0272,0.398,0.801,0,2,4,3,0,0.0349
3.58,7.59,14.6,16.45,22.81,34.83,63.15,4.99,32.48,10.2,84.0,3.2,132.9,11.91,33.6,0.0338,0.0228,0.553,0.719,1,7,2,3,1,0.4162
2.68,5.99,12.49,16.92,26.92,49.38,97.5,3.63,46.14,17.6,42.6,9.5,2484.4,10.67,59.9,-0.093,0.0727,0.541,0.923,7,3,3,1,1,0.244
2.47,4.67,9.7,13.56,18.54,25.04,28.2,3.47,19.8,10.3,81.0,42.7,1939.9,6.46,116.5,0.0353,0.0371,0.382,0.784,5,1,3,1,0,0.0315
0.2,0.47,0.8,1.18,1.73,3.37,5.38,0.25,2.79,17.7,93.5,12.6,2199.8,19.75,37.3,-0.0123,0.0617,0.364,0.571,1,3,4,4,0,0.0417
0.12,0.18,0.34,0.45,0.55,1.34,1.6,0.12,0.92,20.7,62.1,13.9,81.0,13.55,293.5,-0.0093,-0.0156,0.361,0.439,3,0,2,0,0,0.0169
0.1,0.17,0.36,0.57,0.69,1.51,2.9,0.13,1.35,21.7,48.2,13.9,1804.1,31.3,106.9,-0.1182,-0.0312,0.28,0.728,2,2,5,0,0,0.0082
45.71,89.55,111.38,165.1,211.12,374.25,424.26,50.85,273.52,17.2,84.1,5.8,3030.0,45.67,351.3,0.0747,-0.0969,0.95,0.674,2,0,2,0,1,1.0
3.66,7.36,14.8,16.77,20.3,41.73,80.55,5.32,37.67,27.8,82.2,20.1,1887.2,10.63,252.9,0.0088,0.0036,0.584,0.464,5,0,3,2,1,0.4025
1.14,2.26,3.84,4.43,4.91,9.56,13.11,1.19,7.38,16.5,57.3,41.4,3088.7,7.93,62.4,-0.0766,0.019,0.278,0.712,3,0,3,3,0,0.0205
4.07,6.17,9.59,12.76,15.42,31.67,53.87,4.37,26.78,30.4,77.1,26.9,1017.0,40.77,171.4,0.0188,-0.015,0.495,0.742,1,3,3,0,0,0.6608
0.25,0.69,0.94,1.47,1.98,2.52,3.78,0.31,2.27,14.1,48.5,5.2,3424.5,20.89,168.1,0.0172,-0.0388,0.235,0.847,1,2,4,0,0,0.0052
3.73,9.29,13.24,20.56,29.5,59.66,98.22,4.82,49.79,19.6,96.0,9.3,2492.0,20.46,177.3,0.0611,0.0622,0.639,0.528,1,0,1,0,1,0.9384
0.58,0.88,1.76,2.16,2.98,5.78,8.53,0.75,4.62,22.5,69.5,14.2,924.7,23.09,192.8,-0.0155,0.0316,0.357,0.233,4,2,3,0,0,0.058
1.7,3.32,6.85,11.81,14.11,35.08,61.17,1.9,29.0,17.5,39.8,2.3,1032.4,34.23,11.2,0.0006,0.0656,0.411,0.761,2,4,3,1,0,0.3733
0.84,1.74,3.76,5.5,6.4,8.27,10.41,0.96,6.91,15.9,71.9,11.2,2656.3,34.11,247.1,-0.0321,-0.0477,0.333,0.878,7,7,2,0,0,0.0641
0.54,0.97,1.3,1.96,2.97,5.0,6.92,0.64,4.02,18.1,57.3,10.2,3494.2,27.07,175.4,0.0299,-0.0354,0.33,0.8,4,5,2,2,0,0.0616
2.9,7.8,13.39,22.12,32.93,75.81,99.39,3.5,55.32,18.3,53.4,12.0,1774.9,9.31,284.7,-0.0392,0.0602,0.546,0.654,1,0,1,0,0,0.5644
0.74,1.81,3.84,4.53,5.54,9.58,13.2,1.05,7.63,15.7,33.2,2.0,1121.9,5.56,293.5,-0.0446,-0.0024,0.205,0.368,4,0,3,0,0,0.0103
0.39,1.02,1.45,2.12,2.89,7.19,9.0,0.4,5.06,29.6,43.7,14.2,3648.1,9.37,83.0,-0.0034,-0.0285,0.282,0.86,2,0,1,2,0,0.0198
0.25,0.6,0.87,1.38,1.99,2.58,4.26,0.34,2.41,14.6,78.0,16.4,2827.5,6.8,17.4,-0.0613,-0.025,0.366,0.855,1,2,4,1,0,0.0037
0.29,0.57,1.0,1.24,1.8,2.22,3.33,0.43,2.02,10.6,56.2,9.4,1909.6,28.82,253.2,0.0801,-0.0006,0.311,0.744,2,3,2,1,0,0.0465
7.28,15.42,27.31,33.36,44.29,95.47,139.27,10.08,74.19,20.0,81.7,16.0,2074.8,13.0,352.0,0.0964,0.0501,0.755,0.314,7,0,3,1,1,0.974
0.08,0.13,0.18,0.32,0.43,1.05,1.97,0.12,0.91,7.6,31.4,17.0,897.7,26.75,160.8,-0.0227,-0.008,0.306,0.811,2,6,1,0,0,0.0346
0.12,0.24,0.42,0.68,0.92,1.16,1.91,0.16,1.09,26.2,64.8,28.3,2651.2,19.19,93.5,-0.0693,0.0395,0.293,0.839,3,4,1,1,0,0.0236
0.9,2.29,4.84,5.41,7.48,15.75,25.03,0.96,12.81,17.2,47.1,11.8,1538.8,12.88,56.4,0.0168,0.0234,0.397,0.379,2,2,2,2,0,0.0973
1.81,4.48,7.98,11.03,14.71,26.21,44.74,2.41,22.89,20.5,88.7,8.9,4181.9,10.76,103.5,-0.0241,-0.0439,0.448,0.367,2,2,4,2,0,0.0959
1.75,4.42,8.77,10.77,14.45,26.8,44.47,1.96,22.88,8.2,73.8,7.4,2042.8,12.34,118.1,0.0587,-0.044,0.358,0.444,4,2,2,0,0,0.0908
3.45,6.38,12.6,16.65,25.14,53.3,89.84,4.52,44.59,13.0,54.8,17.5,2066.4,8.01,152.6,-0.0394,-0.0225,0.502,0.507,4,2,2,1,1,0.3979
1.06,1.72,2.73,3.56,4.28,6.38,10.64,1.48,5.75,18.7,75.7,11.5,2398.3,46.34,235.9,0.0272,-0.0668,0.318,0.278,0,5,4,0,0,0.3467
43.82,91.93,182.76,328.88,437.85,821.77,1113.18,48.09,636.98,25.5,78.7,9.6,3854.5,17.98,98.3,0.0057,-0.0257,0.95,0.746,1,0,1,0,1,1.0
6.72,14.28,28.96,51.64,74.59,154.91,269.02,9.66,132.09,16.6,88.5,4.5,3373.4,19.21,18.4,-0.0338,0.0757,0.95,0.525,2,3,2,0,1,1.0
0.24,0.55,0.9,1.05,1.44,2.05,3.19,0.35,1.81,21.5,52.5,2.5,1922.2,18.92,134.4,0.012,-0.0016,0.314,0.702,1,0,4,1,0,0.0094
1.68,2.72,5.41,6.87,8.57,14.66,26.37,1.72,13.26,5.0,69.3,9.9,3032.6,28.42,308.0,0.0439,-0.0383,0.383,0.662,4,2,1,0,0,0.2286
1.8,2.79,6.12,10.07,11.58,21.02,29.44,2.39,16.67,26.5,49.2,31.5,2482.9,11.64,179.4,0.0043,0.0958,0.334,0.681,0,3,2,0,0,0.0351
0.32,0.8,1.46,2.25,3.22,4.16,6.54,0.41,3.8,17.8,57.3,25.5,2093.3,35.17,347.3,0.0049,-0.0465,0.426,0.777,4,0,3,0,0,0.0611
0.08,0.2,0.29,0.33,0.48,1.19,2.12,0.09,1.0,16.0,30.6,11.0,848.1,15.83,181.3,-0.0436,-0.0481,0.311,0.789,3,0,5,0,0,0.0029
0.31,0.56,1.14,1.29,1.46,1.76,2.48,0.41,1.57,23.3,54.1,20.7,1975.3,15.47,99.3,0.0572,0.0615,0.29,0.697,1,0,2,1,0,0.016
2.37,6.13,8.09,9.84,14.38,19.25,33.46,2.9,18.21,16.4,43.5,16.4,1070.1,38.11,69.6,0.0522,0.0331,0.396,0.707,1,1,2,2,1,0.6165
2.7,5.27,8.95,12.56,19.0,39.3,70.05,2.75,33.98,23.9,84.4,14.7,3846.6,11.53,250.0,-0.0205,-0.0065,0.632,0.402,0,3,5,0,0,0.0989
17.15,36.42,76.41,130.33,201.69,254.67,405.83,23.41,235.72,21.0,79.4,4.4,1441.9,23.86,193.1,-0.0062,0.0416,0.95,0.367,1,7,3,0,1,1.0
1.1,1.83,3.38,4.6,7.33,17.75,22.88,1.65,12.72,27.8,68.3,11.2,4001.9,18.83,217.4,0.0707,0.015,0.363,0.798,3,1,1,1,0,0.0773
0.09,0.24,0.52,0.68,0.95,2.32,4.51,0.12,2.04,20.9,51.5,11.0,2262.2,12.83,271.8,-0.0567,-0.0593,0.312,0.87,2,0,2,0,0,0.007
0.32,0.79,1.26,1.65,2.62,4.78,7.28,0.43,3.93,26.5,80.4,2.8,2670.9,25.98,261.3,0.0302,-0.1199,0.426,0.666,3,2,3,0,0,0.032
1.25,2.27,3.93,6.05,8.31,16.28,30.55,1.82,14.62,20.6,37.7,25.0,2303.2,8.88,15.6,-0.0279,-0.0284,0.444,0.839,2,0,1,1,0,0.0415
0.4,1.09,1.7,2.31,3.32,7.79,14.93,0.55,6.84,27.4,58.5,19.5,586.9,12.77,288.9,0.0889,0.0542,0.4,0.411,0,0,3,2,0,0.037
10.94,21.83,40.48,57.45,82.96,124.23,145.18,15.38,96.39,19.7,82.0,11.6,1609.7,20.1,191.8,0.0032,-0.0214,0.713,0.645,2,2,3,1,1,0.9981
3.3,6.78,10.2,14.13,20.76,36.21,53.7,3.53,29.75,15.7,75.1,21.1,461.5,42.71,141.0,0.063,0.023,0.326,0.681,4,5,3,1,1,0.6271
0.4,0.68,1.0,1.37,2.04,4.79,7.04,0.42,3.67,25.2,56.6,27.5,2635.3,40.63,193.5,-0.0381,0.0092,0.336,0.697,1,5,2,1,0,0.1992
18.94,38.92,75.48,91.71,126.75,211.11,323.15,27.48,177.93,23.0,87.0,4.8,1904.5,24.06,220.5,-0.0624,-0.0847,0.95,0.876,3,0,2,2,1,1.0
0.82,2.28,4.95,8.66,12.85,30.92,39.37,1.2,22.07,20.0,14.9,23.9,3278.6,16.04,53.8,-0.0117,-0.0203,0.336,0.65,0,0,5,1,0,0.0279
1.84,3.79,5.19,6.2,7.61,15.9,30.88,2.04,14.36,13.7,44.5,17.2,965.0,4.69,150.3,0.0131,0.0179,0.365,0.652,0,2,2,1,0,0.0247
0.66,1.59,3.3,5.0,6.79,14.69,18.14,0.94,10.58,13.8,82.8,17.6,732.9,30.85,120.8,-0.0255,-0.0394,0.444,0.857,2,1,1,1,0,0.2336
1.38,3.84,8.2,9.36,11.12,22.83,27.55,2.05,16.49,26.9,85.0,10.0,1736.3,33.25,126.1,0.0379,-0.0181,0.494,0.566,2,3,5,0,0,0.1059
1.6,3.7,7.29,8.95,11.75,25.62,34.04,1.81,19.03,18.9,41.7,15.3,3895.3,23.87,32.9,-0.0105,0.0196,0.354,0.413,4,2,1,4,1,0.654
0.2,0.37,0.59,0.78,1.02,2.35,2.75,0.21,1.63,20.2,64.1,24.2,2998.3,16.47,57.5,-0.1041,0.0036,0.288,0.364,2,0,4,0,0,0.0096
3.23,6.29,7.94,9.82,10.94,26.57,38.83,3.69,20.18,19.2,66.2,4.0,1788.5,29.38,58.3,0.0276,0.0523,0.448,0.793,0,1,4,0,0,0.0868
0.65,1.18,1.45,1.99,2.46,3.61,4.71,0.86,2.94,14.8,33.9,17.4,2196.7,18.53,134.4,-0.0441,0.0192,0.31,0.57,3,6,2,0,0,0.0226
2.32,6.34,11.38,18.05,26.2,64.73,99.06,3.38,50.12,7.0,42.4,18.8,399.5,17.29,322.0,-0.0181,-0.0478,0.553,0.751,2,2,3,1,1,0.4863
1.21,3.21,6.38,9.91,13.14,29.78,48.05,1.6,24.06,10.7,38.0,32.2,4136.0,6.8,74.2,0.0777,-0.0239,0.508,0.228,1,4,1,0,1,0.1514
19.94,46.41,69.83,103.68,161.91,303.68,474.44,22.01,251.2,11.2,95.1,8.0,2815.6,28.55,149.8,0.0886,0.001,0.95,0.511,4,2,4,0,1,1.0
16.24,26.03,42.82,56.2,73.2,127.05,241.11,18.96,117.66,25.5,86.1,26.0,1234.4,20.51,112.2,-0.0288,0.0669,0.95,0.87,0,3,4,0,1,0.9995
38.83,98.2,142.45,240.97,320.4,560.48,1066.94,48.56,518.99,12.9,85.8,37.5,2481.1,40.52,283.5,0.0289,-0.0237,0.95,0.419,6,0,1,1,1,1.0
0.48,1.22,2.45,4.17,6.2,12.32,20.14,0.52,10.29,24.3,83.5,21.7,504.4,13.38,18.0,-0.0276,-0.0866,0.451,0.401,1,3,2,2,0,0.0905
0.35,0.86,1.72,2.16,2.47,5.22,8.22,0.47,4.22,32.6,53.0,6.2,4058.2,11.07,70.8,-0.0143,0.022,0.363,0.733,2,4,5,1,0,0.0048
0.48,0.83,1.6,2.84,4.44,9.3,13.47,0.66,7.25,23.6,69.1,28.6,775.4,33.07,75.8,-0.0303,-0.0378,0.354,0.351,6,0,5,0,0,0.0463
2.44,4.55,9.31,11.31,15.24,22.86,39.36,3.08,20.89,11.0,65.9,16.1,2739.3,36.92,357.5,-0.0862,-0.0643,0.405,0.393,4,0,5,2,1,0.3986
13.5,34.5,46.75,59.89,87.97,169.04,218.59,17.53,127.7,13.5,77.0,21.1,1068.6,19.18,205.5,0.0048,0.0009,0.903,0.679,0,2,3,0,1,0.9999
1.5,3.11,5.13,8.25,11.99,22.75,30.53,1.7,17.52,15.9,59.0,22.4,3027.9,30.09,50.0,0.0144,0.0486,0.33,0.891,2,3,1,2,0,0.2716
0.65,1.19,2.4,3.85,4.82,7.06,11.26,0.75,6.27,31.4,34.8,5.6,3273.8,15.8,98.0,-0.0336,-0.0287,0.32,0.547,1,3,2,0,0,0.0249
24.43,57.04,122.98,155.61,248.94,427.84,703.13,26.52,369.87,12.2,89.9,6.4,2844.7,16.3,60.4,0.0544,0.0248,0.95,0.539,2,3,3,1,1,1.0
0.36,0.82,1.64,2.39,2.68,5.28,9.22,0.45,4.56,18.5,42.2,8.0,2600.2,23.94,44.9,-0.0218,0.0341,0.36,0.713,3,3,2,0,0,0.0332
4.6,10.01,20.96,23.45,36.7,86.93,170.72,5.43,77.26,5.5,92.9,13.6,3753.7,16.18,287.0,-0.0319,0.0396,0.844,0.797,2,2,4,1,1,0.9113
8.79,17.11,20.86,31.35,36.01,59.4,67.95,9.87,44.44,21.9,98.4,7.1,376.3,21.99,178.5,0.0263,-0.0366,0.571,0.675,0,2,4,0,1,0.5458
0.34,0.85,1.66,2.9,3.64,5.57,9.33,0.35,5.0,13.6,30.1,5.9,1423.3,20.22,227.2,-0.0771,-0.0561,0.277,0.729,2,0,4,1,0,0.0117
1.01,2.27,3.04,3.72,5.76,7.62,11.86,1.29,6.89,26.8,50.0,8.6,1080.4,9.52,119.3,0.0453,-0.0492,0.323,0.655,0,0,2,1,0,0.0192
0.25,0.66,1.29,1.43,1.73,3.44,5.0,0.26,2.72,10.4,68.6,7.2,4150.3,21.92,199.3,-0.0201,0.0395,0.301,0.77,1,2,3,0,0,0.0112
10.54,27.19,34.58,56.92,64.43,139.56,164.94,14.36,98.67,9.5,88.6,8.6,1666.0,9.71,92.7,0.0495,0.0334,0.798,0.428,2,3,1,0,1,0.9978
0.95,2.6,3.89,6.85,10.02,14.61,25.25,1.24,13.47,9.9,55.7,7.9,3090.3,28.81,110.9,0.0644,-0.0479,0.333,0.821,3,4,2,0,0,0.0781
4.5,11.09,20.88,27.0,33.59,67.25,118.49,5.33,58.19,25.2,79.8,4.9,2891.6,33.38,234.8,0.032,0.1066,0.639,0.787,2,3,4,1,1,0.9241
0.25,0.41,0.57,0.99,1.28,3.16,3.94,0.33,2.22,20.1,60.2,8.2,930.1,17.39,54.1,-0.0406,-0.0538,0.304,0.647,0,2,4,0,0,0.0066
1.03,2.04,4.05,5.75,7.61,15.94,27.53,1.34,13.53,28.7,80.0,13.3,1041.8,42.86,222.2,-0.0625,0.05,0.427,0.727,6,1,2,1,1,0.5915
0.33,0.81,1.05,1.73,2.5,4.94,5.6,0.41,3.51,10.5,52.0,8.9,1217.3,36.55,306.8,-0.0717,0.076,0.358,0.457,3,2,5,0,0,0.0377
1.86,3.12,6.33,8.3,12.17,15.6,19.33,2.73,12.99,12.0,73.6,31.2,1756.2,22.12,43.4,0.0551,0.0055,0.381,0.889,1,0,2,1,0,0.0699
0.83,1.98,3.51,6.14,7.78,19.3,24.76,1.23,13.74,9.7,39.6,5.8,1022.4,16.36,323.1,-0.0067,-0.0385,0.401,0.588,7,2,3,1,0,0.0438
1.25,2.4,2.93,3.37,5.23,9.45,18.61,1.74,8.85,10.3,56.1,9.3,131.6,31.84,28.6,-0.03,-0.0374,0.347,0.832,5,0,4,2,0,0.0538
1.44,2.61,3.79,6.5,7.85,14.54,23.26,2.06,12.2,27.6,57.8,9.6,3699.5,43.28,125.6,-0.0066,-0.0131,0.358,0.716,0,0,3,1,0,0.301
4.44,9.8,16.48,22.0,32.55,72.76,113.21,5.34,57.89,21.0,66.1,14.9,4057.3,23.09,219.8,0.054,0.054,0.551,0.615,3,3,2,1,1,0.9183
4.07,6.58,12.12,13.37,19.54,35.25,69.9,6.02,33.13,22.8,83.4,11.7,1467.5,47.05,201.4,0.0389,-0.06,0.517,0.762,2,0,2,0,1,0.9722
6.11,14.68,27.51,35.99,48.99,90.99,113.13,7.44,68.18,13.3,95.8,11.0,1454.8,14.35,34.7,0.0219,-0.0919,0.652,0.665,0,2,1,0,1,0.9445
3.39,6.88,14.42,24.05,38.14,86.54,171.04,4.81,77.75,17.8,23.7,39.7,79.4,27.32,287.6,0.0319,0.0181,0.625,0.428,1,3,1,1,1,0.9992
3.01,6.85,11.22,13.1,17.47,25.81,33.83,4.42,21.02,17.4,85.2,26.3,2873.0,19.07,350.3,0.009,0.0291,0.48,0.828,2,4,2,0,0,0.1167
3.18,5.13,6.22,9.73,14.88,21.61,36.67,4.36,19.78,15.4,61.7,1.9,3475.6,10.75,65.2,0.0151,0.0984,0.485,0.674,1,0,3,1,0,0.0623
0.08,0.16,0.24,0.4,0.46,0.73,1.3,0.08,0.67,17.1,56.4,24.7,658.4,15.13,322.2,0.0111,-0.0691,0.366,0.687,4,0,4,1,0,0.0072
0.59,1.5,1.94,2.55,3.31,6.31,7.0,0.85,4.49,13.4,41.6,4.3,712.6,33.29,200.5,-0.0,-0.0067,0.223,0.598,0,4,2,0,0,0.0597
22.06,53.44,108.92,153.23,185.01,373.42,657.26,23.34,322.43,18.4,91.4,5.8,3328.8,17.92,336.9,0.0377,0.0581,0.95,0.349,6,1,4,0,1,1.0
4.03,8.87,11.97,13.27,20.29,45.55,70.88,5.87,36.21,27.1,85.6,3.9,2607.6,13.98,63.4,0.0181,0.006,0.533,0.221,4,5,3,2,0,0.5799
0.65,1.13,1.76,2.2,2.89,4.8,7.52,0.96,4.09,27.0,38.0,7.8,236.2,37.51,285.1,-0.044,-0.0098,0.325,0.264,3,0,3,2,0,0.3575
0.31,0.71,0.96,1.18,1.61,2.38,3.3,0.43,1.98,16.4,75.5,14.0,2633.6,32.77,21.5,0.0264,0.0395,0.278,0.658,1,2,2,1,0,0.0704
0.35,0.83,1.42,2.4,3.44,5.97,11.43,0.5,5.55,15.2,65.5,17.4,1332.0,15.49,318.0,0.0124,-0.03,0.372,0.539,3,0,2,0,0,0.0253
0.71,1.57,2.19,3.78,4.93,7.02,8.93,0.73,5.71,20.8,43.1,33.1,1580.2,48.3,242.7,0.0306,0.0426,0.315,0.727,2,2,4,0,0,0.1037
1.36,3.37,6.62,9.78,12.52,19.43,28.0,1.54,16.24,27.8,52.7,24.6,3244.4,18.41,133.3,-0.0052,-0.0627,0.433,0.493,3,5,2,1,0,0.1485
1.71,3.41,5.76,8.69,11.02,14.19,16.15,2.28,11.44,16.0,56.7,4.3,3415.4,23.15,68.6,0.0406,-0.076,0.347,0.438,1,3,2,0,0,0.1149
2.22,4.48,7.59,8.71,12.94,16.77,25.12,3.18,15.0,36.1,100.0,9.7,1711.5,20.07,294.0,-0.0031,-0.0137,0.516,0.125,4,3,5,0,1,0.0922
5.96,16.24,34.94,52.01,82.88,122.01,234.84,8.64,118.22,21.7,67.7,10.4,3980.7,11.77,217.2,0.0362,-0.1282,0.944,0.326,0,0,5,1,1,0.9987
0.06,0.17,0.25,0.33,0.41,0.67,0.89,0.08,0.53,18.9,55.4,22.0,1736.8,17.61,129.7,-0.0228,0.0042,0.244,0.6,3,6,1,1,1,0.0285
5.88,10.21,16.13,22.06,31.7,76.91,138.98,6.78,65.07,27.3,66.3,31.1,3253.1,18.9,159.8,-0.0194,-0.0866,0.729,0.692,4,3,3,1,1,0.9137
0.47,0.85,1.53,2.19,3.37,6.16,6.99,0.56,4.47,13.8,76.1,4.5,2058.1,5.74,297.6,0.0301,0.0141,0.33,0.552,3,0,3,0,0,0.0064
3.34,7.48,11.53,17.39,27.68,37.76,69.39,4.03,36.48,23.7,50.9,29.0,3774.8,22.52,122.0,-0.0166,0.0093,0.499,0.856,0,0,2,0,0,0.4045
3.18,7.08,14.37,20.97,29.13,42.0,58.03,4.12,35.2,19.8,84.6,6.6,3817.2,30.6,32.3,0.1103,-0.0034,0.44,0.65,1,0,2,0,1,0.6798
0.99,1.59,2.78,3.3,3.93,6.04,6.98,1.35,4.63,7.8,57.3,11.2,412.8,9.79,328.1,0.0283,0.0218,0.417,0.554,2,0,3,1,0,0.0148
2.09,5.61,6.74,9.72,13.34,31.7,44.38,2.13,23.69,8.1,79.2,4.1,3936.4,27.72,139.4,0.0012,0.0102,0.503,0.081,1,6,2,0,1,0.8674
1.64,4.11,6.25,8.09,11.55,19.32,31.02,2.2,16.63,16.0,69.9,31.7,3476.0,34.2,125.4,0.041,-0.0147,0.441,0.833,0,1,2,0,0,0.246
2.59,6.56,11.15,19.1,25.59,61.79,119.66,3.52,54.32,12.9,74.4,25.1,3333.9,1.87,73.6,-0.024,0.0916,0.621,0.484,0,1,4,0,0,0.1917
12.17,29.21,57.85,70.19,88.0,115.08,160.63,16.31,99.73,7.1,95.2,19.4,883.8,17.77,323.1,0.0462,0.0197,0.747,0.627,4,2,2,0,1,0.9992
0.62,1.06,2.05,3.19,4.01,9.32,13.38,0.87,7.08,16.4,49.6,10.8,3391.2,47.85,78.3,0.0448,0.0386,0.267,0.69,0,2,3,2,0,0.2677
0.81,1.6,2.99,4.97,7.46,13.37,23.06,1.21,11.72,22.3,60.8,3.3,3578.1,22.22,229.2,0.0627,0.0537,0.376,0.712,6,0,4,0,0,0.0219
16.79,32.31,65.71,76.04,120.37,284.39,317.87,19.8,192.7,12.3,83.0,10.9,1250.0,5.55,317.1,-0.022,0.0334,0.95,0.788,2,0,5,1,1,1.0
0.51,1.41,2.0,2.98,4.3,9.32,16.16,0.55,7.87,20.7,74.9,7.5,4001.9,8.67,12.6,-0.0611,0.1031,0.353,0.609,4,0,3,0,0,0.0095
5.13,8.46,14.04,17.76,23.58,36.31,41.2,7.29,27.63,18.7,57.3,20.7,256.9,22.77,298.4,-0.0305,0.0083,0.458,0.587,0,2,3,0,0,0.2907
0.84,1.87,3.25,4.0,5.04,8.59,16.76,0.86,8.1,23.4,72.8,40.6,672.1,26.95,147.8,-0.0141,-0.0003,0.431,0.458,6,1,4,0,0,0.0503
1.88,4.69,10.2,12.93,15.26,32.45,64.73,2.04,29.64,14.1,66.8,5.7,2281.0,19.85,236.9,0.0834,-0.0325,0.39,0.466,0,6,1,1,1,0.4911
0.56,1.13,2.47,3.29,4.11,6.18,10.95,0.83,5.72,21.6,45.6,16.9,2439.5,22.04,134.1,0.1098,-0.0128,0.34,0.474,0,2,3,1,0,0.0441
1.91,4.17,7.07,11.93,13.22,27.57,41.23,2.76,21.83,20.1,94.4,3.4,2727.4,20.17,250.4,0.0172,-0.0366,0.486,0.746,0,2,1,0,1,0.2155
0.97,1.67,2.24,2.95,3.74,7.25,9.14,1.15,5.4,7.3,64.9,7.7,120.4,13.21,91.5,0.0005,0.0339,0.339,0.697,0,6,3,1,0,0.0139
2.33,4.13,8.62,15.43,18.36,30.15,34.34,3.32,22.55,16.6,64.7,8.4,4035.5,20.2,7.9,-0.0175,-0.0456,0.342,0.482,2,2,4,1,0,0.1027
0.76,1.84,2.25,2.49,2.77,5.81,10.73,0.83,5.11,20.4,64.4,12.1,235.0,7.19,341.2,0.0412,0.0037,0.334,0.77,4,2,1,2,0,0.0219
5.0,12.21,20.18,33.8,39.2,94.31,169.33,7.26,79.63,25.4,52.3,39.5,643.7,15.91,5.9,0.1094,0.028,0.77,0.636,1,1,4,0,1,0.9181
0.31,0.68,1.15,1.39,2.16,5.13,9.89,0.37,4.51,34.2,73.9,7.6,108.2,25.95,296.7,0.0893,0.0075,0.4,0.66,3,3,1,1,0,0.129
14.43,38.62,52.02,85.28,105.42,200.05,268.05,16.32,153.92,15.6,89.6,6.1,2402.5,11.34,60.9,0.0569,-0.0448,0.95,0.561,4,1,1,1,1,1.0
0.27,0.53,0.84,1.3,1.77,3.8,5.61,0.38,2.97,16.0,65.1,32.1,3918.9,16.72,141.2,0.0562,0.0349,0.425,0.476,6,2,4,1,0,0.0165
0.46,1.12,2.1,3.17,3.89,6.65,12.76,0.51,6.21,16.4,57.5,7.2,2813.7,20.98,296.1,0.0416,-0.0043,0.344,0.451,0,2,1,0,0,0.0878
1.1,2.68,5.1,6.36,9.07,13.64,19.54,1.25,11.47,9.6,55.6,13.0,3464.0,46.37,74.1,-0.0024,-0.1436,0.404,0.339,0,2,3,2,0,0.8859
0.29,0.61,1.2,1.92,2.26,4.63,6.23,0.37,3.51,20.4,66.4,7.0,105.1,32.65,311.7,-0.0368,-0.0492,0.41,0.84,0,4,2,1,0,0.0864
35.88,92.46,163.97,237.42,314.39,491.81,799.72,45.32,432.92,19.1,85.1,10.4,2299.4,7.01,179.2,-0.001,0.0701,0.95,0.578,2,2,2,0,1,1.0
2.82,6.16,9.19,16.05,19.45,30.37,46.34,3.32,25.99,13.3,78.2,8.4,1957.2,52.29,131.8,0.0211,0.0742,0.461,0.864,2,0,3,3,1,0.9401
0.68,1.58,1.91,2.4,3.29,7.07,9.08,0.89,5.19,22.8,78.7,30.0,2120.7,38.89,238.5,-0.0727,0.0263,0.393,0.631,2,2,1,0,0,0.429
1.86,2.9,5.24,8.95,10.28,24.1,45.59,2.07,21.02,7.6,76.6,7.0,349.7,21.73,122.9,-0.0076,0.0392,0.405,0.95,1,6,3,1,0,0.0627
21.69,51.99,91.66,148.49,206.92,386.36,647.06,24.49,330.78,7.4,88.4,9.9,2890.4,29.79,125.0,-0.0413,-0.0389,0.95,0.6,3,3,5,0,1,1.0
2.06,4.83,8.85,10.32,15.12,19.03,25.54,2.42,16.43,23.0,52.9,7.3,2138.4,12.32,264.1,0.0507,-0.013,0.405,0.401,1,1,4,1,0,0.0468
0.46,1.22,2.6,3.83,5.07,10.78,18.0,0.56,8.97,20.2,60.3,41.7,3225.4,18.95,111.5,-0.0275,0.0618,0.266,0.754,2,7,4,0,0,0.0097
0.16,0.26,0.38,0.6,0.95,2.06,4.04,0.21,1.86,24.7,86.3,14.3,2064.0,11.88,72.3,0.0164,0.0213,0.355,0.941,0,1,2,2,0,0.0123
1.11,1.94,3.69,4.27,5.15,12.47,15.75,1.33,8.86,24.5,31.9,16.9,669.9,26.8,290.8,-0.035,0.0032,0.202,0.508,2,7,3,0,0,0.0352
